irtifa_ft,agirlik_lb,sicaklik_C,devir_rpm,tork_ftlb,yakit_pph,hiz_ktas,guc_ayari,pdf_sayfa,irtifa_m,agirlik_kg,tork_Nm,yakit_kg_s,hiz_m_s,guc_shp,guc_kW,basinc_Pa,yogunluk_kg_m3,isa_sapma_C,ozgul_yakit_lb_shp_h
2000,8750,46,1900,1232,343,153,maks_seyir_ve_en_iyi_menzil,300,609.6,3968.9,1670.4,0.04322,78.71,445.7,332.4,94213.0,1.0284,35.0,0.77
2000,8750,46,1750,1320,343,152,maks_seyir_ve_en_iyi_menzil,300,609.6,3968.9,1789.7,0.04322,78.2,439.8,328.0,94213.0,1.0284,35.0,0.78
2000,8750,46,1600,1410,343,151,maks_seyir_ve_en_iyi_menzil,300,609.6,3968.9,1911.7,0.04322,77.68,429.6,320.4,94213.0,1.0284,35.0,0.798
2000,8750,40,1900,1369,362,160,maks_seyir_ve_en_iyi_menzil,300,609.6,3968.9,1856.1,0.04561,82.31,495.3,369.3,94213.0,1.0481,29.0,0.731
2000,8750,40,1750,1464,362,159,maks_seyir,300,609.6,3968.9,1984.9,0.04561,81.8,487.8,363.8,94213.0,1.0481,29.0,0.742
2000,8750,40,1750,1460,361,159,en_iyi_menzil,300,609.6,3968.9,1979.5,0.04549,81.8,486.5,362.8,94213.0,1.0481,29.0,0.742
2000,8750,40,1600,1563,362,157,maks_seyir,300,609.6,3968.9,2119.1,0.04561,80.77,476.2,355.1,94213.0,1.0481,29.0,0.76
2000,8750,40,1600,1540,359,156,en_iyi_menzil,300,609.6,3968.9,2088.0,0.04523,80.25,469.2,349.9,94213.0,1.0481,29.0,0.765
2000,8750,30,1900,1590,393,169,maks_seyir,300,609.6,3968.9,2155.8,0.04952,86.94,575.2,428.9,94213.0,1.0827,19.0,0.683
2000,8750,30,1900,1400,363,160,ara,300,609.6,3968.9,1898.1,0.04574,82.31,506.5,377.7,94213.0,1.0827,19.0,0.717
2000,8750,30,1900,1390,362,159,en_iyi_menzil,300,609.6,3968.9,1884.6,0.04561,81.8,502.9,375.0,94213.0,1.0827,19.0,0.72
2000,8750,30,1750,1696,393,168,maks_seyir,300,609.6,3968.9,2299.5,0.04952,86.43,565.1,421.4,94213.0,1.0827,19.0,0.695
2000,8750,30,1750,1500,364,159,ara,300,609.6,3968.9,2033.7,0.04586,81.8,499.8,372.7,94213.0,1.0827,19.0,0.728
2000,8750,30,1750,1450,357,157,en_iyi_menzil,300,609.6,3968.9,1965.9,0.04498,80.77,483.1,360.2,94213.0,1.0827,19.0,0.739
2000,8750,30,1600,1804,393,166,maks_seyir,300,609.6,3968.9,2445.9,0.04952,85.4,549.6,409.8,94213.0,1.0827,19.0,0.715
2000,8750,30,1600,1600,363,158,ara,300,609.6,3968.9,2169.3,0.04574,81.28,487.4,363.5,94213.0,1.0827,19.0,0.745
2000,8750,30,1600,1525,353,154,en_iyi_menzil,300,609.6,3968.9,2067.6,0.04448,79.22,464.6,346.5,94213.0,1.0827,19.0,0.76
2000,8750,20,1900,1800,424,176,maks_seyir,300,609.6,3968.9,2440.5,0.05342,90.54,651.2,485.6,94213.0,1.1196,9.0,0.651
2000,8750,20,1900,1600,392,168,ara,300,609.6,3968.9,2169.3,0.04939,86.43,578.8,431.6,94213.0,1.1196,9.0,0.677
2000,8750,20,1900,1400,361,158,ara,300,609.6,3968.9,1898.1,0.04549,81.28,506.5,377.7,94213.0,1.1196,9.0,0.713
2000,8750,20,1900,1385,358,157,en_iyi_menzil,300,609.6,3968.9,1877.8,0.04511,80.77,501.0,373.6,94213.0,1.1196,9.0,0.715
2000,8750,20,1750,1916,424,175,maks_seyir,300,609.6,3968.9,2597.7,0.05342,90.03,638.4,476.1,94213.0,1.1196,9.0,0.664
2000,8750,20,1750,1800,406,171,ara,300,609.6,3968.9,2440.5,0.05116,87.97,599.8,447.3,94213.0,1.1196,9.0,0.677
2000,8750,20,1750,1600,375,162,ara,300,609.6,3968.9,2169.3,0.04725,83.34,533.1,397.5,94213.0,1.1196,9.0,0.703
2000,8750,20,1750,1440,351,155,en_iyi_menzil,300,609.6,3968.9,1952.4,0.04423,79.74,479.8,357.8,94213.0,1.1196,9.0,0.732
2000,8750,20,1600,1970,414,170,maks_seyir,300,609.6,3968.9,2671.0,0.05216,87.46,600.2,447.6,94213.0,1.1196,9.0,0.69
2000,8750,20,1600,1800,389,164,ara,300,609.6,3968.9,2440.5,0.04901,84.37,548.4,408.9,94213.0,1.1196,9.0,0.709
2000,8750,20,1600,1600,360,156,ara,300,609.6,3968.9,2169.3,0.04536,80.25,487.4,363.5,94213.0,1.1196,9.0,0.739
2000,8750,20,1600,1510,348,152,en_iyi_menzil,300,609.6,3968.9,2047.3,0.04385,78.2,460.0,343.0,94213.0,1.1196,9.0,0.757
2000,8750,10,1900,1865,432,177,maks_seyir,300,609.6,3968.9,2528.6,0.05443,91.06,674.7,503.1,94213.0,1.1591,-1.0,0.64
2000,8750,10,1900,1700,405,170,ara,300,609.6,3968.9,2304.9,0.05103,87.46,615.0,458.6,94213.0,1.1591,-1.0,0.659
2000,8750,10,1900,1500,374,161,ara,300,609.6,3968.9,2033.7,0.04712,82.83,542.7,404.7,94213.0,1.1591,-1.0,0.689
2000,8750,10,1900,1375,354,155,en_iyi_menzil,300,609.6,3968.9,1864.2,0.0446,79.74,497.4,370.9,94213.0,1.1591,-1.0,0.712
2000,8750,10,1750,1970,429,175,maks_seyir,300,609.6,3968.9,2671.0,0.05405,90.03,656.4,489.5,94213.0,1.1591,-1.0,0.654
2000,8750,10,1750,1800,402,169,ara,300,609.6,3968.9,2440.5,0.05065,86.94,599.8,447.3,94213.0,1.1591,-1.0,0.67
2000,8750,10,1750,1600,372,161,ara,300,609.6,3968.9,2169.3,0.04687,82.83,533.1,397.5,94213.0,1.1591,-1.0,0.698
2000,8750,10,1750,1435,348,153,en_iyi_menzil,300,609.6,3968.9,1945.6,0.04385,78.71,478.2,356.6,94213.0,1.1591,-1.0,0.728
2000,8750,10,1600,1970,410,168,maks_seyir,300,609.6,3968.9,2671.0,0.05166,86.43,600.2,447.6,94213.0,1.1591,-1.0,0.683
2000,8750,10,1600,1800,385,162,ara,300,609.6,3968.9,2440.5,0.04851,83.34,548.4,408.9,94213.0,1.1591,-1.0,0.702
2000,8750,10,1600,1600,357,155,ara,300,609.6,3968.9,2169.3,0.04498,79.74,487.4,363.5,94213.0,1.1591,-1.0,0.732
2000,8750,10,1600,1485,341,150,en_iyi_menzil,300,609.6,3968.9,2013.4,0.04297,77.17,452.4,337.4,94213.0,1.1591,-1.0,0.754
2000,8750,0,1900,1865,429,175,maks_seyir,300,609.6,3968.9,2528.6,0.05405,90.03,674.7,503.1,94213.0,1.2016,-11.0,0.636
2000,8750,0,1900,1700,402,168,ara,300,609.6,3968.9,2304.9,0.05065,86.43,615.0,458.6,94213.0,1.2016,-11.0,0.654
2000,8750,0,1900,1500,371,160,ara,300,609.6,3968.9,2033.7,0.04675,82.31,542.7,404.7,94213.0,1.2016,-11.0,0.684
2000,8750,0,1900,1375,351,154,en_iyi_menzil,300,609.6,3968.9,1864.2,0.04423,79.22,497.4,370.9,94213.0,1.2016,-11.0,0.706
2000,8750,0,1750,1970,425,173,maks_seyir,300,609.6,3968.9,2671.0,0.05355,89.0,656.4,489.5,94213.0,1.2016,-11.0,0.647
2000,8750,0,1750,1800,399,167,ara,300,609.6,3968.9,2440.5,0.05027,85.91,599.8,447.3,94213.0,1.2016,-11.0,0.665
2000,8750,0,1750,1600,369,159,ara,300,609.6,3968.9,2169.3,0.04649,81.8,533.1,397.5,94213.0,1.2016,-11.0,0.692
2000,8750,0,1750,1415,342,151,en_iyi_menzil,300,609.6,3968.9,1918.5,0.04309,77.68,471.5,351.6,94213.0,1.2016,-11.0,0.725
2000,8750,0,1600,1970,406,167,maks_seyir,300,609.6,3968.9,2671.0,0.05116,85.91,600.2,447.6,94213.0,1.2016,-11.0,0.676
2000,8750,0,1600,1800,381,161,ara,300,609.6,3968.9,2440.5,0.04801,82.83,548.4,408.9,94213.0,1.2016,-11.0,0.695
2000,8750,0,1600,1600,353,153,ara,300,609.6,3968.9,2169.3,0.04448,78.71,487.4,363.5,94213.0,1.2016,-11.0,0.724
2000,8750,0,1600,1480,337,148,en_iyi_menzil,300,609.6,3968.9,2006.6,0.04246,76.14,450.9,336.2,94213.0,1.2016,-11.0,0.747
2000,8750,-10,1900,1865,426,173,maks_seyir,300,609.6,3968.9,2528.6,0.05368,89.0,674.7,503.1,94213.0,1.2472,-21.0,0.631
2000,8750,-10,1900,1700,399,166,ara,300,609.6,3968.9,2304.9,0.05027,85.4,615.0,458.6,94213.0,1.2472,-21.0,0.649
2000,8750,-10,1900,1500,368,158,ara,300,609.6,3968.9,2033.7,0.04637,81.28,542.7,404.7,94213.0,1.2472,-21.0,0.678
2000,8750,-10,1900,1355,346,151,en_iyi_menzil,300,609.6,3968.9,1837.1,0.0436,77.68,490.2,365.5,94213.0,1.2472,-21.0,0.706
2000,8750,-10,1750,1970,422,171,maks_seyir,300,609.6,3968.9,2671.0,0.05317,87.97,656.4,489.5,94213.0,1.2472,-21.0,0.643
2000,8750,-10,1750,1800,395,165,ara,300,609.6,3968.9,2440.5,0.04977,84.88,599.8,447.3,94213.0,1.2472,-21.0,0.659
2000,8750,-10,1750,1600,366,157,ara,300,609.6,3968.9,2169.3,0.04612,80.77,533.1,397.5,94213.0,1.2472,-21.0,0.687
2000,8750,-10,1750,1405,337,148,en_iyi_menzil,300,609.6,3968.9,1904.9,0.04246,76.14,468.2,349.1,94213.0,1.2472,-21.0,0.72
2000,8750,-10,1600,1970,402,165,maks_seyir,300,609.6,3968.9,2671.0,0.05065,84.88,600.2,447.6,94213.0,1.2472,-21.0,0.67
2000,8750,-10,1600,1800,378,159,ara,300,609.6,3968.9,2440.5,0.04763,81.8,548.4,408.9,94213.0,1.2472,-21.0,0.689
2000,8750,-10,1600,1600,350,151,ara,300,609.6,3968.9,2169.3,0.0441,77.68,487.4,363.5,94213.0,1.2472,-21.0,0.718
2000,8750,-10,1600,1460,331,146,en_iyi_menzil,300,609.6,3968.9,1979.5,0.04171,75.11,444.8,331.7,94213.0,1.2472,-21.0,0.744
2000,8750,-20,1900,1865,423,171,maks_seyir,300,609.6,3968.9,2528.6,0.0533,87.97,674.7,503.1,94213.0,1.2965,-31.0,0.627
2000,8750,-20,1900,1700,396,164,ara,300,609.6,3968.9,2304.9,0.0499,84.37,615.0,458.6,94213.0,1.2965,-31.0,0.644
2000,8750,-20,1900,1500,365,156,ara,300,609.6,3968.9,2033.7,0.04599,80.25,542.7,404.7,94213.0,1.2965,-31.0,0.673
2000,8750,-20,1900,1355,344,149,en_iyi_menzil,300,609.6,3968.9,1837.1,0.04334,76.65,490.2,365.5,94213.0,1.2965,-31.0,0.702
2000,8750,-20,1750,1970,418,169,maks_seyir,300,609.6,3968.9,2671.0,0.05267,86.94,656.4,489.5,94213.0,1.2965,-31.0,0.637
2000,8750,-20,1750,1800,392,163,ara,300,609.6,3968.9,2440.5,0.04939,83.85,599.8,447.3,94213.0,1.2965,-31.0,0.654
2000,8750,-20,1750,1600,362,155,ara,300,609.6,3968.9,2169.3,0.04561,79.74,533.1,397.5,94213.0,1.2965,-31.0,0.679
2000,8750,-20,1750,1395,333,146,en_iyi_menzil,300,609.6,3968.9,1891.4,0.04196,75.11,464.8,346.6,94213.0,1.2965,-31.0,0.716
2000,8750,-20,1600,1970,398,163,maks_seyir,300,609.6,3968.9,2671.0,0.05015,83.85,600.2,447.6,94213.0,1.2965,-31.0,0.663
2000,8750,-20,1600,1800,374,157,ara,300,609.6,3968.9,2440.5,0.04712,80.77,548.4,408.9,94213.0,1.2965,-31.0,0.682
2000,8750,-20,1600,1600,346,150,ara,300,609.6,3968.9,2169.3,0.0436,77.17,487.4,363.5,94213.0,1.2965,-31.0,0.71
2000,8750,-20,1600,1455,326,144,en_iyi_menzil,300,609.6,3968.9,1972.7,0.04108,74.08,443.3,330.6,94213.0,1.2965,-31.0,0.735
2000,8750,-30,1900,1865,421,168,maks_seyir,300,609.6,3968.9,2528.6,0.05305,86.43,674.7,503.1,94213.0,1.3498,-41.0,0.624
2000,8750,-30,1900,1700,394,162,ara,300,609.6,3968.9,2304.9,0.04964,83.34,615.0,458.6,94213.0,1.3498,-41.0,0.641
2000,8750,-30,1900,1500,363,154,ara,300,609.6,3968.9,2033.7,0.04574,79.22,542.7,404.7,94213.0,1.3498,-41.0,0.669
2000,8750,-30,1900,1360,342,147,en_iyi_menzil,300,609.6,3968.9,1843.9,0.04309,75.62,492.0,366.9,94213.0,1.3498,-41.0,0.695
2000,8750,-30,1750,1970,414,167,maks_seyir,300,609.6,3968.9,2671.0,0.05216,85.91,656.4,489.5,94213.0,1.3498,-41.0,0.631
2000,8750,-30,1750,1800,389,161,ara,300,609.6,3968.9,2440.5,0.04901,82.83,599.8,447.3,94213.0,1.3498,-41.0,0.649
2000,8750,-30,1750,1600,359,153,ara,300,609.6,3968.9,2169.3,0.04523,78.71,533.1,397.5,94213.0,1.3498,-41.0,0.673
2000,8750,-30,1750,1400,331,145,ara,300,609.6,3968.9,1898.1,0.04171,74.59,466.5,347.9,94213.0,1.3498,-41.0,0.71
2000,8750,-30,1750,1370,326,143,en_iyi_menzil,300,609.6,3968.9,1857.5,0.04108,73.57,456.5,340.4,94213.0,1.3498,-41.0,0.714
2000,8750,-30,1600,1970,395,161,maks_seyir,300,609.6,3968.9,2671.0,0.04977,82.83,600.2,447.6,94213.0,1.3498,-41.0,0.658
2000,8750,-30,1600,1800,370,156,ara,300,609.6,3968.9,2440.5,0.04662,80.25,548.4,408.9,94213.0,1.3498,-41.0,0.675
2000,8750,-30,1600,1600,342,148,ara,300,609.6,3968.9,2169.3,0.04309,76.14,487.4,363.5,94213.0,1.3498,-41.0,0.702
2000,8750,-30,1600,1440,321,141,en_iyi_menzil,300,609.6,3968.9,1952.4,0.04045,72.54,438.7,327.1,94213.0,1.3498,-41.0,0.732
2000,8750,-40,1900,1865,419,166,maks_seyir,300,609.6,3968.9,2528.6,0.05279,85.4,674.7,503.1,94213.0,1.4077,-51.0,0.621
2000,8750,-40,1900,1700,391,160,ara,300,609.6,3968.9,2304.9,0.04927,82.31,615.0,458.6,94213.0,1.4077,-51.0,0.636
2000,8750,-40,1900,1500,361,152,ara,300,609.6,3968.9,2033.7,0.04549,78.2,542.7,404.7,94213.0,1.4077,-51.0,0.665
2000,8750,-40,1900,1350,338,145,en_iyi_menzil,300,609.6,3968.9,1830.4,0.04259,74.59,488.4,364.2,94213.0,1.4077,-51.0,0.692
2000,8750,-40,1750,1970,412,165,maks_seyir,300,609.6,3968.9,2671.0,0.05191,84.88,656.4,489.5,94213.0,1.4077,-51.0,0.628
2000,8750,-40,1750,1800,386,159,ara,300,609.6,3968.9,2440.5,0.04864,81.8,599.8,447.3,94213.0,1.4077,-51.0,0.644
2000,8750,-40,1750,1600,356,151,ara,300,609.6,3968.9,2169.3,0.04486,77.68,533.1,397.5,94213.0,1.4077,-51.0,0.668
2000,8750,-40,1750,1400,328,143,ara,300,609.6,3968.9,1898.1,0.04133,73.57,466.5,347.9,94213.0,1.4077,-51.0,0.703
2000,8750,-40,1750,1370,323,142,en_iyi_menzil,300,609.6,3968.9,1857.5,0.0407,73.05,456.5,340.4,94213.0,1.4077,-51.0,0.708
2000,8750,-40,1600,1970,391,159,maks_seyir,300,609.6,3968.9,2671.0,0.04927,81.8,600.2,447.6,94213.0,1.4077,-51.0,0.651
2000,8750,-40,1600,1800,367,154,ara,300,609.6,3968.9,2440.5,0.04624,79.22,548.4,408.9,94213.0,1.4077,-51.0,0.669
2000,8750,-40,1600,1600,339,146,ara,300,609.6,3968.9,2169.3,0.04271,75.11,487.4,363.5,94213.0,1.4077,-51.0,0.696
2000,8750,-40,1600,1435,316,139,en_iyi_menzil,300,609.6,3968.9,1945.6,0.03982,71.51,437.2,326.0,94213.0,1.4077,-51.0,0.723
2000,8750,-50,1900,1865,417,164,maks_seyir,300,609.6,3968.9,2528.6,0.05254,84.37,674.7,503.1,94213.0,1.4708,-61.0,0.618
2000,8750,-50,1900,1700,389,158,ara,300,609.6,3968.9,2304.9,0.04901,81.28,615.0,458.6,94213.0,1.4708,-61.0,0.633
2000,8750,-50,1900,1500,358,150,ara,300,609.6,3968.9,2033.7,0.04511,77.17,542.7,404.7,94213.0,1.4708,-61.0,0.66
2000,8750,-50,1900,1355,336,143,en_iyi_menzil,300,609.6,3968.9,1837.1,0.04234,73.57,490.2,365.5,94213.0,1.4708,-61.0,0.685
2000,8750,-50,1750,1970,410,163,maks_seyir,300,609.6,3968.9,2671.0,0.05166,83.85,656.4,489.5,94213.0,1.4708,-61.0,0.625
2000,8750,-50,1750,1800,382,157,ara,300,609.6,3968.9,2440.5,0.04813,80.77,599.8,447.3,94213.0,1.4708,-61.0,0.637
2000,8750,-50,1750,1600,353,149,ara,300,609.6,3968.9,2169.3,0.04448,76.65,533.1,397.5,94213.0,1.4708,-61.0,0.662
2000,8750,-50,1750,1400,325,141,ara,300,609.6,3968.9,1898.1,0.04095,72.54,466.5,347.9,94213.0,1.4708,-61.0,0.697
2000,8750,-50,1750,1360,319,139,en_iyi_menzil,300,609.6,3968.9,1843.9,0.04019,71.51,453.2,338.0,94213.0,1.4708,-61.0,0.704
2000,8750,-50,1600,1970,387,157,maks_seyir,300,609.6,3968.9,2671.0,0.04876,80.77,600.2,447.6,94213.0,1.4708,-61.0,0.645
2000,8750,-50,1600,1800,363,152,ara,300,609.6,3968.9,2440.5,0.04574,78.2,548.4,408.9,94213.0,1.4708,-61.0,0.662
2000,8750,-50,1600,1600,335,144,ara,300,609.6,3968.9,2169.3,0.04221,74.08,487.4,363.5,94213.0,1.4708,-61.0,0.687
2000,8750,-50,1600,1415,311,137,en_iyi_menzil,300,609.6,3968.9,1918.5,0.03919,70.48,431.1,321.5,94213.0,1.4708,-61.0,0.721
2000,8750,-54,1900,1865,417,163,maks_seyir,300,609.6,3968.9,2528.6,0.05254,83.85,674.7,503.1,94213.0,1.4977,-65.0,0.618
2000,8750,-54,1900,1700,388,157,ara,300,609.6,3968.9,2304.9,0.04889,80.77,615.0,458.6,94213.0,1.4977,-65.0,0.631
2000,8750,-54,1900,1500,357,149,ara,300,609.6,3968.9,2033.7,0.04498,76.65,542.7,404.7,94213.0,1.4977,-65.0,0.658
2000,8750,-54,1900,1360,336,142,en_iyi_menzil,300,609.6,3968.9,1843.9,0.04234,73.05,492.0,366.9,94213.0,1.4977,-65.0,0.683
2000,8750,-54,1750,1970,409,162,maks_seyir,300,609.6,3968.9,2671.0,0.05153,83.34,656.4,489.5,94213.0,1.4977,-65.0,0.623
2000,8750,-54,1750,1800,381,156,ara,300,609.6,3968.9,2440.5,0.04801,80.25,599.8,447.3,94213.0,1.4977,-65.0,0.635
2000,8750,-54,1750,1600,352,148,ara,300,609.6,3968.9,2169.3,0.04435,76.14,533.1,397.5,94213.0,1.4977,-65.0,0.66
2000,8750,-54,1750,1400,324,140,ara,300,609.6,3968.9,1898.1,0.04082,72.02,466.5,347.9,94213.0,1.4977,-65.0,0.695
2000,8750,-54,1750,1360,318,138,en_iyi_menzil,300,609.6,3968.9,1843.9,0.04007,70.99,453.2,338.0,94213.0,1.4977,-65.0,0.702
2000,8750,-54,1600,1970,385,156,maks_seyir,300,609.6,3968.9,2671.0,0.04851,80.25,600.2,447.6,94213.0,1.4977,-65.0,0.641
2000,8750,-54,1600,1800,361,151,ara,300,609.6,3968.9,2440.5,0.04549,77.68,548.4,408.9,94213.0,1.4977,-65.0,0.658
2000,8750,-54,1600,1600,334,143,ara,300,609.6,3968.9,2169.3,0.04208,73.57,487.4,363.5,94213.0,1.4977,-65.0,0.685
2000,8750,-54,1600,1410,309,136,en_iyi_menzil,300,609.6,3968.9,1911.7,0.03893,69.96,429.6,320.4,94213.0,1.4977,-65.0,0.719
4000,8750,42,1900,1211,329,154,maks_seyir_ve_en_iyi_menzil,301,1219.2,3968.9,1641.9,0.04145,79.22,438.1,326.7,87511.0,0.9674,34.9,0.751
4000,8750,42,1750,1295,329,153,maks_seyir_ve_en_iyi_menzil,301,1219.2,3968.9,1755.8,0.04145,78.71,431.5,321.8,87511.0,0.9674,34.9,0.762
4000,8750,42,1600,1384,329,152,maks_seyir_ve_en_iyi_menzil,301,1219.2,3968.9,1876.5,0.04145,78.2,421.6,314.4,87511.0,0.9674,34.9,0.78
4000,8750,40,1900,1255,335,156,maks_seyir_ve_en_iyi_menzil,301,1219.2,3968.9,1701.6,0.04221,80.25,454.0,338.5,87511.0,0.9735,32.9,0.738
4000,8750,40,1750,1342,335,156,maks_seyir_ve_en_iyi_menzil,301,1219.2,3968.9,1819.5,0.04221,80.25,447.2,333.5,87511.0,0.9735,32.9,0.749
4000,8750,40,1600,1433,335,154,maks_seyir_ve_en_iyi_menzil,301,1219.2,3968.9,1942.9,0.04221,79.22,436.6,325.6,87511.0,0.9735,32.9,0.767
4000,8750,30,1900,1466,365,167,maks_seyir,301,1219.2,3968.9,1987.6,0.04599,85.91,530.4,395.5,87511.0,1.0056,22.9,0.688
4000,8750,30,1900,1350,347,161,en_iyi_menzil,301,1219.2,3968.9,1830.4,0.04372,82.83,488.4,364.2,87511.0,1.0056,22.9,0.71
4000,8750,30,1750,1564,365,166,maks_seyir,301,1219.2,3968.9,2120.5,0.04599,85.4,521.1,388.6,87511.0,1.0056,22.9,0.7
4000,8750,30,1750,1395,340,157,en_iyi_menzil,301,1219.2,3968.9,1891.4,0.04284,80.77,464.8,346.6,87511.0,1.0056,22.9,0.731
4000,8750,30,1600,1664,365,163,maks_seyir,301,1219.2,3968.9,2256.1,0.04599,83.85,506.9,378.0,87511.0,1.0056,22.9,0.72
4000,8750,30,1600,1500,341,156,ara,301,1219.2,3968.9,2033.7,0.04297,80.25,457.0,340.8,87511.0,1.0056,22.9,0.746
4000,8750,30,1600,1480,338,155,en_iyi_menzil,301,1219.2,3968.9,2006.6,0.04259,79.74,450.9,336.2,87511.0,1.0056,22.9,0.75
4000,8750,20,1900,1667,395,175,maks_seyir,301,1219.2,3968.9,2260.1,0.04977,90.03,603.1,449.7,87511.0,1.04,12.9,0.655
4000,8750,20,1900,1500,368,167,ara,301,1219.2,3968.9,2033.7,0.04637,85.91,542.7,404.7,87511.0,1.04,12.9,0.678
4000,8750,20,1900,1330,342,158,en_iyi_menzil,301,1219.2,3968.9,1803.2,0.04309,81.28,481.2,358.8,87511.0,1.04,12.9,0.711
4000,8750,20,1750,1775,395,173,maks_seyir,301,1219.2,3968.9,2406.6,0.04977,89.0,591.4,441.0,87511.0,1.04,12.9,0.668
4000,8750,20,1750,1600,368,166,ara,301,1219.2,3968.9,2169.3,0.04637,85.4,533.1,397.5,87511.0,1.04,12.9,0.69
4000,8750,20,1750,1395,336,156,en_iyi_menzil,301,1219.2,3968.9,1891.4,0.04234,80.25,464.8,346.6,87511.0,1.04,12.9,0.723
4000,8750,20,1600,1883,395,170,maks_seyir,301,1219.2,3968.9,2553.0,0.04977,87.46,573.6,427.7,87511.0,1.04,12.9,0.689
4000,8750,20,1600,1700,367,163,ara,301,1219.2,3968.9,2304.9,0.04624,83.85,517.9,386.2,87511.0,1.04,12.9,0.709
4000,8750,20,1600,1500,338,155,ara,301,1219.2,3968.9,2033.7,0.04259,79.74,457.0,340.8,87511.0,1.04,12.9,0.74
4000,8750,20,1600,1465,333,153,en_iyi_menzil,301,1219.2,3968.9,1986.3,0.04196,78.71,446.3,332.8,87511.0,1.04,12.9,0.746
4000,8750,10,1900,1864,426,181,maks_seyir,301,1219.2,3968.9,2527.2,0.05368,93.11,674.3,502.8,87511.0,1.0767,2.9,0.632
4000,8750,10,1900,1700,398,174,ara,301,1219.2,3968.9,2304.9,0.05015,89.51,615.0,458.6,87511.0,1.0767,2.9,0.647
4000,8750,10,1900,1500,365,165,ara,301,1219.2,3968.9,2033.7,0.04599,84.88,542.7,404.7,87511.0,1.0767,2.9,0.673
4000,8750,10,1900,1320,337,156,en_iyi_menzil,301,1219.2,3968.9,1789.7,0.04246,80.25,477.5,356.1,87511.0,1.0767,2.9,0.706
4000,8750,10,1750,1970,424,179,maks_seyir,301,1219.2,3968.9,2671.0,0.05342,92.09,656.4,489.5,87511.0,1.0767,2.9,0.646
4000,8750,10,1750,1800,396,172,ara,301,1219.2,3968.9,2440.5,0.0499,88.48,599.8,447.3,87511.0,1.0767,2.9,0.66
4000,8750,10,1750,1600,365,164,ara,301,1219.2,3968.9,2169.3,0.04599,84.37,533.1,397.5,87511.0,1.0767,2.9,0.685
4000,8750,10,1750,1400,334,155,ara,301,1219.2,3968.9,1898.1,0.04208,79.74,466.5,347.9,87511.0,1.0767,2.9,0.716
4000,8750,10,1750,1380,331,154,en_iyi_menzil,301,1219.2,3968.9,1871.0,0.04171,79.22,459.8,342.9,87511.0,1.0767,2.9,0.72
4000,8750,10,1600,1970,405,172,maks_seyir,301,1219.2,3968.9,2671.0,0.05103,88.48,600.2,447.6,87511.0,1.0767,2.9,0.675
4000,8750,10,1600,1800,378,166,ara,301,1219.2,3968.9,2440.5,0.04763,85.4,548.4,408.9,87511.0,1.0767,2.9,0.689
4000,8750,10,1600,1600,349,158,ara,301,1219.2,3968.9,2169.3,0.04397,81.28,487.4,363.5,87511.0,1.0767,2.9,0.716
4000,8750,10,1600,1445,327,151,en_iyi_menzil,301,1219.2,3968.9,1959.2,0.0412,77.68,440.2,328.3,87511.0,1.0767,2.9,0.743
4000,8750,0,1900,1865,424,179,maks_seyir,301,1219.2,3968.9,2528.6,0.05342,92.09,674.7,503.1,87511.0,1.1161,-7.1,0.628
4000,8750,0,1900,1700,395,172,ara,301,1219.2,3968.9,2304.9,0.04977,88.48,615.0,458.6,87511.0,1.1161,-7.1,0.642
4000,8750,0,1900,1500,363,163,ara,301,1219.2,3968.9,2033.7,0.04574,83.85,542.7,404.7,87511.0,1.1161,-7.1,0.669
4000,8750,0,1900,1315,333,154,en_iyi_menzil,301,1219.2,3968.9,1782.9,0.04196,79.22,475.7,354.7,87511.0,1.1161,-7.1,0.7
4000,8750,0,1750,1970,421,177,maks_seyir,301,1219.2,3968.9,2671.0,0.05305,91.06,656.4,489.5,87511.0,1.1161,-7.1,0.641
4000,8750,0,1750,1800,393,171,ara,301,1219.2,3968.9,2440.5,0.04952,87.97,599.8,447.3,87511.0,1.1161,-7.1,0.655
4000,8750,0,1750,1600,361,162,ara,301,1219.2,3968.9,2169.3,0.04549,83.34,533.1,397.5,87511.0,1.1161,-7.1,0.677
4000,8750,0,1750,1400,331,153,ara,301,1219.2,3968.9,1898.1,0.04171,78.71,466.5,347.9,87511.0,1.1161,-7.1,0.71
4000,8750,0,1750,1365,326,151,en_iyi_menzil,301,1219.2,3968.9,1850.7,0.04108,77.68,454.8,339.1,87511.0,1.1161,-7.1,0.717
4000,8750,0,1600,1970,400,170,maks_seyir,301,1219.2,3968.9,2671.0,0.0504,87.46,600.2,447.6,87511.0,1.1161,-7.1,0.666
4000,8750,0,1600,1800,375,164,ara,301,1219.2,3968.9,2440.5,0.04725,84.37,548.4,408.9,87511.0,1.1161,-7.1,0.684
4000,8750,0,1600,1600,346,156,ara,301,1219.2,3968.9,2169.3,0.0436,80.25,487.4,363.5,87511.0,1.1161,-7.1,0.71
4000,8750,0,1600,1430,322,148,en_iyi_menzil,301,1219.2,3968.9,1938.8,0.04057,76.14,435.6,324.8,87511.0,1.1161,-7.1,0.739
4000,8750,-10,1900,1865,422,177,maks_seyir,301,1219.2,3968.9,2528.6,0.05317,91.06,674.7,503.1,87511.0,1.1585,-17.1,0.625
4000,8750,-10,1900,1700,392,170,ara,301,1219.2,3968.9,2304.9,0.04939,87.46,615.0,458.6,87511.0,1.1585,-17.1,0.637
4000,8750,-10,1900,1500,360,161,ara,301,1219.2,3968.9,2033.7,0.04536,82.83,542.7,404.7,87511.0,1.1585,-17.1,0.663
4000,8750,-10,1900,1305,330,152,en_iyi_menzil,301,1219.2,3968.9,1769.3,0.04158,78.2,472.1,352.0,87511.0,1.1585,-17.1,0.699
4000,8750,-10,1750,1970,418,175,maks_seyir,301,1219.2,3968.9,2671.0,0.05267,90.03,656.4,489.5,87511.0,1.1585,-17.1,0.637
4000,8750,-10,1750,1800,389,169,ara,301,1219.2,3968.9,2440.5,0.04901,86.94,599.8,447.3,87511.0,1.1585,-17.1,0.649
4000,8750,-10,1750,1600,358,161,ara,301,1219.2,3968.9,2169.3,0.04511,82.83,533.1,397.5,87511.0,1.1585,-17.1,0.672
4000,8750,-10,1750,1400,329,151,ara,301,1219.2,3968.9,1898.1,0.04145,77.68,466.5,347.9,87511.0,1.1585,-17.1,0.705
4000,8750,-10,1750,1355,322,149,en_iyi_menzil,301,1219.2,3968.9,1837.1,0.04057,76.65,451.5,336.7,87511.0,1.1585,-17.1,0.713
4000,8750,-10,1600,1970,396,168,maks_seyir,301,1219.2,3968.9,2671.0,0.0499,86.43,600.2,447.6,87511.0,1.1585,-17.1,0.66
4000,8750,-10,1600,1800,371,162,ara,301,1219.2,3968.9,2440.5,0.04675,83.34,548.4,408.9,87511.0,1.1585,-17.1,0.677
4000,8750,-10,1600,1600,342,155,ara,301,1219.2,3968.9,2169.3,0.04309,79.74,487.4,363.5,87511.0,1.1585,-17.1,0.702
4000,8750,-10,1600,1415,316,146,en_iyi_menzil,301,1219.2,3968.9,1918.5,0.03982,75.11,431.1,321.5,87511.0,1.1585,-17.1,0.733
4000,8750,-20,1900,1865,420,175,maks_seyir,301,1219.2,3968.9,2528.6,0.05292,90.03,674.7,503.1,87511.0,1.2043,-27.1,0.622
4000,8750,-20,1900,1700,390,168,ara,301,1219.2,3968.9,2304.9,0.04914,86.43,615.0,458.6,87511.0,1.2043,-27.1,0.634
4000,8750,-20,1900,1500,358,159,ara,301,1219.2,3968.9,2033.7,0.04511,81.8,542.7,404.7,87511.0,1.2043,-27.1,0.66
4000,8750,-20,1900,1295,326,149,en_iyi_menzil,301,1219.2,3968.9,1755.8,0.04108,76.65,468.5,349.4,87511.0,1.2043,-27.1,0.696
4000,8750,-20,1750,1970,416,173,maks_seyir,301,1219.2,3968.9,2671.0,0.05242,89.0,656.4,489.5,87511.0,1.2043,-27.1,0.634
4000,8750,-20,1750,1800,386,167,ara,301,1219.2,3968.9,2440.5,0.04864,85.91,599.8,447.3,87511.0,1.2043,-27.1,0.644
4000,8750,-20,1750,1600,355,159,ara,301,1219.2,3968.9,2169.3,0.04473,81.8,533.1,397.5,87511.0,1.2043,-27.1,0.666
4000,8750,-20,1750,1400,326,150,ara,301,1219.2,3968.9,1898.1,0.04108,77.17,466.5,347.9,87511.0,1.2043,-27.1,0.699
4000,8750,-20,1750,1340,317,147,en_iyi_menzil,301,1219.2,3968.9,1816.8,0.03994,75.62,446.5,333.0,87511.0,1.2043,-27.1,0.71
4000,8750,-20,1600,1970,392,167,maks_seyir,301,1219.2,3968.9,2671.0,0.04939,85.91,600.2,447.6,87511.0,1.2043,-27.1,0.653
4000,8750,-20,1600,1800,368,161,ara,301,1219.2,3968.9,2440.5,0.04637,82.83,548.4,408.9,87511.0,1.2043,-27.1,0.671
4000,8750,-20,1600,1600,339,153,ara,301,1219.2,3968.9,2169.3,0.04271,78.71,487.4,363.5,87511.0,1.2043,-27.1,0.696
4000,8750,-20,1600,1395,311,144,en_iyi_menzil,301,1219.2,3968.9,1891.4,0.03919,74.08,425.0,316.9,87511.0,1.2043,-27.1,0.732
4000,8750,-30,1900,1865,418,172,maks_seyir,301,1219.2,3968.9,2528.6,0.05267,88.48,674.7,503.1,87511.0,1.2538,-37.1,0.62
4000,8750,-30,1900,1700,387,166,ara,301,1219.2,3968.9,2304.9,0.04876,85.4,615.0,458.6,87511.0,1.2538,-37.1,0.629
4000,8750,-30,1900,1500,355,157,ara,301,1219.2,3968.9,2033.7,0.04473,80.77,542.7,404.7,87511.0,1.2538,-37.1,0.654
4000,8750,-30,1900,1295,324,148,en_iyi_menzil,301,1219.2,3968.9,1755.8,0.04082,76.14,468.5,349.4,87511.0,1.2538,-37.1,0.692
4000,8750,-30,1750,1970,413,171,maks_seyir,301,1219.2,3968.9,2671.0,0.05204,87.97,656.4,489.5,87511.0,1.2538,-37.1,0.629
4000,8750,-30,1750,1800,382,165,ara,301,1219.2,3968.9,2440.5,0.04813,84.88,599.8,447.3,87511.0,1.2538,-37.1,0.637
4000,8750,-30,1750,1600,352,157,ara,301,1219.2,3968.9,2169.3,0.04435,80.77,533.1,397.5,87511.0,1.2538,-37.1,0.66
4000,8750,-30,1750,1400,323,148,ara,301,1219.2,3968.9,1898.1,0.0407,76.14,466.5,347.9,87511.0,1.2538,-37.1,0.692
4000,8750,-30,1750,1325,312,144,en_iyi_menzil,301,1219.2,3968.9,1796.5,0.03931,74.08,441.5,329.2,87511.0,1.2538,-37.1,0.707
4000,8750,-30,1600,1970,389,165,maks_seyir,301,1219.2,3968.9,2671.0,0.04901,84.88,600.2,447.6,87511.0,1.2538,-37.1,0.648
4000,8750,-30,1600,1800,364,159,ara,301,1219.2,3968.9,2440.5,0.04586,81.8,548.4,408.9,87511.0,1.2538,-37.1,0.664
4000,8750,-30,1600,1600,336,151,ara,301,1219.2,3968.9,2169.3,0.04234,77.68,487.4,363.5,87511.0,1.2538,-37.1,0.689
4000,8750,-30,1600,1395,307,142,en_iyi_menzil,301,1219.2,3968.9,1891.4,0.03868,73.05,425.0,316.9,87511.0,1.2538,-37.1,0.722
4000,8750,-40,1900,1865,416,170,maks_seyir,301,1219.2,3968.9,2528.6,0.05242,87.46,674.7,503.1,87511.0,1.3076,-47.1,0.617
4000,8750,-40,1900,1700,385,164,ara,301,1219.2,3968.9,2304.9,0.04851,84.37,615.0,458.6,87511.0,1.3076,-47.1,0.626
4000,8750,-40,1900,1500,353,155,ara,301,1219.2,3968.9,2033.7,0.04448,79.74,542.7,404.7,87511.0,1.3076,-47.1,0.65
4000,8750,-40,1900,1300,323,146,ara,301,1219.2,3968.9,1762.6,0.0407,75.11,470.3,350.7,87511.0,1.3076,-47.1,0.687
4000,8750,-40,1900,1290,321,145,en_iyi_menzil,301,1219.2,3968.9,1749.0,0.04045,74.59,466.7,348.0,87511.0,1.3076,-47.1,0.688
4000,8750,-40,1750,1970,410,169,maks_seyir,301,1219.2,3968.9,2671.0,0.05166,86.94,656.4,489.5,87511.0,1.3076,-47.1,0.625
4000,8750,-40,1750,1800,379,163,ara,301,1219.2,3968.9,2440.5,0.04775,83.85,599.8,447.3,87511.0,1.3076,-47.1,0.632
4000,8750,-40,1750,1600,350,155,ara,301,1219.2,3968.9,2169.3,0.0441,79.74,533.1,397.5,87511.0,1.3076,-47.1,0.657
4000,8750,-40,1750,1400,320,146,ara,301,1219.2,3968.9,1898.1,0.04032,75.11,466.5,347.9,87511.0,1.3076,-47.1,0.686
4000,8750,-40,1750,1315,308,142,en_iyi_menzil,301,1219.2,3968.9,1782.9,0.03881,73.05,438.2,326.8,87511.0,1.3076,-47.1,0.703
4000,8750,-40,1600,1970,386,163,maks_seyir,301,1219.2,3968.9,2671.0,0.04864,83.85,600.2,447.6,87511.0,1.3076,-47.1,0.643
4000,8750,-40,1600,1800,361,157,ara,301,1219.2,3968.9,2440.5,0.04549,80.77,548.4,408.9,87511.0,1.3076,-47.1,0.658
4000,8750,-40,1600,1600,332,149,ara,301,1219.2,3968.9,2169.3,0.04183,76.65,487.4,363.5,87511.0,1.3076,-47.1,0.681
4000,8750,-40,1600,1400,305,141,ara,301,1219.2,3968.9,1898.1,0.03843,72.54,426.5,318.0,87511.0,1.3076,-47.1,0.715
4000,8750,-40,1600,1380,302,140,en_iyi_menzil,301,1219.2,3968.9,1871.0,0.03805,72.02,420.4,313.5,87511.0,1.3076,-47.1,0.718
4000,8750,-50,1900,1865,415,168,maks_seyir,301,1219.2,3968.9,2528.6,0.05229,86.43,674.7,503.1,87511.0,1.3662,-57.1,0.615
4000,8750,-50,1900,1700,384,162,ara,301,1219.2,3968.9,2304.9,0.04838,83.34,615.0,458.6,87511.0,1.3662,-57.1,0.624
4000,8750,-50,1900,1500,351,153,ara,301,1219.2,3968.9,2033.7,0.04423,78.71,542.7,404.7,87511.0,1.3662,-57.1,0.647
4000,8750,-50,1900,1300,320,144,ara,301,1219.2,3968.9,1762.6,0.04032,74.08,470.3,350.7,87511.0,1.3662,-57.1,0.68
4000,8750,-50,1900,1285,318,143,en_iyi_menzil,301,1219.2,3968.9,1742.2,0.04007,73.57,464.9,346.7,87511.0,1.3662,-57.1,0.684
4000,8750,-50,1750,1970,408,166,maks_seyir,301,1219.2,3968.9,2671.0,0.05141,85.4,656.4,489.5,87511.0,1.3662,-57.1,0.622
4000,8750,-50,1750,1800,377,161,ara,301,1219.2,3968.9,2440.5,0.0475,82.83,599.8,447.3,87511.0,1.3662,-57.1,0.629
4000,8750,-50,1750,1600,347,153,ara,301,1219.2,3968.9,2169.3,0.04372,78.71,533.1,397.5,87511.0,1.3662,-57.1,0.651
4000,8750,-50,1750,1400,317,144,ara,301,1219.2,3968.9,1898.1,0.03994,74.08,466.5,347.9,87511.0,1.3662,-57.1,0.68
4000,8750,-50,1750,1305,304,140,en_iyi_menzil,301,1219.2,3968.9,1769.3,0.0383,72.02,434.8,324.2,87511.0,1.3662,-57.1,0.699
4000,8750,-50,1600,1970,383,161,maks_seyir,301,1219.2,3968.9,2671.0,0.04826,82.83,600.2,447.6,87511.0,1.3662,-57.1,0.638
4000,8750,-50,1600,1800,357,155,ara,301,1219.2,3968.9,2440.5,0.04498,79.74,548.4,408.9,87511.0,1.3662,-57.1,0.651
4000,8750,-50,1600,1600,328,147,ara,301,1219.2,3968.9,2169.3,0.04133,75.62,487.4,363.5,87511.0,1.3662,-57.1,0.673
4000,8750,-50,1600,1400,301,139,ara,301,1219.2,3968.9,1898.1,0.03793,71.51,426.5,318.0,87511.0,1.3662,-57.1,0.706
4000,8750,-50,1600,1365,297,137,en_iyi_menzil,301,1219.2,3968.9,1850.7,0.03742,70.48,415.8,310.1,87511.0,1.3662,-57.1,0.714
4000,8750,-54,1900,1865,414,167,maks_seyir,301,1219.2,3968.9,2528.6,0.05216,85.91,674.7,503.1,87511.0,1.3911,-61.1,0.614
4000,8750,-54,1900,1700,383,161,ara,301,1219.2,3968.9,2304.9,0.04826,82.83,615.0,458.6,87511.0,1.3911,-61.1,0.623
4000,8750,-54,1900,1500,350,152,ara,301,1219.2,3968.9,2033.7,0.0441,78.2,542.7,404.7,87511.0,1.3911,-61.1,0.645
4000,8750,-54,1900,1300,320,143,ara,301,1219.2,3968.9,1762.6,0.04032,73.57,470.3,350.7,87511.0,1.3911,-61.1,0.68
4000,8750,-54,1900,1285,318,143,en_iyi_menzil,301,1219.2,3968.9,1742.2,0.04007,73.57,464.9,346.7,87511.0,1.3911,-61.1,0.684
4000,8750,-54,1750,1970,407,165,maks_seyir,301,1219.2,3968.9,2671.0,0.05128,84.88,656.4,489.5,87511.0,1.3911,-61.1,0.62
4000,8750,-54,1750,1800,376,160,ara,301,1219.2,3968.9,2440.5,0.04738,82.31,599.8,447.3,87511.0,1.3911,-61.1,0.627
4000,8750,-54,1750,1600,346,152,ara,301,1219.2,3968.9,2169.3,0.0436,78.2,533.1,397.5,87511.0,1.3911,-61.1,0.649
4000,8750,-54,1750,1400,316,143,ara,301,1219.2,3968.9,1898.1,0.03982,73.57,466.5,347.9,87511.0,1.3911,-61.1,0.677
4000,8750,-54,1750,1305,303,139,en_iyi_menzil,301,1219.2,3968.9,1769.3,0.03818,71.51,434.8,324.2,87511.0,1.3911,-61.1,0.697
4000,8750,-54,1600,1970,382,160,maks_seyir,301,1219.2,3968.9,2671.0,0.04813,82.31,600.2,447.6,87511.0,1.3911,-61.1,0.636
4000,8750,-54,1600,1800,356,154,ara,301,1219.2,3968.9,2440.5,0.04486,79.22,548.4,408.9,87511.0,1.3911,-61.1,0.649
4000,8750,-54,1600,1600,327,147,ara,301,1219.2,3968.9,2169.3,0.0412,75.62,487.4,363.5,87511.0,1.3911,-61.1,0.671
4000,8750,-54,1600,1400,300,138,ara,301,1219.2,3968.9,1898.1,0.0378,70.99,426.5,318.0,87511.0,1.3911,-61.1,0.703
4000,8750,-54,1600,1360,295,137,en_iyi_menzil,301,1219.2,3968.9,1843.9,0.03717,70.48,414.3,308.9,87511.0,1.3911,-61.1,0.712
6000,8750,38,1900,1186,315,155,maks_seyir_ve_en_iyi_menzil,302,1828.8,3968.9,1608.0,0.03969,79.74,429.1,320.0,81200.0,0.9091,34.9,0.734
6000,8750,38,1750,1268,315,154,maks_seyir_ve_en_iyi_menzil,302,1828.8,3968.9,1719.2,0.03969,79.22,422.5,315.1,81200.0,0.9091,34.9,0.746
6000,8750,38,1600,1353,315,152,maks_seyir_ve_en_iyi_menzil,302,1828.8,3968.9,1834.4,0.03969,78.2,412.2,307.4,81200.0,0.9091,34.9,0.764
6000,8750,30,1900,1346,338,164,maks_seyir,302,1828.8,3968.9,1824.9,0.04259,84.37,486.9,363.1,81200.0,0.9331,26.9,0.694
6000,8750,30,1900,1305,332,161,en_iyi_menzil,302,1828.8,3968.9,1769.3,0.04183,82.83,472.1,352.0,81200.0,0.9331,26.9,0.703
6000,8750,30,1750,1436,338,163,maks_seyir,302,1828.8,3968.9,1947.0,0.04259,83.85,478.5,356.8,81200.0,0.9331,26.9,0.706
6000,8750,30,1750,1355,326,158,en_iyi_menzil,302,1828.8,3968.9,1837.1,0.04108,81.28,451.5,336.7,81200.0,0.9331,26.9,0.722
6000,8750,30,1600,1529,338,160,maks_seyir,302,1828.8,3968.9,2073.0,0.04259,82.31,465.8,347.3,81200.0,0.9331,26.9,0.726
6000,8750,30,1600,1440,325,156,en_iyi_menzil,302,1828.8,3968.9,1952.4,0.04095,80.25,438.7,327.1,81200.0,0.9331,26.9,0.741
6000,8750,20,1900,1538,367,172,maks_seyir,302,1828.8,3968.9,2085.2,0.04624,88.48,556.4,414.9,81200.0,0.965,16.9,0.66
6000,8750,20,1900,1400,344,165,ara,302,1828.8,3968.9,1898.1,0.04334,84.88,506.5,377.7,81200.0,0.965,16.9,0.679
6000,8750,20,1900,1295,328,159,en_iyi_menzil,302,1828.8,3968.9,1755.8,0.04133,81.8,468.5,349.4,81200.0,0.965,16.9,0.7
6000,8750,20,1750,1638,367,171,maks_seyir,302,1828.8,3968.9,2220.8,0.04624,87.97,545.8,407.0,81200.0,0.965,16.9,0.672
6000,8750,20,1750,1500,345,165,ara,302,1828.8,3968.9,2033.7,0.04347,84.88,499.8,372.7,81200.0,0.965,16.9,0.69
6000,8750,20,1750,1345,322,156,en_iyi_menzil,302,1828.8,3968.9,1823.6,0.04057,80.25,448.2,334.2,81200.0,0.965,16.9,0.718
6000,8750,20,1600,1737,367,168,maks_seyir,302,1828.8,3968.9,2355.1,0.04624,86.43,529.2,394.6,81200.0,0.965,16.9,0.693
6000,8750,20,1600,1600,346,162,ara,302,1828.8,3968.9,2169.3,0.0436,83.34,487.4,363.5,81200.0,0.965,16.9,0.71
6000,8750,20,1600,1425,320,154,en_iyi_menzil,302,1828.8,3968.9,1932.0,0.04032,79.22,434.1,323.7,81200.0,0.965,16.9,0.737
6000,8750,10,1900,1725,396,179,maks_seyir,302,1828.8,3968.9,2338.8,0.0499,92.09,624.0,465.3,81200.0,0.999,6.9,0.635
6000,8750,10,1900,1600,375,174,ara,302,1828.8,3968.9,2169.3,0.04725,89.51,578.8,431.6,81200.0,0.999,6.9,0.648
6000,8750,10,1900,1400,342,164,ara,302,1828.8,3968.9,1898.1,0.04309,84.37,506.5,377.7,81200.0,0.999,6.9,0.675
6000,8750,10,1900,1275,322,157,en_iyi_menzil,302,1828.8,3968.9,1728.7,0.04057,80.77,461.3,344.0,81200.0,0.999,6.9,0.698
6000,8750,10,1750,1833,396,177,maks_seyir,302,1828.8,3968.9,2485.2,0.0499,91.06,610.8,455.5,81200.0,0.999,6.9,0.648
6000,8750,10,1750,1700,374,172,ara,302,1828.8,3968.9,2304.9,0.04712,88.48,566.5,422.4,81200.0,0.999,6.9,0.66
6000,8750,10,1750,1500,342,163,ara,302,1828.8,3968.9,2033.7,0.04309,83.85,499.8,372.7,81200.0,0.999,6.9,0.684
6000,8750,10,1750,1340,318,155,en_iyi_menzil,302,1828.8,3968.9,1816.8,0.04007,79.74,446.5,333.0,81200.0,0.999,6.9,0.712
6000,8750,10,1600,1940,396,174,maks_seyir,302,1828.8,3968.9,2630.3,0.0499,89.51,591.0,440.7,81200.0,0.999,6.9,0.67
6000,8750,10,1600,1800,373,169,ara,302,1828.8,3968.9,2440.5,0.047,86.94,548.4,408.9,81200.0,0.999,6.9,0.68
6000,8750,10,1600,1600,342,161,ara,302,1828.8,3968.9,2169.3,0.04309,82.83,487.4,363.5,81200.0,0.999,6.9,0.702
6000,8750,10,1600,1405,314,152,en_iyi_menzil,302,1828.8,3968.9,1904.9,0.03956,78.2,428.0,319.2,81200.0,0.999,6.9,0.734
6000,8750,0,1900,1865,422,183,maks_seyir,302,1828.8,3968.9,2528.6,0.05317,94.14,674.7,503.1,81200.0,1.0356,-3.1,0.625
6000,8750,0,1900,1700,389,176,ara,302,1828.8,3968.9,2304.9,0.04901,90.54,615.0,458.6,81200.0,1.0356,-3.1,0.633
6000,8750,0,1900,1500,356,167,ara,302,1828.8,3968.9,2033.7,0.04486,85.91,542.7,404.7,81200.0,1.0356,-3.1,0.656
6000,8750,0,1900,1300,324,156,ara,302,1828.8,3968.9,1762.6,0.04082,80.25,470.3,350.7,81200.0,1.0356,-3.1,0.689
6000,8750,0,1900,1270,319,155,en_iyi_menzil,302,1828.8,3968.9,1721.9,0.04019,79.74,459.4,342.6,81200.0,1.0356,-3.1,0.694
6000,8750,0,1750,1970,420,181,maks_seyir,302,1828.8,3968.9,2671.0,0.05292,93.11,656.4,489.5,81200.0,1.0356,-3.1,0.64
6000,8750,0,1750,1800,387,174,ara,302,1828.8,3968.9,2440.5,0.04876,89.51,599.8,447.3,81200.0,1.0356,-3.1,0.645
6000,8750,0,1750,1600,355,166,ara,302,1828.8,3968.9,2169.3,0.04473,85.4,533.1,397.5,81200.0,1.0356,-3.1,0.666
6000,8750,0,1750,1400,324,156,ara,302,1828.8,3968.9,1898.1,0.04082,80.25,466.5,347.9,81200.0,1.0356,-3.1,0.695
6000,8750,0,1750,1330,314,153,en_iyi_menzil,302,1828.8,3968.9,1803.2,0.03956,78.71,443.2,330.5,81200.0,1.0356,-3.1,0.708
6000,8750,0,1600,1970,398,174,maks_seyir,302,1828.8,3968.9,2671.0,0.05015,89.51,600.2,447.6,81200.0,1.0356,-3.1,0.663
6000,8750,0,1600,1800,369,167,ara,302,1828.8,3968.9,2440.5,0.04649,85.91,548.4,408.9,81200.0,1.0356,-3.1,0.673
6000,8750,0,1600,1600,339,159,ara,302,1828.8,3968.9,2169.3,0.04271,81.8,487.4,363.5,81200.0,1.0356,-3.1,0.696
6000,8750,0,1600,1400,311,150,ara,302,1828.8,3968.9,1898.1,0.03919,77.17,426.5,318.0,81200.0,1.0356,-3.1,0.729
6000,8750,0,1600,1390,309,149,en_iyi_menzil,302,1828.8,3968.9,1884.6,0.03893,76.65,423.5,315.8,81200.0,1.0356,-3.1,0.73
6000,8750,-10,1900,1865,420,181,maks_seyir,302,1828.8,3968.9,2528.6,0.05292,93.11,674.7,503.1,81200.0,1.075,-13.1,0.622
6000,8750,-10,1900,1700,387,174,ara,302,1828.8,3968.9,2304.9,0.04876,89.51,615.0,458.6,81200.0,1.075,-13.1,0.629
6000,8750,-10,1900,1500,353,165,ara,302,1828.8,3968.9,2033.7,0.04448,84.88,542.7,404.7,81200.0,1.075,-13.1,0.65
6000,8750,-10,1900,1300,322,155,ara,302,1828.8,3968.9,1762.6,0.04057,79.74,470.3,350.7,81200.0,1.075,-13.1,0.685
6000,8750,-10,1900,1265,316,153,en_iyi_menzil,302,1828.8,3968.9,1715.1,0.03982,78.71,457.6,341.2,81200.0,1.075,-13.1,0.691
6000,8750,-10,1750,1970,417,179,maks_seyir,302,1828.8,3968.9,2671.0,0.05254,92.09,656.4,489.5,81200.0,1.075,-13.1,0.635
6000,8750,-10,1750,1800,385,172,ara,302,1828.8,3968.9,2440.5,0.04851,88.48,599.8,447.3,81200.0,1.075,-13.1,0.642
6000,8750,-10,1750,1600,352,164,ara,302,1828.8,3968.9,2169.3,0.04435,84.37,533.1,397.5,81200.0,1.075,-13.1,0.66
6000,8750,-10,1750,1400,321,155,ara,302,1828.8,3968.9,1898.1,0.04045,79.74,466.5,347.9,81200.0,1.075,-13.1,0.688
6000,8750,-10,1750,1310,308,150,en_iyi_menzil,302,1828.8,3968.9,1776.1,0.03881,77.17,436.5,325.5,81200.0,1.075,-13.1,0.706
6000,8750,-10,1600,1970,395,172,maks_seyir,302,1828.8,3968.9,2671.0,0.04977,88.48,600.2,447.6,81200.0,1.075,-13.1,0.658
6000,8750,-10,1600,1800,365,166,ara,302,1828.8,3968.9,2440.5,0.04599,85.4,548.4,408.9,81200.0,1.075,-13.1,0.666
6000,8750,-10,1600,1600,336,158,ara,302,1828.8,3968.9,2169.3,0.04234,81.28,487.4,363.5,81200.0,1.075,-13.1,0.689
6000,8750,-10,1600,1400,308,148,ara,302,1828.8,3968.9,1898.1,0.03881,76.14,426.5,318.0,81200.0,1.075,-13.1,0.722
6000,8750,-10,1600,1375,303,147,en_iyi_menzil,302,1828.8,3968.9,1864.2,0.03818,75.62,418.9,312.4,81200.0,1.075,-13.1,0.723
6000,8750,-20,1900,1865,418,179,maks_seyir,302,1828.8,3968.9,2528.6,0.05267,92.09,674.7,503.1,81200.0,1.1174,-23.1,0.62
6000,8750,-20,1900,1700,386,172,ara,302,1828.8,3968.9,2304.9,0.04864,88.48,615.0,458.6,81200.0,1.1174,-23.1,0.628
6000,8750,-20,1900,1500,351,163,ara,302,1828.8,3968.9,2033.7,0.04423,83.85,542.7,404.7,81200.0,1.1174,-23.1,0.647
6000,8750,-20,1900,1300,319,153,ara,302,1828.8,3968.9,1762.6,0.04019,78.71,470.3,350.7,81200.0,1.1174,-23.1,0.678
6000,8750,-20,1900,1245,310,150,en_iyi_menzil,302,1828.8,3968.9,1688.0,0.03906,77.17,450.4,335.9,81200.0,1.1174,-23.1,0.688
6000,8750,-20,1750,1970,414,177,maks_seyir,302,1828.8,3968.9,2671.0,0.05216,91.06,656.4,489.5,81200.0,1.1174,-23.1,0.631
6000,8750,-20,1750,1800,382,171,ara,302,1828.8,3968.9,2440.5,0.04813,87.97,599.8,447.3,81200.0,1.1174,-23.1,0.637
6000,8750,-20,1750,1600,349,162,ara,302,1828.8,3968.9,2169.3,0.04397,83.34,533.1,397.5,81200.0,1.1174,-23.1,0.655
6000,8750,-20,1750,1400,318,153,ara,302,1828.8,3968.9,1898.1,0.04007,78.71,466.5,347.9,81200.0,1.1174,-23.1,0.682
6000,8750,-20,1750,1300,304,148,en_iyi_menzil,302,1828.8,3968.9,1762.6,0.0383,76.14,433.2,323.0,81200.0,1.1174,-23.1,0.702
6000,8750,-20,1600,1970,391,170,maks_seyir,302,1828.8,3968.9,2671.0,0.04927,87.46,600.2,447.6,81200.0,1.1174,-23.1,0.651
6000,8750,-20,1600,1800,362,164,ara,302,1828.8,3968.9,2440.5,0.04561,84.37,548.4,408.9,81200.0,1.1174,-23.1,0.66
6000,8750,-20,1600,1600,333,156,ara,302,1828.8,3968.9,2169.3,0.04196,80.25,487.4,363.5,81200.0,1.1174,-23.1,0.683
6000,8750,-20,1600,1400,304,147,ara,302,1828.8,3968.9,1898.1,0.0383,75.62,426.5,318.0,81200.0,1.1174,-23.1,0.713
6000,8750,-20,1600,1355,298,145,en_iyi_menzil,302,1828.8,3968.9,1837.1,0.03755,74.59,412.8,307.8,81200.0,1.1174,-23.1,0.722
6000,8750,-30,1900,1865,416,177,maks_seyir,302,1828.8,3968.9,2528.6,0.05242,91.06,674.7,503.1,81200.0,1.1634,-33.1,0.617
6000,8750,-30,1900,1700,384,170,ara,302,1828.8,3968.9,2304.9,0.04838,87.46,615.0,458.6,81200.0,1.1634,-33.1,0.624
6000,8750,-30,1900,1500,348,161,ara,302,1828.8,3968.9,2033.7,0.04385,82.83,542.7,404.7,81200.0,1.1634,-33.1,0.641
6000,8750,-30,1900,1300,317,151,ara,302,1828.8,3968.9,1762.6,0.03994,77.68,470.3,350.7,81200.0,1.1634,-33.1,0.674
6000,8750,-30,1900,1240,308,148,en_iyi_menzil,302,1828.8,3968.9,1681.2,0.03881,76.14,448.6,334.5,81200.0,1.1634,-33.1,0.687
6000,8750,-30,1750,1970,412,175,maks_seyir,302,1828.8,3968.9,2671.0,0.05191,90.03,656.4,489.5,81200.0,1.1634,-33.1,0.628
6000,8750,-30,1750,1800,379,168,ara,302,1828.8,3968.9,2440.5,0.04775,86.43,599.8,447.3,81200.0,1.1634,-33.1,0.632
6000,8750,-30,1750,1600,346,160,ara,302,1828.8,3968.9,2169.3,0.0436,82.31,533.1,397.5,81200.0,1.1634,-33.1,0.649
6000,8750,-30,1750,1400,316,151,ara,302,1828.8,3968.9,1898.1,0.03982,77.68,466.5,347.9,81200.0,1.1634,-33.1,0.677
6000,8750,-30,1750,1285,299,145,en_iyi_menzil,302,1828.8,3968.9,1742.2,0.03767,74.59,428.2,319.3,81200.0,1.1634,-33.1,0.698
6000,8750,-30,1600,1970,388,168,maks_seyir,302,1828.8,3968.9,2671.0,0.04889,86.43,600.2,447.6,81200.0,1.1634,-33.1,0.646
6000,8750,-30,1600,1800,359,162,ara,302,1828.8,3968.9,2440.5,0.04523,83.34,548.4,408.9,81200.0,1.1634,-33.1,0.655
6000,8750,-30,1600,1600,330,154,ara,302,1828.8,3968.9,2169.3,0.04158,79.22,487.4,363.5,81200.0,1.1634,-33.1,0.677
6000,8750,-30,1600,1400,301,145,ara,302,1828.8,3968.9,1898.1,0.03793,74.59,426.5,318.0,81200.0,1.1634,-33.1,0.706
6000,8750,-30,1600,1350,294,143,en_iyi_menzil,302,1828.8,3968.9,1830.4,0.03704,73.57,411.3,306.7,81200.0,1.1634,-33.1,0.715
6000,8750,-40,1900,1865,414,174,maks_seyir,302,1828.8,3968.9,2528.6,0.05216,89.51,674.7,503.1,81200.0,1.2133,-43.1,0.614
6000,8750,-40,1900,1700,382,168,ara,302,1828.8,3968.9,2304.9,0.04813,86.43,615.0,458.6,81200.0,1.2133,-43.1,0.621
6000,8750,-40,1900,1500,346,159,ara,302,1828.8,3968.9,2033.7,0.0436,81.8,542.7,404.7,81200.0,1.2133,-43.1,0.638
6000,8750,-40,1900,1300,315,149,ara,302,1828.8,3968.9,1762.6,0.03969,76.65,470.3,350.7,81200.0,1.2133,-43.1,0.67
6000,8750,-40,1900,1240,306,146,en_iyi_menzil,302,1828.8,3968.9,1681.2,0.03856,75.11,448.6,334.5,81200.0,1.2133,-43.1,0.682
6000,8750,-40,1750,1970,409,172,maks_seyir,302,1828.8,3968.9,2671.0,0.05153,88.48,656.4,489.5,81200.0,1.2133,-43.1,0.623
6000,8750,-40,1750,1800,377,166,ara,302,1828.8,3968.9,2440.5,0.0475,85.4,599.8,447.3,81200.0,1.2133,-43.1,0.629
6000,8750,-40,1750,1600,343,158,ara,302,1828.8,3968.9,2169.3,0.04322,81.28,533.1,397.5,81200.0,1.2133,-43.1,0.643
6000,8750,-40,1750,1400,313,149,ara,302,1828.8,3968.9,1898.1,0.03944,76.65,466.5,347.9,81200.0,1.2133,-43.1,0.671
6000,8750,-40,1750,1260,293,142,en_iyi_menzil,302,1828.8,3968.9,1708.3,0.03692,73.05,419.8,313.0,81200.0,1.2133,-43.1,0.698
6000,8750,-40,1600,1970,385,166,maks_seyir,302,1828.8,3968.9,2671.0,0.04851,85.4,600.2,447.6,81200.0,1.2133,-43.1,0.641
6000,8750,-40,1600,1800,356,160,ara,302,1828.8,3968.9,2440.5,0.04486,82.31,548.4,408.9,81200.0,1.2133,-43.1,0.649
6000,8750,-40,1600,1600,326,153,ara,302,1828.8,3968.9,2169.3,0.04108,78.71,487.4,363.5,81200.0,1.2133,-43.1,0.669
6000,8750,-40,1600,1400,298,144,ara,302,1828.8,3968.9,1898.1,0.03755,74.08,426.5,318.0,81200.0,1.2133,-43.1,0.699
6000,8750,-40,1600,1340,289,141,en_iyi_menzil,302,1828.8,3968.9,1816.8,0.03641,72.54,408.2,304.4,81200.0,1.2133,-43.1,0.708
6000,8750,-50,1900,1865,412,172,maks_seyir,302,1828.8,3968.9,2528.6,0.05191,88.48,674.7,503.1,81200.0,1.2677,-53.1,0.611
6000,8750,-50,1900,1700,381,165,ara,302,1828.8,3968.9,2304.9,0.04801,84.88,615.0,458.6,81200.0,1.2677,-53.1,0.62
6000,8750,-50,1900,1500,344,157,ara,302,1828.8,3968.9,2033.7,0.04334,80.77,542.7,404.7,81200.0,1.2677,-53.1,0.634
6000,8750,-50,1900,1300,313,147,ara,302,1828.8,3968.9,1762.6,0.03944,75.62,470.3,350.7,81200.0,1.2677,-53.1,0.666
6000,8750,-50,1900,1250,305,144,en_iyi_menzil,302,1828.8,3968.9,1694.8,0.03843,74.08,452.2,337.2,81200.0,1.2677,-53.1,0.674
6000,8750,-50,1750,1970,406,170,maks_seyir,302,1828.8,3968.9,2671.0,0.05116,87.46,656.4,489.5,81200.0,1.2677,-53.1,0.619
6000,8750,-50,1750,1800,375,164,ara,302,1828.8,3968.9,2440.5,0.04725,84.37,599.8,447.3,81200.0,1.2677,-53.1,0.625
6000,8750,-50,1750,1600,340,156,ara,302,1828.8,3968.9,2169.3,0.04284,80.25,533.1,397.5,81200.0,1.2677,-53.1,0.638
6000,8750,-50,1750,1400,310,148,ara,302,1828.8,3968.9,1898.1,0.03906,76.14,466.5,347.9,81200.0,1.2677,-53.1,0.665
6000,8750,-50,1750,1265,291,141,en_iyi_menzil,302,1828.8,3968.9,1715.1,0.03667,72.54,421.5,314.3,81200.0,1.2677,-53.1,0.69
6000,8750,-50,1600,1970,382,164,maks_seyir,302,1828.8,3968.9,2671.0,0.04813,84.37,600.2,447.6,81200.0,1.2677,-53.1,0.636
6000,8750,-50,1600,1800,353,158,ara,302,1828.8,3968.9,2440.5,0.04448,81.28,548.4,408.9,81200.0,1.2677,-53.1,0.644
6000,8750,-50,1600,1600,323,151,ara,302,1828.8,3968.9,2169.3,0.0407,77.68,487.4,363.5,81200.0,1.2677,-53.1,0.663
6000,8750,-50,1600,1400,295,142,ara,302,1828.8,3968.9,1898.1,0.03717,73.05,426.5,318.0,81200.0,1.2677,-53.1,0.692
6000,8750,-50,1600,1325,284,138,en_iyi_menzil,302,1828.8,3968.9,1796.5,0.03578,70.99,403.7,301.0,81200.0,1.2677,-53.1,0.703
6000,8750,-54,1900,1865,411,171,maks_seyir,302,1828.8,3968.9,2528.6,0.05179,87.97,674.7,503.1,81200.0,1.2908,-57.1,0.609
6000,8750,-54,1900,1700,380,165,ara,302,1828.8,3968.9,2304.9,0.04788,84.88,615.0,458.6,81200.0,1.2908,-57.1,0.618
6000,8750,-54,1900,1500,343,156,ara,302,1828.8,3968.9,2033.7,0.04322,80.25,542.7,404.7,81200.0,1.2908,-57.1,0.632
6000,8750,-54,1900,1300,312,146,ara,302,1828.8,3968.9,1762.6,0.03931,75.11,470.3,350.7,81200.0,1.2908,-57.1,0.663
6000,8750,-54,1900,1250,304,144,en_iyi_menzil,302,1828.8,3968.9,1694.8,0.0383,74.08,452.2,337.2,81200.0,1.2908,-57.1,0.672
6000,8750,-54,1750,1970,405,169,maks_seyir,302,1828.8,3968.9,2671.0,0.05103,86.94,656.4,489.5,81200.0,1.2908,-57.1,0.617
6000,8750,-54,1750,1800,374,163,ara,302,1828.8,3968.9,2440.5,0.04712,83.85,599.8,447.3,81200.0,1.2908,-57.1,0.624
6000,8750,-54,1750,1600,339,155,ara,302,1828.8,3968.9,2169.3,0.04271,79.74,533.1,397.5,81200.0,1.2908,-57.1,0.636
6000,8750,-54,1750,1400,309,147,ara,302,1828.8,3968.9,1898.1,0.03893,75.62,466.5,347.9,81200.0,1.2908,-57.1,0.662
6000,8750,-54,1750,1245,287,139,en_iyi_menzil,302,1828.8,3968.9,1688.0,0.03616,71.51,414.8,309.3,81200.0,1.2908,-57.1,0.692
6000,8750,-54,1600,1970,381,163,maks_seyir,302,1828.8,3968.9,2671.0,0.04801,83.85,600.2,447.6,81200.0,1.2908,-57.1,0.635
6000,8750,-54,1600,1800,352,157,ara,302,1828.8,3968.9,2440.5,0.04435,80.77,548.4,408.9,81200.0,1.2908,-57.1,0.642
6000,8750,-54,1600,1600,322,150,ara,302,1828.8,3968.9,2169.3,0.04057,77.17,487.4,363.5,81200.0,1.2908,-57.1,0.661
6000,8750,-54,1600,1400,294,141,ara,302,1828.8,3968.9,1898.1,0.03704,72.54,426.5,318.0,81200.0,1.2908,-57.1,0.689
6000,8750,-54,1600,1310,282,137,en_iyi_menzil,302,1828.8,3968.9,1776.1,0.03553,70.48,399.1,297.6,81200.0,1.2908,-57.1,0.707
8000,8750,30,1900,1215,311,159,maks_seyir_ve_en_iyi_menzil,303,2438.4,3968.9,1647.3,0.03919,81.8,439.5,327.7,75262.0,0.8649,30.8,0.708
8000,8750,30,1750,1297,311,158,maks_seyir_ve_en_iyi_menzil,303,2438.4,3968.9,1758.5,0.03919,81.28,432.2,322.3,75262.0,0.8649,30.8,0.72
8000,8750,30,1600,1382,311,155,maks_seyir_ve_en_iyi_menzil,303,2438.4,3968.9,1873.7,0.03919,79.74,421.0,313.9,75262.0,0.8649,30.8,0.739
8000,8750,20,1900,1397,338,169,maks_seyir,303,2438.4,3968.9,1894.1,0.04259,86.94,505.4,376.9,75262.0,0.8944,20.8,0.669
8000,8750,20,1900,1260,316,161,en_iyi_menzil,303,2438.4,3968.9,1708.3,0.03982,82.83,455.8,339.9,75262.0,0.8944,20.8,0.693
8000,8750,20,1750,1488,338,167,maks_seyir,303,2438.4,3968.9,2017.5,0.04259,85.91,495.8,369.7,75262.0,0.8944,20.8,0.682
8000,8750,20,1750,1305,309,157,en_iyi_menzil,303,2438.4,3968.9,1769.3,0.03893,80.77,434.8,324.2,75262.0,0.8944,20.8,0.711
8000,8750,20,1600,1579,338,164,maks_seyir,303,2438.4,3968.9,2140.8,0.04259,84.37,481.0,358.7,75262.0,0.8944,20.8,0.703
8000,8750,20,1600,1400,310,155,ara,303,2438.4,3968.9,1898.1,0.03906,79.74,426.5,318.0,75262.0,0.8944,20.8,0.727
8000,8750,20,1600,1385,308,154,en_iyi_menzil,303,2438.4,3968.9,1877.8,0.03881,79.22,421.9,314.6,75262.0,0.8944,20.8,0.73
8000,8750,10,1900,1571,364,176,maks_seyir,303,2438.4,3968.9,2130.0,0.04586,90.54,568.3,423.8,75262.0,0.926,10.8,0.641
8000,8750,10,1900,1400,336,167,ara,303,2438.4,3968.9,1898.1,0.04234,85.91,506.5,377.7,75262.0,0.926,10.8,0.663
8000,8750,10,1900,1245,311,158,en_iyi_menzil,303,2438.4,3968.9,1688.0,0.03919,81.28,450.4,335.9,75262.0,0.926,10.8,0.69
8000,8750,10,1750,1670,364,174,maks_seyir,303,2438.4,3968.9,2264.2,0.04586,89.51,556.5,415.0,75262.0,0.926,10.8,0.654
8000,8750,10,1750,1500,337,166,ara,303,2438.4,3968.9,2033.7,0.04246,85.4,499.8,372.7,75262.0,0.926,10.8,0.674
8000,8750,10,1750,1295,305,155,en_iyi_menzil,303,2438.4,3968.9,1755.8,0.03843,79.74,431.5,321.8,75262.0,0.926,10.8,0.707
8000,8750,10,1600,1767,364,171,maks_seyir,303,2438.4,3968.9,2395.7,0.04586,87.97,538.3,401.4,75262.0,0.926,10.8,0.676
8000,8750,10,1600,1600,337,164,ara,303,2438.4,3968.9,2169.3,0.04246,84.37,487.4,363.5,75262.0,0.926,10.8,0.691
8000,8750,10,1600,1400,308,154,ara,303,2438.4,3968.9,1898.1,0.03881,79.22,426.5,318.0,75262.0,0.926,10.8,0.722
8000,8750,10,1600,1370,303,152,en_iyi_menzil,303,2438.4,3968.9,1857.5,0.03818,78.2,417.4,311.3,75262.0,0.926,10.8,0.726
8000,8750,0,1900,1743,397,182,maks_seyir,303,2438.4,3968.9,2363.2,0.05002,93.63,630.6,470.2,75262.0,0.9599,0.8,0.63
8000,8750,0,1900,1600,368,176,ara,303,2438.4,3968.9,2169.3,0.04637,90.54,578.8,431.6,75262.0,0.9599,0.8,0.636
8000,8750,0,1900,1400,334,165,ara,303,2438.4,3968.9,1898.1,0.04208,84.88,506.5,377.7,75262.0,0.9599,0.8,0.659
8000,8750,0,1900,1235,307,156,en_iyi_menzil,303,2438.4,3968.9,1674.4,0.03868,80.25,446.8,333.2,75262.0,0.9599,0.8,0.687
8000,8750,0,1750,1852,396,180,maks_seyir,303,2438.4,3968.9,2511.0,0.0499,92.6,617.1,460.2,75262.0,0.9599,0.8,0.642
8000,8750,0,1750,1700,367,174,ara,303,2438.4,3968.9,2304.9,0.04624,89.51,566.5,422.4,75262.0,0.9599,0.8,0.648
8000,8750,0,1750,1500,334,165,ara,303,2438.4,3968.9,2033.7,0.04208,84.88,499.8,372.7,75262.0,0.9599,0.8,0.668
8000,8750,0,1750,1300,303,154,ara,303,2438.4,3968.9,1762.6,0.03818,79.22,433.2,323.0,75262.0,0.9599,0.8,0.699
8000,8750,0,1750,1290,302,153,en_iyi_menzil,303,2438.4,3968.9,1749.0,0.03805,78.71,429.8,320.5,75262.0,0.9599,0.8,0.703
8000,8750,0,1600,1957,396,177,maks_seyir,303,2438.4,3968.9,2653.3,0.0499,91.06,596.2,444.6,75262.0,0.9599,0.8,0.664
8000,8750,0,1600,1800,367,171,ara,303,2438.4,3968.9,2440.5,0.04624,87.97,548.4,408.9,75262.0,0.9599,0.8,0.669
8000,8750,0,1600,1600,334,162,ara,303,2438.4,3968.9,2169.3,0.04208,83.34,487.4,363.5,75262.0,0.9599,0.8,0.685
8000,8750,0,1600,1400,304,153,ara,303,2438.4,3968.9,1898.1,0.0383,78.71,426.5,318.0,75262.0,0.9599,0.8,0.713
8000,8750,0,1600,1355,298,150,en_iyi_menzil,303,2438.4,3968.9,1837.1,0.03755,77.17,412.8,307.8,75262.0,0.9599,0.8,0.722
8000,8750,-10,1900,1865,419,185,maks_seyir,303,2438.4,3968.9,2528.6,0.05279,95.17,674.7,503.1,75262.0,0.9964,-9.2,0.621
8000,8750,-10,1900,1700,386,178,ara,303,2438.4,3968.9,2304.9,0.04864,91.57,615.0,458.6,75262.0,0.9964,-9.2,0.628
8000,8750,-10,1900,1500,348,169,ara,303,2438.4,3968.9,2033.7,0.04385,86.94,542.7,404.7,75262.0,0.9964,-9.2,0.641
8000,8750,-10,1900,1300,315,158,ara,303,2438.4,3968.9,1762.6,0.03969,81.28,470.3,350.7,75262.0,0.9964,-9.2,0.67
8000,8750,-10,1900,1225,303,153,en_iyi_menzil,303,2438.4,3968.9,1660.9,0.03818,78.71,443.2,330.5,75262.0,0.9964,-9.2,0.684
8000,8750,-10,1750,1970,416,183,maks_seyir,303,2438.4,3968.9,2671.0,0.05242,94.14,656.4,489.5,75262.0,0.9964,-9.2,0.634
8000,8750,-10,1750,1800,384,176,ara,303,2438.4,3968.9,2440.5,0.04838,90.54,599.8,447.3,75262.0,0.9964,-9.2,0.64
8000,8750,-10,1750,1600,347,168,ara,303,2438.4,3968.9,2169.3,0.04372,86.43,533.1,397.5,75262.0,0.9964,-9.2,0.651
8000,8750,-10,1750,1400,315,158,ara,303,2438.4,3968.9,1898.1,0.03969,81.28,466.5,347.9,75262.0,0.9964,-9.2,0.675
8000,8750,-10,1750,1275,297,151,en_iyi_menzil,303,2438.4,3968.9,1728.7,0.03742,77.68,424.8,316.8,75262.0,0.9964,-9.2,0.699
8000,8750,-10,1600,1970,395,176,maks_seyir,303,2438.4,3968.9,2671.0,0.04977,90.54,600.2,447.6,75262.0,0.9964,-9.2,0.658
8000,8750,-10,1600,1800,363,169,ara,303,2438.4,3968.9,2440.5,0.04574,86.94,548.4,408.9,75262.0,0.9964,-9.2,0.662
8000,8750,-10,1600,1600,331,161,ara,303,2438.4,3968.9,2169.3,0.04171,82.83,487.4,363.5,75262.0,0.9964,-9.2,0.679
8000,8750,-10,1600,1400,302,151,ara,303,2438.4,3968.9,1898.1,0.03805,77.68,426.5,318.0,75262.0,0.9964,-9.2,0.708
8000,8750,-10,1600,1335,293,148,en_iyi_menzil,303,2438.4,3968.9,1810.0,0.03692,76.14,406.7,303.3,75262.0,0.9964,-9.2,0.72
8000,8750,-20,1900,1865,416,183,maks_seyir,303,2438.4,3968.9,2528.6,0.05242,94.14,674.7,503.1,75262.0,1.0357,-19.2,0.617
8000,8750,-20,1900,1700,384,176,ara,303,2438.4,3968.9,2304.9,0.04838,90.54,615.0,458.6,75262.0,1.0357,-19.2,0.624
8000,8750,-20,1900,1500,345,167,ara,303,2438.4,3968.9,2033.7,0.04347,85.91,542.7,404.7,75262.0,1.0357,-19.2,0.636
8000,8750,-20,1900,1300,313,156,ara,303,2438.4,3968.9,1762.6,0.03944,80.25,470.3,350.7,75262.0,1.0357,-19.2,0.666
8000,8750,-20,1900,1210,299,151,en_iyi_menzil,303,2438.4,3968.9,1640.5,0.03767,77.68,437.7,326.4,75262.0,1.0357,-19.2,0.683
8000,8750,-20,1750,1970,414,181,maks_seyir,303,2438.4,3968.9,2671.0,0.05216,93.11,656.4,489.5,75262.0,1.0357,-19.2,0.631
8000,8750,-20,1750,1800,382,174,ara,303,2438.4,3968.9,2440.5,0.04813,89.51,599.8,447.3,75262.0,1.0357,-19.2,0.637
8000,8750,-20,1750,1600,344,166,ara,303,2438.4,3968.9,2169.3,0.04334,85.4,533.1,397.5,75262.0,1.0357,-19.2,0.645
8000,8750,-20,1750,1400,313,156,ara,303,2438.4,3968.9,1898.1,0.03944,80.25,466.5,347.9,75262.0,1.0357,-19.2,0.671
8000,8750,-20,1750,1265,292,149,en_iyi_menzil,303,2438.4,3968.9,1715.1,0.03679,76.65,421.5,314.3,75262.0,1.0357,-19.2,0.693
8000,8750,-20,1600,1970,392,174,maks_seyir,303,2438.4,3968.9,2671.0,0.04939,89.51,600.2,447.6,75262.0,1.0357,-19.2,0.653
8000,8750,-20,1600,1800,360,167,ara,303,2438.4,3968.9,2440.5,0.04536,85.91,548.4,408.9,75262.0,1.0357,-19.2,0.656
8000,8750,-20,1600,1600,328,159,ara,303,2438.4,3968.9,2169.3,0.04133,81.8,487.4,363.5,75262.0,1.0357,-19.2,0.673
8000,8750,-20,1600,1400,299,150,ara,303,2438.4,3968.9,1898.1,0.03767,77.17,426.5,318.0,75262.0,1.0357,-19.2,0.701
8000,8750,-20,1600,1315,287,145,en_iyi_menzil,303,2438.4,3968.9,1782.9,0.03616,74.59,400.6,298.7,75262.0,1.0357,-19.2,0.716
8000,8750,-30,1900,1865,414,181,maks_seyir,303,2438.4,3968.9,2528.6,0.05216,93.11,674.7,503.1,75262.0,1.0783,-29.2,0.614
8000,8750,-30,1900,1700,382,174,ara,303,2438.4,3968.9,2304.9,0.04813,89.51,615.0,458.6,75262.0,1.0783,-29.2,0.621
8000,8750,-30,1900,1500,343,165,ara,303,2438.4,3968.9,2033.7,0.04322,84.88,542.7,404.7,75262.0,1.0783,-29.2,0.632
8000,8750,-30,1900,1300,311,154,ara,303,2438.4,3968.9,1762.6,0.03919,79.22,470.3,350.7,75262.0,1.0783,-29.2,0.661
8000,8750,-30,1900,1210,296,149,en_iyi_menzil,303,2438.4,3968.9,1640.5,0.0373,76.65,437.7,326.4,75262.0,1.0783,-29.2,0.676
8000,8750,-30,1750,1970,411,179,maks_seyir,303,2438.4,3968.9,2671.0,0.05179,92.09,656.4,489.5,75262.0,1.0783,-29.2,0.626
8000,8750,-30,1750,1800,379,172,ara,303,2438.4,3968.9,2440.5,0.04775,88.48,599.8,447.3,75262.0,1.0783,-29.2,0.632
8000,8750,-30,1750,1600,341,164,ara,303,2438.4,3968.9,2169.3,0.04297,84.37,533.1,397.5,75262.0,1.0783,-29.2,0.64
8000,8750,-30,1750,1400,310,155,ara,303,2438.4,3968.9,1898.1,0.03906,79.74,466.5,347.9,75262.0,1.0783,-29.2,0.665
8000,8750,-30,1750,1250,288,146,en_iyi_menzil,303,2438.4,3968.9,1694.8,0.03629,75.11,416.5,310.6,75262.0,1.0783,-29.2,0.691
8000,8750,-30,1600,1970,388,172,maks_seyir,303,2438.4,3968.9,2671.0,0.04889,88.48,600.2,447.6,75262.0,1.0783,-29.2,0.646
8000,8750,-30,1600,1800,357,166,ara,303,2438.4,3968.9,2440.5,0.04498,85.4,548.4,408.9,75262.0,1.0783,-29.2,0.651
8000,8750,-30,1600,1600,325,157,ara,303,2438.4,3968.9,2169.3,0.04095,80.77,487.4,363.5,75262.0,1.0783,-29.2,0.667
8000,8750,-30,1600,1400,296,148,ara,303,2438.4,3968.9,1898.1,0.0373,76.14,426.5,318.0,75262.0,1.0783,-29.2,0.694
8000,8750,-30,1600,1305,282,143,en_iyi_menzil,303,2438.4,3968.9,1769.3,0.03553,73.57,397.6,296.5,75262.0,1.0783,-29.2,0.709
8000,8750,-40,1900,1865,412,178,maks_seyir,303,2438.4,3968.9,2528.6,0.05191,91.57,674.7,503.1,75262.0,1.1246,-39.2,0.611
8000,8750,-40,1900,1700,380,172,ara,303,2438.4,3968.9,2304.9,0.04788,88.48,615.0,458.6,75262.0,1.1246,-39.2,0.618
8000,8750,-40,1900,1500,342,163,ara,303,2438.4,3968.9,2033.7,0.04309,83.85,542.7,404.7,75262.0,1.1246,-39.2,0.63
8000,8750,-40,1900,1300,309,152,ara,303,2438.4,3968.9,1762.6,0.03893,78.2,470.3,350.7,75262.0,1.1246,-39.2,0.657
8000,8750,-40,1900,1215,295,148,en_iyi_menzil,303,2438.4,3968.9,1647.3,0.03717,76.14,439.5,327.7,75262.0,1.1246,-39.2,0.671
8000,8750,-40,1750,1970,408,176,maks_seyir,303,2438.4,3968.9,2671.0,0.05141,90.54,656.4,489.5,75262.0,1.1246,-39.2,0.622
8000,8750,-40,1750,1800,376,170,ara,303,2438.4,3968.9,2440.5,0.04738,87.46,599.8,447.3,75262.0,1.1246,-39.2,0.627
8000,8750,-40,1750,1600,339,162,ara,303,2438.4,3968.9,2169.3,0.04271,83.34,533.1,397.5,75262.0,1.1246,-39.2,0.636
8000,8750,-40,1750,1400,307,153,ara,303,2438.4,3968.9,1898.1,0.03868,78.71,466.5,347.9,75262.0,1.1246,-39.2,0.658
8000,8750,-40,1750,1230,282,143,en_iyi_menzil,303,2438.4,3968.9,1667.7,0.03553,73.57,409.8,305.6,75262.0,1.1246,-39.2,0.688
8000,8750,-40,1600,1970,385,170,maks_seyir,303,2438.4,3968.9,2671.0,0.04851,87.46,600.2,447.6,75262.0,1.1246,-39.2,0.641
8000,8750,-40,1600,1800,355,164,ara,303,2438.4,3968.9,2440.5,0.04473,84.37,548.4,408.9,75262.0,1.1246,-39.2,0.647
8000,8750,-40,1600,1600,322,156,ara,303,2438.4,3968.9,2169.3,0.04057,80.25,487.4,363.5,75262.0,1.1246,-39.2,0.661
8000,8750,-40,1600,1400,293,147,ara,303,2438.4,3968.9,1898.1,0.03692,75.62,426.5,318.0,75262.0,1.1246,-39.2,0.687
8000,8750,-40,1600,1295,278,141,en_iyi_menzil,303,2438.4,3968.9,1755.8,0.03503,72.54,394.5,294.2,75262.0,1.1246,-39.2,0.705
8000,8750,-50,1900,1865,410,176,maks_seyir,303,2438.4,3968.9,2528.6,0.05166,90.54,674.7,503.1,75262.0,1.175,-49.2,0.608
8000,8750,-50,1900,1700,379,169,ara,303,2438.4,3968.9,2304.9,0.04775,86.94,615.0,458.6,75262.0,1.175,-49.2,0.616
8000,8750,-50,1900,1500,341,161,ara,303,2438.4,3968.9,2033.7,0.04297,82.83,542.7,404.7,75262.0,1.175,-49.2,0.628
8000,8750,-50,1900,1300,307,151,ara,303,2438.4,3968.9,1762.6,0.03868,77.68,470.3,350.7,75262.0,1.175,-49.2,0.653
8000,8750,-50,1900,1210,293,146,en_iyi_menzil,303,2438.4,3968.9,1640.5,0.03692,75.11,437.7,326.4,75262.0,1.175,-49.2,0.669
8000,8750,-50,1750,1970,405,174,maks_seyir,303,2438.4,3968.9,2671.0,0.05103,89.51,656.4,489.5,75262.0,1.175,-49.2,0.617
8000,8750,-50,1750,1800,374,168,ara,303,2438.4,3968.9,2440.5,0.04712,86.43,599.8,447.3,75262.0,1.175,-49.2,0.624
8000,8750,-50,1750,1600,337,160,ara,303,2438.4,3968.9,2169.3,0.04246,82.31,533.1,397.5,75262.0,1.175,-49.2,0.632
8000,8750,-50,1750,1400,305,151,ara,303,2438.4,3968.9,1898.1,0.03843,77.68,466.5,347.9,75262.0,1.175,-49.2,0.654
8000,8750,-50,1750,1230,280,142,en_iyi_menzil,303,2438.4,3968.9,1667.7,0.03528,73.05,409.8,305.6,75262.0,1.175,-49.2,0.683
8000,8750,-50,1600,1970,382,168,maks_seyir,303,2438.4,3968.9,2671.0,0.04813,86.43,600.2,447.6,75262.0,1.175,-49.2,0.636
8000,8750,-50,1600,1800,352,162,ara,303,2438.4,3968.9,2440.5,0.04435,83.34,548.4,408.9,75262.0,1.175,-49.2,0.642
8000,8750,-50,1600,1600,319,154,ara,303,2438.4,3968.9,2169.3,0.04019,79.22,487.4,363.5,75262.0,1.175,-49.2,0.654
8000,8750,-50,1600,1400,290,145,ara,303,2438.4,3968.9,1898.1,0.03654,74.59,426.5,318.0,75262.0,1.175,-49.2,0.68
8000,8750,-50,1600,1275,272,139,en_iyi_menzil,303,2438.4,3968.9,1728.7,0.03427,71.51,388.4,289.6,75262.0,1.175,-49.2,0.7
8000,8750,-54,1900,1865,409,175,maks_seyir,303,2438.4,3968.9,2528.6,0.05153,90.03,674.7,503.1,75262.0,1.1964,-53.2,0.606
8000,8750,-54,1900,1700,378,168,ara,303,2438.4,3968.9,2304.9,0.04763,86.43,615.0,458.6,75262.0,1.1964,-53.2,0.615
8000,8750,-54,1900,1500,340,160,ara,303,2438.4,3968.9,2033.7,0.04284,82.31,542.7,404.7,75262.0,1.1964,-53.2,0.626
8000,8750,-54,1900,1300,306,150,ara,303,2438.4,3968.9,1762.6,0.03856,77.17,470.3,350.7,75262.0,1.1964,-53.2,0.651
8000,8750,-54,1900,1205,291,144,en_iyi_menzil,303,2438.4,3968.9,1633.8,0.03667,74.08,435.9,325.1,75262.0,1.1964,-53.2,0.668
8000,8750,-54,1750,1970,404,173,maks_seyir,303,2438.4,3968.9,2671.0,0.0509,89.0,656.4,489.5,75262.0,1.1964,-53.2,0.615
8000,8750,-54,1750,1800,373,167,ara,303,2438.4,3968.9,2440.5,0.047,85.91,599.8,447.3,75262.0,1.1964,-53.2,0.622
8000,8750,-54,1750,1600,337,159,ara,303,2438.4,3968.9,2169.3,0.04246,81.8,533.1,397.5,75262.0,1.1964,-53.2,0.632
8000,8750,-54,1750,1400,304,150,ara,303,2438.4,3968.9,1898.1,0.0383,77.17,466.5,347.9,75262.0,1.1964,-53.2,0.652
8000,8750,-54,1750,1225,278,141,en_iyi_menzil,303,2438.4,3968.9,1660.9,0.03503,72.54,408.2,304.4,75262.0,1.1964,-53.2,0.681
8000,8750,-54,1600,1970,381,167,maks_seyir,303,2438.4,3968.9,2671.0,0.04801,85.91,600.2,447.6,75262.0,1.1964,-53.2,0.635
8000,8750,-54,1600,1800,351,161,ara,303,2438.4,3968.9,2440.5,0.04423,82.83,548.4,408.9,75262.0,1.1964,-53.2,0.64
8000,8750,-54,1600,1600,317,153,ara,303,2438.4,3968.9,2169.3,0.03994,78.71,487.4,363.5,75262.0,1.1964,-53.2,0.65
8000,8750,-54,1600,1400,289,144,ara,303,2438.4,3968.9,1898.1,0.03641,74.08,426.5,318.0,75262.0,1.1964,-53.2,0.678
8000,8750,-54,1600,1270,271,138,en_iyi_menzil,303,2438.4,3968.9,1721.9,0.03415,70.99,386.9,288.5,75262.0,1.1964,-53.2,0.7
10000,8750,25,1900,1182,298,159,maks_seyir_ve_en_iyi_menzil,304,3048.0,3968.9,1602.6,0.03755,81.8,427.6,318.9,69682.0,0.8142,29.8,0.697
10000,8750,25,1750,1261,298,158,maks_seyir_ve_en_iyi_menzil,304,3048.0,3968.9,1709.7,0.03755,81.28,420.2,313.3,69682.0,0.8142,29.8,0.709
10000,8750,25,1600,1341,298,155,maks_seyir_ve_en_iyi_menzil,304,3048.0,3968.9,1818.2,0.03755,79.74,408.5,304.6,69682.0,0.8142,29.8,0.729
10000,8750,20,1900,1266,310,164,maks_seyir,304,3048.0,3968.9,1716.5,0.03906,84.37,458.0,341.5,69682.0,0.8281,24.8,0.677
10000,8750,20,1900,1235,306,162,en_iyi_menzil,304,3048.0,3968.9,1674.4,0.03856,83.34,446.8,333.2,69682.0,0.8281,24.8,0.685
10000,8750,20,1750,1349,310,163,maks_seyir,304,3048.0,3968.9,1829.0,0.03906,83.85,449.5,335.2,69682.0,0.8281,24.8,0.69
10000,8750,20,1750,1285,301,159,en_iyi_menzil,304,3048.0,3968.9,1742.2,0.03793,81.8,428.2,319.3,69682.0,0.8281,24.8,0.703
10000,8750,20,1600,1433,310,159,maks_seyir,304,3048.0,3968.9,1942.9,0.03906,81.8,436.6,325.6,69682.0,0.8281,24.8,0.71
10000,8750,20,1600,1355,299,155,en_iyi_menzil,304,3048.0,3968.9,1837.1,0.03767,79.74,412.8,307.8,69682.0,0.8281,24.8,0.724
10000,8750,10,1900,1426,334,172,maks_seyir,304,3048.0,3968.9,1933.4,0.04208,88.48,515.9,384.7,69682.0,0.8573,14.8,0.647
10000,8750,10,1900,1300,314,165,ara,304,3048.0,3968.9,1762.6,0.03956,84.88,470.3,350.7,69682.0,0.8573,14.8,0.668
10000,8750,10,1900,1235,303,160,en_iyi_menzil,304,3048.0,3968.9,1674.4,0.03818,82.31,446.8,333.2,69682.0,0.8573,14.8,0.678
10000,8750,10,1750,1516,334,170,maks_seyir,304,3048.0,3968.9,2055.4,0.04208,87.46,505.1,376.7,69682.0,0.8573,14.8,0.661
10000,8750,10,1750,1400,316,164,ara,304,3048.0,3968.9,1898.1,0.03982,84.37,466.5,347.9,69682.0,0.8573,14.8,0.677
10000,8750,10,1750,1280,297,157,en_iyi_menzil,304,3048.0,3968.9,1735.4,0.03742,80.77,426.5,318.0,69682.0,0.8573,14.8,0.696
10000,8750,10,1600,1606,334,167,maks_seyir,304,3048.0,3968.9,2177.4,0.04208,85.91,489.3,364.9,69682.0,0.8573,14.8,0.683
10000,8750,10,1600,1500,318,162,ara,304,3048.0,3968.9,2033.7,0.04007,83.34,457.0,340.8,69682.0,0.8573,14.8,0.696
10000,8750,10,1600,1355,295,154,en_iyi_menzil,304,3048.0,3968.9,1837.1,0.03717,79.22,412.8,307.8,69682.0,0.8573,14.8,0.715
10000,8750,0,1900,1586,364,179,maks_seyir,304,3048.0,3968.9,2150.3,0.04586,92.09,573.8,427.9,69682.0,0.8887,4.8,0.634
10000,8750,0,1900,1400,328,169,ara,304,3048.0,3968.9,1898.1,0.04133,86.94,506.5,377.7,69682.0,0.8887,4.8,0.648
10000,8750,0,1900,1215,298,158,en_iyi_menzil,304,3048.0,3968.9,1647.3,0.03755,81.28,439.5,327.7,69682.0,0.8887,4.8,0.678
10000,8750,0,1750,1685,364,177,maks_seyir,304,3048.0,3968.9,2284.6,0.04586,91.06,561.5,418.7,69682.0,0.8887,4.8,0.648
10000,8750,0,1750,1500,330,168,ara,304,3048.0,3968.9,2033.7,0.04158,86.43,499.8,372.7,69682.0,0.8887,4.8,0.66
10000,8750,0,1750,1300,298,157,ara,304,3048.0,3968.9,1762.6,0.03755,80.77,433.2,323.0,69682.0,0.8887,4.8,0.688
10000,8750,0,1750,1265,292,155,en_iyi_menzil,304,3048.0,3968.9,1715.1,0.03679,79.74,421.5,314.3,69682.0,0.8887,4.8,0.693
10000,8750,0,1600,1782,364,174,maks_seyir,304,3048.0,3968.9,2416.1,0.04586,89.51,542.9,404.8,69682.0,0.8887,4.8,0.67
10000,8750,0,1600,1600,330,165,ara,304,3048.0,3968.9,2169.3,0.04158,84.88,487.4,363.5,69682.0,0.8887,4.8,0.677
10000,8750,0,1600,1400,299,155,ara,304,3048.0,3968.9,1898.1,0.03767,79.74,426.5,318.0,69682.0,0.8887,4.8,0.701
10000,8750,0,1600,1340,290,152,en_iyi_menzil,304,3048.0,3968.9,1816.8,0.03654,78.2,408.2,304.4,69682.0,0.8887,4.8,0.71
10000,8750,-10,1900,1745,394,184,maks_seyir,304,3048.0,3968.9,2365.9,0.04964,94.66,631.3,470.8,69682.0,0.9225,-5.2,0.624
10000,8750,-10,1900,1600,365,178,ara,304,3048.0,3968.9,2169.3,0.04599,91.57,578.8,431.6,69682.0,0.9225,-5.2,0.631
10000,8750,-10,1900,1400,326,167,ara,304,3048.0,3968.9,1898.1,0.04108,85.91,506.5,377.7,69682.0,0.9225,-5.2,0.644
10000,8750,-10,1900,1205,294,155,en_iyi_menzil,304,3048.0,3968.9,1633.8,0.03704,79.74,435.9,325.1,69682.0,0.9225,-5.2,0.674
10000,8750,-10,1750,1854,394,182,maks_seyir,304,3048.0,3968.9,2513.7,0.04964,93.63,617.8,460.7,69682.0,0.9225,-5.2,0.638
10000,8750,-10,1750,1700,365,176,ara,304,3048.0,3968.9,2304.9,0.04599,90.54,566.5,422.4,69682.0,0.9225,-5.2,0.644
10000,8750,-10,1750,1500,326,166,ara,304,3048.0,3968.9,2033.7,0.04108,85.4,499.8,372.7,69682.0,0.9225,-5.2,0.652
10000,8750,-10,1750,1300,295,155,ara,304,3048.0,3968.9,1762.6,0.03717,79.74,433.2,323.0,69682.0,0.9225,-5.2,0.681
10000,8750,-10,1750,1260,289,153,en_iyi_menzil,304,3048.0,3968.9,1708.3,0.03641,78.71,419.8,313.0,69682.0,0.9225,-5.2,0.688
10000,8750,-10,1600,1957,394,179,maks_seyir,304,3048.0,3968.9,2653.3,0.04964,92.09,596.2,444.6,69682.0,0.9225,-5.2,0.661
10000,8750,-10,1600,1800,364,173,ara,304,3048.0,3968.9,2440.5,0.04586,89.0,548.4,408.9,69682.0,0.9225,-5.2,0.664
10000,8750,-10,1600,1600,326,164,ara,304,3048.0,3968.9,2169.3,0.04108,84.37,487.4,363.5,69682.0,0.9225,-5.2,0.669
10000,8750,-10,1600,1400,296,154,ara,304,3048.0,3968.9,1898.1,0.0373,79.22,426.5,318.0,69682.0,0.9225,-5.2,0.694
10000,8750,-10,1600,1330,286,150,en_iyi_menzil,304,3048.0,3968.9,1803.2,0.03604,77.17,405.2,302.2,69682.0,0.9225,-5.2,0.706
10000,8750,-20,1900,1865,416,187,maks_seyir,304,3048.0,3968.9,2528.6,0.05242,96.2,674.7,503.1,69682.0,0.9589,-15.2,0.617
10000,8750,-20,1900,1700,383,180,ara,304,3048.0,3968.9,2304.9,0.04826,92.6,615.0,458.6,69682.0,0.9589,-15.2,0.623
10000,8750,-20,1900,1500,343,171,ara,304,3048.0,3968.9,2033.7,0.04322,87.97,542.7,404.7,69682.0,0.9589,-15.2,0.632
10000,8750,-20,1900,1300,308,160,ara,304,3048.0,3968.9,1762.6,0.03881,82.31,470.3,350.7,69682.0,0.9589,-15.2,0.655
10000,8750,-20,1900,1195,290,153,en_iyi_menzil,304,3048.0,3968.9,1620.2,0.03654,78.71,432.3,322.4,69682.0,0.9589,-15.2,0.671
10000,8750,-20,1750,1970,413,184,maks_seyir,304,3048.0,3968.9,2671.0,0.05204,94.66,656.4,489.5,69682.0,0.9589,-15.2,0.629
10000,8750,-20,1750,1800,381,178,ara,304,3048.0,3968.9,2440.5,0.04801,91.57,599.8,447.3,69682.0,0.9589,-15.2,0.635
10000,8750,-20,1750,1600,343,169,ara,304,3048.0,3968.9,2169.3,0.04322,86.94,533.1,397.5,69682.0,0.9589,-15.2,0.643
10000,8750,-20,1750,1400,307,160,ara,304,3048.0,3968.9,1898.1,0.03868,82.31,466.5,347.9,69682.0,0.9589,-15.2,0.658
10000,8750,-20,1750,1250,284,151,en_iyi_menzil,304,3048.0,3968.9,1694.8,0.03578,77.68,416.5,310.6,69682.0,0.9589,-15.2,0.682
10000,8750,-20,1600,1970,393,177,maks_seyir,304,3048.0,3968.9,2671.0,0.04952,91.06,600.2,447.6,69682.0,0.9589,-15.2,0.655
10000,8750,-20,1600,1800,361,171,ara,304,3048.0,3968.9,2440.5,0.04549,87.97,548.4,408.9,69682.0,0.9589,-15.2,0.658
10000,8750,-20,1600,1600,324,162,ara,304,3048.0,3968.9,2169.3,0.04082,83.34,487.4,363.5,69682.0,0.9589,-15.2,0.665
10000,8750,-20,1600,1400,294,152,ara,304,3048.0,3968.9,1898.1,0.03704,78.2,426.5,318.0,69682.0,0.9589,-15.2,0.689
10000,8750,-20,1600,1300,279,147,en_iyi_menzil,304,3048.0,3968.9,1762.6,0.03515,75.62,396.0,295.3,69682.0,0.9589,-15.2,0.705
10000,8750,-30,1900,1865,413,185,maks_seyir,304,3048.0,3968.9,2528.6,0.05204,95.17,674.7,503.1,69682.0,0.9984,-25.2,0.612
10000,8750,-30,1900,1700,381,178,ara,304,3048.0,3968.9,2304.9,0.04801,91.57,615.0,458.6,69682.0,0.9984,-25.2,0.62
10000,8750,-30,1900,1500,342,169,ara,304,3048.0,3968.9,2033.7,0.04309,86.94,542.7,404.7,69682.0,0.9984,-25.2,0.63
10000,8750,-30,1900,1300,305,158,ara,304,3048.0,3968.9,1762.6,0.03843,81.28,470.3,350.7,69682.0,0.9984,-25.2,0.649
10000,8750,-30,1900,1185,287,151,en_iyi_menzil,304,3048.0,3968.9,1606.6,0.03616,77.68,428.7,319.7,69682.0,0.9984,-25.2,0.669
10000,8750,-30,1750,1970,410,182,maks_seyir,304,3048.0,3968.9,2671.0,0.05166,93.63,656.4,489.5,69682.0,0.9984,-25.2,0.625
10000,8750,-30,1750,1800,379,176,ara,304,3048.0,3968.9,2440.5,0.04775,90.54,599.8,447.3,69682.0,0.9984,-25.2,0.632
10000,8750,-30,1750,1600,341,168,ara,304,3048.0,3968.9,2169.3,0.04297,86.43,533.1,397.5,69682.0,0.9984,-25.2,0.64
10000,8750,-30,1750,1400,305,158,ara,304,3048.0,3968.9,1898.1,0.03843,81.28,466.5,347.9,69682.0,0.9984,-25.2,0.654
10000,8750,-30,1750,1230,279,148,en_iyi_menzil,304,3048.0,3968.9,1667.7,0.03515,76.14,409.8,305.6,69682.0,0.9984,-25.2,0.681
10000,8750,-30,1600,1970,389,175,maks_seyir,304,3048.0,3968.9,2671.0,0.04901,90.03,600.2,447.6,69682.0,0.9984,-25.2,0.648
10000,8750,-30,1600,1800,357,169,ara,304,3048.0,3968.9,2440.5,0.04498,86.94,548.4,408.9,69682.0,0.9984,-25.2,0.651
10000,8750,-30,1600,1600,321,161,ara,304,3048.0,3968.9,2169.3,0.04045,82.83,487.4,363.5,69682.0,0.9984,-25.2,0.659
10000,8750,-30,1600,1400,291,151,ara,304,3048.0,3968.9,1898.1,0.03667,77.68,426.5,318.0,69682.0,0.9984,-25.2,0.682
10000,8750,-30,1600,1280,274,145,en_iyi_menzil,304,3048.0,3968.9,1735.4,0.03452,74.59,389.9,290.7,69682.0,0.9984,-25.2,0.703
10000,8750,-40,1900,1865,411,183,maks_seyir,304,3048.0,3968.9,2528.6,0.05179,94.14,674.7,503.1,69682.0,1.0412,-35.2,0.609
10000,8750,-40,1900,1700,379,176,ara,304,3048.0,3968.9,2304.9,0.04775,90.54,615.0,458.6,69682.0,1.0412,-35.2,0.616
10000,8750,-40,1900,1500,340,167,ara,304,3048.0,3968.9,2033.7,0.04284,85.91,542.7,404.7,69682.0,1.0412,-35.2,0.626
10000,8750,-40,1900,1300,303,156,ara,304,3048.0,3968.9,1762.6,0.03818,80.25,470.3,350.7,69682.0,1.0412,-35.2,0.644
10000,8750,-40,1900,1180,284,149,en_iyi_menzil,304,3048.0,3968.9,1599.9,0.03578,76.65,426.9,318.3,69682.0,1.0412,-35.2,0.665
10000,8750,-40,1750,1970,408,180,maks_seyir,304,3048.0,3968.9,2671.0,0.05141,92.6,656.4,489.5,69682.0,1.0412,-35.2,0.622
10000,8750,-40,1750,1800,376,174,ara,304,3048.0,3968.9,2440.5,0.04738,89.51,599.8,447.3,69682.0,1.0412,-35.2,0.627
10000,8750,-40,1750,1600,338,166,ara,304,3048.0,3968.9,2169.3,0.04259,85.4,533.1,397.5,69682.0,1.0412,-35.2,0.634
10000,8750,-40,1750,1400,302,156,ara,304,3048.0,3968.9,1898.1,0.03805,80.25,466.5,347.9,69682.0,1.0412,-35.2,0.647
10000,8750,-40,1750,1220,275,146,en_iyi_menzil,304,3048.0,3968.9,1654.1,0.03465,75.11,406.5,303.1,69682.0,1.0412,-35.2,0.677
10000,8750,-40,1600,1970,385,173,maks_seyir,304,3048.0,3968.9,2671.0,0.04851,89.0,600.2,447.6,69682.0,1.0412,-35.2,0.641
10000,8750,-40,1600,1800,354,167,ara,304,3048.0,3968.9,2440.5,0.0446,85.91,548.4,408.9,69682.0,1.0412,-35.2,0.646
10000,8750,-40,1600,1600,319,159,ara,304,3048.0,3968.9,2169.3,0.04019,81.8,487.4,363.5,69682.0,1.0412,-35.2,0.654
10000,8750,-40,1600,1400,288,149,ara,304,3048.0,3968.9,1898.1,0.03629,76.65,426.5,318.0,69682.0,1.0412,-35.2,0.675
10000,8750,-40,1600,1275,270,143,en_iyi_menzil,304,3048.0,3968.9,1728.7,0.03402,73.57,388.4,289.6,69682.0,1.0412,-35.2,0.695
10000,8750,-50,1900,1865,410,180,maks_seyir,304,3048.0,3968.9,2528.6,0.05166,92.6,674.7,503.1,69682.0,1.0878,-45.2,0.608
10000,8750,-50,1900,1700,377,173,ara,304,3048.0,3968.9,2304.9,0.0475,89.0,615.0,458.6,69682.0,1.0878,-45.2,0.613
10000,8750,-50,1900,1500,339,164,ara,304,3048.0,3968.9,2033.7,0.04271,84.37,542.7,404.7,69682.0,1.0878,-45.2,0.625
10000,8750,-50,1900,1300,301,154,ara,304,3048.0,3968.9,1762.6,0.03793,79.22,470.3,350.7,69682.0,1.0878,-45.2,0.64
10000,8750,-50,1900,1180,282,147,en_iyi_menzil,304,3048.0,3968.9,1599.9,0.03553,75.62,426.9,318.3,69682.0,1.0878,-45.2,0.661
10000,8750,-50,1750,1970,406,178,maks_seyir,304,3048.0,3968.9,2671.0,0.05116,91.57,656.4,489.5,69682.0,1.0878,-45.2,0.619
10000,8750,-50,1750,1800,373,172,ara,304,3048.0,3968.9,2440.5,0.047,88.48,599.8,447.3,69682.0,1.0878,-45.2,0.622
10000,8750,-50,1750,1600,336,164,ara,304,3048.0,3968.9,2169.3,0.04234,84.37,533.1,397.5,69682.0,1.0878,-45.2,0.63
10000,8750,-50,1750,1400,300,154,ara,304,3048.0,3968.9,1898.1,0.0378,79.22,466.5,347.9,69682.0,1.0878,-45.2,0.643
10000,8750,-50,1750,1215,272,144,en_iyi_menzil,304,3048.0,3968.9,1647.3,0.03427,74.08,404.8,301.9,69682.0,1.0878,-45.2,0.672
10000,8750,-50,1600,1970,381,171,maks_seyir,304,3048.0,3968.9,2671.0,0.04801,87.97,600.2,447.6,69682.0,1.0878,-45.2,0.635
10000,8750,-50,1600,1800,352,165,ara,304,3048.0,3968.9,2440.5,0.04435,84.88,548.4,408.9,69682.0,1.0878,-45.2,0.642
10000,8750,-50,1600,1600,316,157,ara,304,3048.0,3968.9,2169.3,0.03982,80.77,487.4,363.5,69682.0,1.0878,-45.2,0.648
10000,8750,-50,1600,1400,285,148,ara,304,3048.0,3968.9,1898.1,0.03591,76.14,426.5,318.0,69682.0,1.0878,-45.2,0.668
10000,8750,-50,1600,1265,265,141,en_iyi_menzil,304,3048.0,3968.9,1715.1,0.03339,72.54,385.4,287.4,69682.0,1.0878,-45.2,0.688
10000,8750,-54,1900,1865,409,179,maks_seyir,304,3048.0,3968.9,2528.6,0.05153,92.09,674.7,503.1,69682.0,1.1077,-49.2,0.606
10000,8750,-54,1900,1700,377,173,ara,304,3048.0,3968.9,2304.9,0.0475,89.0,615.0,458.6,69682.0,1.1077,-49.2,0.613
10000,8750,-54,1900,1500,338,163,ara,304,3048.0,3968.9,2033.7,0.04259,83.85,542.7,404.7,69682.0,1.1077,-49.2,0.623
10000,8750,-54,1900,1300,300,153,ara,304,3048.0,3968.9,1762.6,0.0378,78.71,470.3,350.7,69682.0,1.1077,-49.2,0.638
10000,8750,-54,1900,1180,281,146,en_iyi_menzil,304,3048.0,3968.9,1599.9,0.03541,75.11,426.9,318.3,69682.0,1.1077,-49.2,0.658
10000,8750,-54,1750,1970,405,177,maks_seyir,304,3048.0,3968.9,2671.0,0.05103,91.06,656.4,489.5,69682.0,1.1077,-49.2,0.617
10000,8750,-54,1750,1800,372,171,ara,304,3048.0,3968.9,2440.5,0.04687,87.97,599.8,447.3,69682.0,1.1077,-49.2,0.62
10000,8750,-54,1750,1600,335,163,ara,304,3048.0,3968.9,2169.3,0.04221,83.85,533.1,397.5,69682.0,1.1077,-49.2,0.628
10000,8750,-54,1750,1400,299,153,ara,304,3048.0,3968.9,1898.1,0.03767,78.71,466.5,347.9,69682.0,1.1077,-49.2,0.641
10000,8750,-54,1750,1205,270,142,en_iyi_menzil,304,3048.0,3968.9,1633.8,0.03402,73.05,401.5,299.4,69682.0,1.1077,-49.2,0.672
10000,8750,-54,1600,1970,380,170,maks_seyir,304,3048.0,3968.9,2671.0,0.04788,87.46,600.2,447.6,69682.0,1.1077,-49.2,0.633
10000,8750,-54,1600,1800,351,164,ara,304,3048.0,3968.9,2440.5,0.04423,84.37,548.4,408.9,69682.0,1.1077,-49.2,0.64
10000,8750,-54,1600,1600,316,156,ara,304,3048.0,3968.9,2169.3,0.03982,80.25,487.4,363.5,69682.0,1.1077,-49.2,0.648
10000,8750,-54,1600,1400,284,147,ara,304,3048.0,3968.9,1898.1,0.03578,75.62,426.5,318.0,69682.0,1.1077,-49.2,0.666
10000,8750,-54,1600,1260,263,140,en_iyi_menzil,304,3048.0,3968.9,1708.3,0.03314,72.02,383.9,286.3,69682.0,1.1077,-49.2,0.685
12000,8750,20,1900,1138,284,158,maks_seyir_ve_en_iyi_menzil,305,3657.6,3968.9,1542.9,0.03578,81.28,411.7,307.0,64441.0,0.7658,28.8,0.69
12000,8750,20,1750,1213,284,156,maks_seyir_ve_en_iyi_menzil,305,3657.6,3968.9,1644.6,0.03578,80.25,404.2,301.4,64441.0,0.7658,28.8,0.703
12000,8750,20,1600,1290,284,153,maks_seyir_ve_en_iyi_menzil,305,3657.6,3968.9,1749.0,0.03578,78.71,393.0,293.1,64441.0,0.7658,28.8,0.723
12000,8750,10,1900,1287,306,167,maks_seyir,305,3657.6,3968.9,1744.9,0.03856,85.91,465.6,347.2,64441.0,0.7928,18.8,0.657
12000,8750,10,1900,1220,295,163,en_iyi_menzil,305,3657.6,3968.9,1654.1,0.03717,83.85,441.4,329.2,64441.0,0.7928,18.8,0.668
12000,8750,10,1750,1369,306,165,maks_seyir,305,3657.6,3968.9,1856.1,0.03856,84.88,456.2,340.2,64441.0,0.7928,18.8,0.671
12000,8750,10,1750,1275,291,160,en_iyi_menzil,305,3657.6,3968.9,1728.7,0.03667,82.31,424.8,316.8,64441.0,0.7928,18.8,0.685
12000,8750,10,1600,1452,306,162,maks_seyir,305,3657.6,3968.9,1968.6,0.03856,83.34,442.3,329.8,64441.0,0.7928,18.8,0.692
12000,8750,10,1600,1350,290,156,en_iyi_menzil,305,3657.6,3968.9,1830.4,0.03654,80.25,411.3,306.7,64441.0,0.7928,18.8,0.705
12000,8750,0,1900,1437,333,175,maks_seyir,305,3657.6,3968.9,1948.3,0.04196,90.03,519.9,387.7,64441.0,0.8219,8.8,0.641
12000,8750,0,1900,1300,306,167,ara,305,3657.6,3968.9,1762.6,0.03856,85.91,470.3,350.7,64441.0,0.8219,8.8,0.651
12000,8750,0,1900,1215,293,161,en_iyi_menzil,305,3657.6,3968.9,1647.3,0.03692,82.83,439.5,327.7,64441.0,0.8219,8.8,0.667
12000,8750,0,1750,1527,333,173,maks_seyir,305,3657.6,3968.9,2070.3,0.04196,89.0,508.8,379.4,64441.0,0.8219,8.8,0.654
12000,8750,0,1750,1400,309,166,ara,305,3657.6,3968.9,1898.1,0.03893,85.4,466.5,347.9,64441.0,0.8219,8.8,0.662
12000,8750,0,1750,1260,286,157,en_iyi_menzil,305,3657.6,3968.9,1708.3,0.03604,80.77,419.8,313.0,64441.0,0.8219,8.8,0.681
12000,8750,0,1600,1615,333,169,maks_seyir,305,3657.6,3968.9,2189.6,0.04196,86.94,492.0,366.9,64441.0,0.8219,8.8,0.677
12000,8750,0,1600,1500,311,163,ara,305,3657.6,3968.9,2033.7,0.03919,83.85,457.0,340.8,64441.0,0.8219,8.8,0.681
12000,8750,0,1600,1340,286,154,en_iyi_menzil,305,3657.6,3968.9,1816.8,0.03604,79.22,408.2,304.4,64441.0,0.8219,8.8,0.701
12000,8750,-10,1900,1586,361,181,maks_seyir,305,3657.6,3968.9,2150.3,0.04549,93.11,573.8,427.9,64441.0,0.8531,-1.2,0.629
12000,8750,-10,1900,1400,324,171,ara,305,3657.6,3968.9,1898.1,0.04082,87.97,506.5,377.7,64441.0,0.8531,-1.2,0.64
12000,8750,-10,1900,1205,288,159,en_iyi_menzil,305,3657.6,3968.9,1633.8,0.03629,81.8,435.9,325.1,64441.0,0.8531,-1.2,0.661
12000,8750,-10,1750,1684,361,179,maks_seyir,305,3657.6,3968.9,2283.2,0.04549,92.09,561.1,418.4,64441.0,0.8531,-1.2,0.643
12000,8750,-10,1750,1500,326,170,ara,305,3657.6,3968.9,2033.7,0.04108,87.46,499.8,372.7,64441.0,0.8531,-1.2,0.652
12000,8750,-10,1750,1300,290,158,ara,305,3657.6,3968.9,1762.6,0.03654,81.28,433.2,323.0,64441.0,0.8531,-1.2,0.669
12000,8750,-10,1750,1255,283,155,en_iyi_menzil,305,3657.6,3968.9,1701.6,0.03566,79.74,418.2,311.9,64441.0,0.8531,-1.2,0.677
12000,8750,-10,1600,1778,361,175,maks_seyir,305,3657.6,3968.9,2410.6,0.04549,90.03,541.7,403.9,64441.0,0.8531,-1.2,0.666
12000,8750,-10,1600,1600,327,167,ara,305,3657.6,3968.9,2169.3,0.0412,85.91,487.4,363.5,64441.0,0.8531,-1.2,0.671
12000,8750,-10,1600,1400,292,156,ara,305,3657.6,3968.9,1898.1,0.03679,80.25,426.5,318.0,64441.0,0.8531,-1.2,0.685
12000,8750,-10,1600,1330,281,152,en_iyi_menzil,305,3657.6,3968.9,1803.2,0.03541,78.2,405.2,302.2,64441.0,0.8531,-1.2,0.693
12000,8750,-20,1900,1708,384,185,maks_seyir,305,3657.6,3968.9,2315.7,0.04838,95.17,617.9,460.8,64441.0,0.8868,-11.2,0.621
12000,8750,-20,1900,1600,362,180,ara,305,3657.6,3968.9,2169.3,0.04561,92.6,578.8,431.6,64441.0,0.8868,-11.2,0.625
12000,8750,-20,1900,1400,323,169,ara,305,3657.6,3968.9,1898.1,0.0407,86.94,506.5,377.7,64441.0,0.8868,-11.2,0.638
12000,8750,-20,1900,1200,286,156,ara,305,3657.6,3968.9,1627.0,0.03604,80.25,434.1,323.7,64441.0,0.8868,-11.2,0.659
12000,8750,-20,1900,1185,284,156,en_iyi_menzil,305,3657.6,3968.9,1606.6,0.03578,80.25,428.7,319.7,64441.0,0.8868,-11.2,0.662
12000,8750,-20,1750,1815,384,182,maks_seyir,305,3657.6,3968.9,2460.8,0.04838,93.63,604.8,451.0,64441.0,0.8868,-11.2,0.635
12000,8750,-20,1750,1700,362,178,ara,305,3657.6,3968.9,2304.9,0.04561,91.57,566.5,422.4,64441.0,0.8868,-11.2,0.639
12000,8750,-20,1750,1500,324,168,ara,305,3657.6,3968.9,2033.7,0.04082,86.43,499.8,372.7,64441.0,0.8868,-11.2,0.648
12000,8750,-20,1750,1300,288,157,ara,305,3657.6,3968.9,1762.6,0.03629,80.77,433.2,323.0,64441.0,0.8868,-11.2,0.665
12000,8750,-20,1750,1240,278,153,en_iyi_menzil,305,3657.6,3968.9,1681.2,0.03503,78.71,413.2,308.1,64441.0,0.8868,-11.2,0.673
12000,8750,-20,1600,1915,384,179,maks_seyir,305,3657.6,3968.9,2596.4,0.04838,92.09,583.4,435.0,64441.0,0.8868,-11.2,0.658
12000,8750,-20,1600,1800,362,175,ara,305,3657.6,3968.9,2440.5,0.04561,90.03,548.4,408.9,64441.0,0.8868,-11.2,0.66
12000,8750,-20,1600,1600,324,165,ara,305,3657.6,3968.9,2169.3,0.04082,84.88,487.4,363.5,64441.0,0.8868,-11.2,0.665
12000,8750,-20,1600,1400,290,155,ara,305,3657.6,3968.9,1898.1,0.03654,79.74,426.5,318.0,64441.0,0.8868,-11.2,0.68
12000,8750,-20,1600,1305,275,150,en_iyi_menzil,305,3657.6,3968.9,1769.3,0.03465,77.17,397.6,296.5,64441.0,0.8868,-11.2,0.692
12000,8750,-30,1900,1835,409,188,maks_seyir,305,3657.6,3968.9,2487.9,0.05153,96.72,663.8,495.0,64441.0,0.9233,-21.2,0.616
12000,8750,-30,1900,1700,380,182,ara,305,3657.6,3968.9,2304.9,0.04788,93.63,615.0,458.6,64441.0,0.9233,-21.2,0.618
12000,8750,-30,1900,1500,341,172,ara,305,3657.6,3968.9,2033.7,0.04297,88.48,542.7,404.7,64441.0,0.9233,-21.2,0.628
12000,8750,-30,1900,1300,302,161,ara,305,3657.6,3968.9,1762.6,0.03805,82.83,470.3,350.7,64441.0,0.9233,-21.2,0.642
12000,8750,-30,1900,1185,281,154,en_iyi_menzil,305,3657.6,3968.9,1606.6,0.03541,79.22,428.7,319.7,64441.0,0.9233,-21.2,0.655
12000,8750,-30,1750,1947,409,186,maks_seyir,305,3657.6,3968.9,2639.8,0.05153,95.69,648.8,483.8,64441.0,0.9233,-21.2,0.63
12000,8750,-30,1750,1800,378,180,ara,305,3657.6,3968.9,2440.5,0.04763,92.6,599.8,447.3,64441.0,0.9233,-21.2,0.63
12000,8750,-30,1750,1600,341,171,ara,305,3657.6,3968.9,2169.3,0.04297,87.97,533.1,397.5,64441.0,0.9233,-21.2,0.64
12000,8750,-30,1750,1400,302,161,ara,305,3657.6,3968.9,1898.1,0.03805,82.83,466.5,347.9,64441.0,0.9233,-21.2,0.647
12000,8750,-30,1750,1230,274,151,en_iyi_menzil,305,3657.6,3968.9,1667.7,0.03452,77.68,409.8,305.6,64441.0,0.9233,-21.2,0.669
12000,8750,-30,1600,1970,391,179,maks_seyir,305,3657.6,3968.9,2671.0,0.04927,92.09,600.2,447.6,64441.0,0.9233,-21.2,0.651
12000,8750,-30,1600,1800,359,173,ara,305,3657.6,3968.9,2440.5,0.04523,89.0,548.4,408.9,64441.0,0.9233,-21.2,0.655
12000,8750,-30,1600,1600,321,164,ara,305,3657.6,3968.9,2169.3,0.04045,84.37,487.4,363.5,64441.0,0.9233,-21.2,0.659
12000,8750,-30,1600,1400,287,154,ara,305,3657.6,3968.9,1898.1,0.03616,79.22,426.5,318.0,64441.0,0.9233,-21.2,0.673
12000,8750,-30,1600,1280,269,147,en_iyi_menzil,305,3657.6,3968.9,1735.4,0.03389,75.62,389.9,290.7,64441.0,0.9233,-21.2,0.69
12000,8750,-40,1900,1865,414,187,maks_seyir,305,3657.6,3968.9,2528.6,0.05216,96.2,674.7,503.1,64441.0,0.9629,-31.2,0.614
12000,8750,-40,1900,1700,378,180,ara,305,3657.6,3968.9,2304.9,0.04763,92.6,615.0,458.6,64441.0,0.9629,-31.2,0.615
12000,8750,-40,1900,1500,339,170,ara,305,3657.6,3968.9,2033.7,0.04271,87.46,542.7,404.7,64441.0,0.9629,-31.2,0.625
12000,8750,-40,1900,1300,300,159,ara,305,3657.6,3968.9,1762.6,0.0378,81.8,470.3,350.7,64441.0,0.9629,-31.2,0.638
12000,8750,-40,1900,1165,276,151,en_iyi_menzil,305,3657.6,3968.9,1579.5,0.03478,77.68,421.5,314.3,64441.0,0.9629,-31.2,0.655
12000,8750,-40,1750,1970,411,184,maks_seyir,305,3657.6,3968.9,2671.0,0.05179,94.66,656.4,489.5,64441.0,0.9629,-31.2,0.626
12000,8750,-40,1750,1800,376,178,ara,305,3657.6,3968.9,2440.5,0.04738,91.57,599.8,447.3,64441.0,0.9629,-31.2,0.627
12000,8750,-40,1750,1600,338,169,ara,305,3657.6,3968.9,2169.3,0.04259,86.94,533.1,397.5,64441.0,0.9629,-31.2,0.634
12000,8750,-40,1750,1400,300,159,ara,305,3657.6,3968.9,1898.1,0.0378,81.8,466.5,347.9,64441.0,0.9629,-31.2,0.643
12000,8750,-40,1750,1210,269,148,en_iyi_menzil,305,3657.6,3968.9,1640.5,0.03389,76.14,403.2,300.7,64441.0,0.9629,-31.2,0.667
12000,8750,-40,1600,1970,388,177,maks_seyir,305,3657.6,3968.9,2671.0,0.04889,91.06,600.2,447.6,64441.0,0.9629,-31.2,0.646
12000,8750,-40,1600,1800,355,171,ara,305,3657.6,3968.9,2440.5,0.04473,87.97,548.4,408.9,64441.0,0.9629,-31.2,0.647
12000,8750,-40,1600,1600,319,162,ara,305,3657.6,3968.9,2169.3,0.04019,83.34,487.4,363.5,64441.0,0.9629,-31.2,0.654
12000,8750,-40,1600,1400,284,152,ara,305,3657.6,3968.9,1898.1,0.03578,78.2,426.5,318.0,64441.0,0.9629,-31.2,0.666
12000,8750,-40,1600,1260,263,144,en_iyi_menzil,305,3657.6,3968.9,1708.3,0.03314,74.08,383.9,286.3,64441.0,0.9629,-31.2,0.685
12000,8750,-50,1900,1865,412,184,maks_seyir,305,3657.6,3968.9,2528.6,0.05191,94.66,674.7,503.1,64441.0,1.006,-41.2,0.611
12000,8750,-50,1900,1700,376,178,ara,305,3657.6,3968.9,2304.9,0.04738,91.57,615.0,458.6,64441.0,1.006,-41.2,0.611
12000,8750,-50,1900,1500,338,168,ara,305,3657.6,3968.9,2033.7,0.04259,86.43,542.7,404.7,64441.0,1.006,-41.2,0.623
12000,8750,-50,1900,1300,299,158,ara,305,3657.6,3968.9,1762.6,0.03767,81.28,470.3,350.7,64441.0,1.006,-41.2,0.636
12000,8750,-50,1900,1160,273,149,en_iyi_menzil,305,3657.6,3968.9,1572.7,0.0344,76.65,419.6,312.9,64441.0,1.006,-41.2,0.651
12000,8750,-50,1750,1970,409,182,maks_seyir,305,3657.6,3968.9,2671.0,0.05153,93.63,656.4,489.5,64441.0,1.006,-41.2,0.623
12000,8750,-50,1750,1800,373,176,ara,305,3657.6,3968.9,2440.5,0.047,90.54,599.8,447.3,64441.0,1.006,-41.2,0.622
12000,8750,-50,1750,1600,336,167,ara,305,3657.6,3968.9,2169.3,0.04234,85.91,533.1,397.5,64441.0,1.006,-41.2,0.63
12000,8750,-50,1750,1400,299,157,ara,305,3657.6,3968.9,1898.1,0.03767,80.77,466.5,347.9,64441.0,1.006,-41.2,0.641
12000,8750,-50,1750,1210,266,147,en_iyi_menzil,305,3657.6,3968.9,1640.5,0.03352,75.62,403.2,300.7,64441.0,1.006,-41.2,0.66
12000,8750,-50,1600,1970,384,175,maks_seyir,305,3657.6,3968.9,2671.0,0.04838,90.03,600.2,447.6,64441.0,1.006,-41.2,0.64
12000,8750,-50,1600,1800,352,169,ara,305,3657.6,3968.9,2440.5,0.04435,86.94,548.4,408.9,64441.0,1.006,-41.2,0.642
12000,8750,-50,1600,1600,316,160,ara,305,3657.6,3968.9,2169.3,0.03982,82.31,487.4,363.5,64441.0,1.006,-41.2,0.648
12000,8750,-50,1600,1400,281,151,ara,305,3657.6,3968.9,1898.1,0.03541,77.68,426.5,318.0,64441.0,1.006,-41.2,0.659
12000,8750,-50,1600,1250,259,142,en_iyi_menzil,305,3657.6,3968.9,1694.8,0.03263,73.05,380.8,284.0,64441.0,1.006,-41.2,0.68
12000,8750,-54,1900,1865,411,183,maks_seyir,305,3657.6,3968.9,2528.6,0.05179,94.14,674.7,503.1,64441.0,1.0244,-45.2,0.609
12000,8750,-54,1900,1700,376,177,ara,305,3657.6,3968.9,2304.9,0.04738,91.06,615.0,458.6,64441.0,1.0244,-45.2,0.611
12000,8750,-54,1900,1500,337,167,ara,305,3657.6,3968.9,2033.7,0.04246,85.91,542.7,404.7,64441.0,1.0244,-45.2,0.621
12000,8750,-54,1900,1300,299,157,ara,305,3657.6,3968.9,1762.6,0.03767,80.77,470.3,350.7,64441.0,1.0244,-45.2,0.636
12000,8750,-54,1900,1160,273,148,en_iyi_menzil,305,3657.6,3968.9,1572.7,0.0344,76.14,419.6,312.9,64441.0,1.0244,-45.2,0.651
12000,8750,-54,1750,1970,408,181,maks_seyir,305,3657.6,3968.9,2671.0,0.05141,93.11,656.4,489.5,64441.0,1.0244,-45.2,0.622
12000,8750,-54,1750,1800,372,175,ara,305,3657.6,3968.9,2440.5,0.04687,90.03,599.8,447.3,64441.0,1.0244,-45.2,0.62
12000,8750,-54,1750,1600,335,166,ara,305,3657.6,3968.9,2169.3,0.04221,85.4,533.1,397.5,64441.0,1.0244,-45.2,0.628
12000,8750,-54,1750,1400,298,157,ara,305,3657.6,3968.9,1898.1,0.03755,80.77,466.5,347.9,64441.0,1.0244,-45.2,0.639
12000,8750,-54,1750,1200,265,145,ara,305,3657.6,3968.9,1627.0,0.03339,74.59,399.8,298.1,64441.0,1.0244,-45.2,0.663
12000,8750,-54,1750,1190,263,145,en_iyi_menzil,305,3657.6,3968.9,1613.4,0.03314,74.59,396.5,295.7,64441.0,1.0244,-45.2,0.663
12000,8750,-54,1600,1970,383,174,maks_seyir,305,3657.6,3968.9,2671.0,0.04826,89.51,600.2,447.6,64441.0,1.0244,-45.2,0.638
12000,8750,-54,1600,1800,351,168,ara,305,3657.6,3968.9,2440.5,0.04423,86.43,548.4,408.9,64441.0,1.0244,-45.2,0.64
12000,8750,-54,1600,1600,315,160,ara,305,3657.6,3968.9,2169.3,0.03969,82.31,487.4,363.5,64441.0,1.0244,-45.2,0.646
12000,8750,-54,1600,1400,280,150,ara,305,3657.6,3968.9,1898.1,0.03528,77.17,426.5,318.0,64441.0,1.0244,-45.2,0.657
12000,8750,-54,1600,1245,257,142,en_iyi_menzil,305,3657.6,3968.9,1688.0,0.03238,73.05,379.3,282.8,64441.0,1.0244,-45.2,0.678
14000,8750,15,1900,1087,270,155,maks_seyir_ve_en_iyi_menzil,306,4267.2,3968.9,1473.8,0.03402,79.74,393.2,293.2,59524.0,0.7196,27.7,0.687
14000,8750,15,1750,1159,270,153,maks_seyir_ve_en_iyi_menzil,306,4267.2,3968.9,1571.4,0.03402,78.71,386.2,288.0,59524.0,0.7196,27.7,0.699
14000,8750,15,1600,1232,270,149,maks_seyir_ve_en_iyi_menzil,306,4267.2,3968.9,1670.4,0.03402,76.65,375.3,279.9,59524.0,0.7196,27.7,0.719
14000,8750,10,1900,1157,280,161,maks_seyir_ve_en_iyi_menzil,306,4267.2,3968.9,1568.7,0.03528,82.83,418.6,312.2,59524.0,0.7323,22.7,0.669
14000,8750,10,1750,1232,280,159,maks_seyir_ve_en_iyi_menzil,306,4267.2,3968.9,1670.4,0.03528,81.8,410.5,306.1,59524.0,0.7323,22.7,0.682
14000,8750,10,1600,1307,280,155,maks_seyir_ve_en_iyi_menzil,306,4267.2,3968.9,1772.1,0.03528,79.74,398.2,296.9,59524.0,0.7323,22.7,0.703
14000,8750,0,1900,1297,304,170,maks_seyir,306,4267.2,3968.9,1758.5,0.0383,87.46,469.2,349.9,59524.0,0.7592,12.7,0.648
14000,8750,0,1900,1210,287,164,en_iyi_menzil,306,4267.2,3968.9,1640.5,0.03616,84.37,437.7,326.4,59524.0,0.7592,12.7,0.656
14000,8750,0,1750,1379,304,168,maks_seyir,306,4267.2,3968.9,1869.7,0.0383,86.43,459.5,342.6,59524.0,0.7592,12.7,0.662
14000,8750,0,1750,1265,283,160,en_iyi_menzil,306,4267.2,3968.9,1715.1,0.03566,82.31,421.5,314.3,59524.0,0.7592,12.7,0.671
14000,8750,0,1600,1460,304,164,maks_seyir,306,4267.2,3968.9,1979.5,0.0383,84.37,444.8,331.7,59524.0,0.7592,12.7,0.683
14000,8750,0,1600,1335,282,156,en_iyi_menzil,306,4267.2,3968.9,1810.0,0.03553,80.25,406.7,303.3,59524.0,0.7592,12.7,0.693
14000,8750,-10,1900,1434,330,177,maks_seyir,306,4267.2,3968.9,1944.2,0.04158,91.06,518.8,386.9,59524.0,0.788,2.7,0.636
14000,8750,-10,1900,1300,303,168,ara,306,4267.2,3968.9,1762.6,0.03818,86.43,470.3,350.7,59524.0,0.788,2.7,0.644
14000,8750,-10,1900,1190,281,161,en_iyi_menzil,306,4267.2,3968.9,1613.4,0.03541,82.83,430.5,321.0,59524.0,0.788,2.7,0.653
14000,8750,-10,1750,1523,330,174,maks_seyir,306,4267.2,3968.9,2064.9,0.04158,89.51,507.5,378.4,59524.0,0.788,2.7,0.65
14000,8750,-10,1750,1400,306,167,ara,306,4267.2,3968.9,1898.1,0.03856,85.91,466.5,347.9,59524.0,0.788,2.7,0.656
14000,8750,-10,1750,1240,276,157,en_iyi_menzil,306,4267.2,3968.9,1681.2,0.03478,80.77,413.2,308.1,59524.0,0.788,2.7,0.668
14000,8750,-10,1600,1610,330,171,maks_seyir,306,4267.2,3968.9,2182.9,0.04158,87.97,490.5,365.8,59524.0,0.788,2.7,0.673
14000,8750,-10,1600,1500,309,165,ara,306,4267.2,3968.9,2033.7,0.03893,84.88,457.0,340.8,59524.0,0.788,2.7,0.676
14000,8750,-10,1600,1325,277,154,en_iyi_menzil,306,4267.2,3968.9,1796.5,0.0349,79.22,403.7,301.0,59524.0,0.788,2.7,0.686
14000,8750,-20,1900,1553,352,181,maks_seyir,306,4267.2,3968.9,2105.6,0.04435,93.11,561.8,418.9,59524.0,0.8191,-7.3,0.627
14000,8750,-20,1900,1400,322,173,ara,306,4267.2,3968.9,1898.1,0.04057,89.0,506.5,377.7,59524.0,0.8191,-7.3,0.636
14000,8750,-20,1900,1200,282,160,ara,306,4267.2,3968.9,1627.0,0.03553,82.31,434.1,323.7,59524.0,0.8191,-7.3,0.65
14000,8750,-20,1900,1180,278,158,en_iyi_menzil,306,4267.2,3968.9,1599.9,0.03503,81.28,426.9,318.3,59524.0,0.8191,-7.3,0.651
14000,8750,-20,1750,1649,352,179,maks_seyir,306,4267.2,3968.9,2235.7,0.04435,92.09,549.5,409.8,59524.0,0.8191,-7.3,0.641
14000,8750,-20,1750,1500,323,172,ara,306,4267.2,3968.9,2033.7,0.0407,88.48,499.8,372.7,59524.0,0.8191,-7.3,0.646
14000,8750,-20,1750,1300,285,160,ara,306,4267.2,3968.9,1762.6,0.03591,82.31,433.2,323.0,59524.0,0.8191,-7.3,0.658
14000,8750,-20,1750,1235,273,156,en_iyi_menzil,306,4267.2,3968.9,1674.4,0.0344,80.25,411.5,306.9,59524.0,0.8191,-7.3,0.663
14000,8750,-20,1600,1741,352,175,maks_seyir,306,4267.2,3968.9,2360.5,0.04435,90.03,530.4,395.5,59524.0,0.8191,-7.3,0.664
14000,8750,-20,1600,1600,325,169,ara,306,4267.2,3968.9,2169.3,0.04095,86.94,487.4,363.5,59524.0,0.8191,-7.3,0.667
14000,8750,-20,1600,1400,287,158,ara,306,4267.2,3968.9,1898.1,0.03616,81.28,426.5,318.0,59524.0,0.8191,-7.3,0.673
14000,8750,-20,1600,1315,272,152,en_iyi_menzil,306,4267.2,3968.9,1782.9,0.03427,78.2,400.6,298.7,59524.0,0.8191,-7.3,0.679
14000,8750,-30,1900,1666,374,185,maks_seyir,306,4267.2,3968.9,2258.8,0.04712,95.17,602.7,449.4,59524.0,0.8528,-17.3,0.621
14000,8750,-30,1900,1500,340,176,ara,306,4267.2,3968.9,2033.7,0.04284,90.54,542.7,404.7,59524.0,0.8528,-17.3,0.626
14000,8750,-30,1900,1300,300,165,ara,306,4267.2,3968.9,1762.6,0.0378,84.88,470.3,350.7,59524.0,0.8528,-17.3,0.638
14000,8750,-30,1900,1160,273,156,en_iyi_menzil,306,4267.2,3968.9,1572.7,0.0344,80.25,419.6,312.9,59524.0,0.8528,-17.3,0.651
14000,8750,-30,1750,1768,374,182,maks_seyir,306,4267.2,3968.9,2397.1,0.04712,93.63,589.1,439.3,59524.0,0.8528,-17.3,0.635
14000,8750,-30,1750,1600,340,175,ara,306,4267.2,3968.9,2169.3,0.04284,90.03,533.1,397.5,59524.0,0.8528,-17.3,0.638
14000,8750,-30,1750,1400,302,164,ara,306,4267.2,3968.9,1898.1,0.03805,84.37,466.5,347.9,59524.0,0.8528,-17.3,0.647
14000,8750,-30,1750,1225,269,153,en_iyi_menzil,306,4267.2,3968.9,1660.9,0.03389,78.71,408.2,304.4,59524.0,0.8528,-17.3,0.659
14000,8750,-30,1600,1865,374,179,maks_seyir,306,4267.2,3968.9,2528.6,0.04712,92.09,568.2,423.7,59524.0,0.8528,-17.3,0.658
14000,8750,-30,1600,1700,341,172,ara,306,4267.2,3968.9,2304.9,0.04297,88.48,517.9,386.2,59524.0,0.8528,-17.3,0.658
14000,8750,-30,1600,1500,303,162,ara,306,4267.2,3968.9,2033.7,0.03818,83.34,457.0,340.8,59524.0,0.8528,-17.3,0.663
14000,8750,-30,1600,1300,269,150,ara,306,4267.2,3968.9,1762.6,0.03389,77.17,396.0,295.3,59524.0,0.8528,-17.3,0.679
14000,8750,-30,1600,1285,266,150,en_iyi_menzil,306,4267.2,3968.9,1742.2,0.03352,77.17,391.5,291.9,59524.0,0.8528,-17.3,0.679
14000,8750,-40,1900,1790,400,188,maks_seyir,306,4267.2,3968.9,2426.9,0.0504,96.72,647.6,482.9,59524.0,0.8894,-27.3,0.618
14000,8750,-40,1900,1600,358,179,ara,306,4267.2,3968.9,2169.3,0.04511,92.09,578.8,431.6,59524.0,0.8894,-27.3,0.619
14000,8750,-40,1900,1400,319,169,ara,306,4267.2,3968.9,1898.1,0.04019,86.94,506.5,377.7,59524.0,0.8894,-27.3,0.63
14000,8750,-40,1900,1200,280,156,ara,306,4267.2,3968.9,1627.0,0.03528,80.25,434.1,323.7,59524.0,0.8894,-27.3,0.645
14000,8750,-40,1900,1150,269,153,en_iyi_menzil,306,4267.2,3968.9,1559.2,0.03389,78.71,416.0,310.2,59524.0,0.8894,-27.3,0.647
14000,8750,-40,1750,1899,399,186,maks_seyir,306,4267.2,3968.9,2574.7,0.05027,95.69,632.8,471.9,59524.0,0.8894,-27.3,0.631
14000,8750,-40,1750,1700,357,177,ara,306,4267.2,3968.9,2304.9,0.04498,91.06,566.5,422.4,59524.0,0.8894,-27.3,0.63
14000,8750,-40,1750,1500,319,168,ara,306,4267.2,3968.9,2033.7,0.04019,86.43,499.8,372.7,59524.0,0.8894,-27.3,0.638
14000,8750,-40,1750,1300,281,157,ara,306,4267.2,3968.9,1762.6,0.03541,80.77,433.2,323.0,59524.0,0.8894,-27.3,0.649
14000,8750,-40,1750,1210,264,151,en_iyi_menzil,306,4267.2,3968.9,1640.5,0.03326,77.68,403.2,300.7,59524.0,0.8894,-27.3,0.655
14000,8750,-40,1600,1970,393,181,maks_seyir,306,4267.2,3968.9,2671.0,0.04952,93.11,600.2,447.6,59524.0,0.8894,-27.3,0.655
14000,8750,-40,1600,1800,357,174,ara,306,4267.2,3968.9,2440.5,0.04498,89.51,548.4,408.9,59524.0,0.8894,-27.3,0.651
14000,8750,-40,1600,1600,319,165,ara,306,4267.2,3968.9,2169.3,0.04019,84.88,487.4,363.5,59524.0,0.8894,-27.3,0.654
14000,8750,-40,1600,1400,283,155,ara,306,4267.2,3968.9,1898.1,0.03566,79.74,426.5,318.0,59524.0,0.8894,-27.3,0.664
14000,8750,-40,1600,1270,261,147,en_iyi_menzil,306,4267.2,3968.9,1721.9,0.03289,75.62,386.9,288.5,59524.0,0.8894,-27.3,0.675
14000,8750,-50,1900,1865,413,189,maks_seyir,306,4267.2,3968.9,2528.6,0.05204,97.23,674.7,503.1,59524.0,0.9293,-37.3,0.612
14000,8750,-50,1900,1700,378,182,ara,306,4267.2,3968.9,2304.9,0.04763,93.63,615.0,458.6,59524.0,0.9293,-37.3,0.615
14000,8750,-50,1900,1500,336,172,ara,306,4267.2,3968.9,2033.7,0.04234,88.48,542.7,404.7,59524.0,0.9293,-37.3,0.619
14000,8750,-50,1900,1300,298,161,ara,306,4267.2,3968.9,1762.6,0.03755,82.83,470.3,350.7,59524.0,0.9293,-37.3,0.634
14000,8750,-50,1900,1125,264,150,en_iyi_menzil,306,4267.2,3968.9,1525.3,0.03326,77.17,407.0,303.5,59524.0,0.9293,-37.3,0.649
14000,8750,-50,1750,1970,411,186,maks_seyir,306,4267.2,3968.9,2671.0,0.05179,95.69,656.4,489.5,59524.0,0.9293,-37.3,0.626
14000,8750,-50,1750,1800,376,180,ara,306,4267.2,3968.9,2440.5,0.04738,92.6,599.8,447.3,59524.0,0.9293,-37.3,0.627
14000,8750,-50,1750,1600,335,171,ara,306,4267.2,3968.9,2169.3,0.04221,87.97,533.1,397.5,59524.0,0.9293,-37.3,0.628
14000,8750,-50,1750,1400,298,161,ara,306,4267.2,3968.9,1898.1,0.03755,82.83,466.5,347.9,59524.0,0.9293,-37.3,0.639
14000,8750,-50,1750,1195,260,148,en_iyi_menzil,306,4267.2,3968.9,1620.2,0.03276,76.14,398.2,296.9,59524.0,0.9293,-37.3,0.653
14000,8750,-50,1600,1970,389,179,maks_seyir,306,4267.2,3968.9,2671.0,0.04901,92.09,600.2,447.6,59524.0,0.9293,-37.3,0.648
14000,8750,-50,1600,1800,353,172,ara,306,4267.2,3968.9,2440.5,0.04448,88.48,548.4,408.9,59524.0,0.9293,-37.3,0.644
14000,8750,-50,1600,1600,316,163,ara,306,4267.2,3968.9,2169.3,0.03982,83.85,487.4,363.5,59524.0,0.9293,-37.3,0.648
14000,8750,-50,1600,1400,281,153,ara,306,4267.2,3968.9,1898.1,0.03541,78.71,426.5,318.0,59524.0,0.9293,-37.3,0.659
14000,8750,-50,1600,1245,254,144,en_iyi_menzil,306,4267.2,3968.9,1688.0,0.032,74.08,379.3,282.8,59524.0,0.9293,-37.3,0.67
14000,8750,-54,1900,1865,412,188,maks_seyir,306,4267.2,3968.9,2528.6,0.05191,96.72,674.7,503.1,59524.0,0.9462,-41.3,0.611
14000,8750,-54,1900,1700,378,181,ara,306,4267.2,3968.9,2304.9,0.04763,93.11,615.0,458.6,59524.0,0.9462,-41.3,0.615
14000,8750,-54,1900,1500,336,171,ara,306,4267.2,3968.9,2033.7,0.04234,87.97,542.7,404.7,59524.0,0.9462,-41.3,0.619
14000,8750,-54,1900,1300,297,160,ara,306,4267.2,3968.9,1762.6,0.03742,82.31,470.3,350.7,59524.0,0.9462,-41.3,0.632
14000,8750,-54,1900,1115,262,148,en_iyi_menzil,306,4267.2,3968.9,1511.7,0.03301,76.14,403.4,300.8,59524.0,0.9462,-41.3,0.649
14000,8750,-54,1750,1970,409,185,maks_seyir,306,4267.2,3968.9,2671.0,0.05153,95.17,656.4,489.5,59524.0,0.9462,-41.3,0.623
14000,8750,-54,1750,1800,376,179,ara,306,4267.2,3968.9,2440.5,0.04738,92.09,599.8,447.3,59524.0,0.9462,-41.3,0.627
14000,8750,-54,1750,1600,335,170,ara,306,4267.2,3968.9,2169.3,0.04221,87.46,533.1,397.5,59524.0,0.9462,-41.3,0.628
14000,8750,-54,1750,1400,297,160,ara,306,4267.2,3968.9,1898.1,0.03742,82.31,466.5,347.9,59524.0,0.9462,-41.3,0.637
14000,8750,-54,1750,1200,260,148,ara,306,4267.2,3968.9,1627.0,0.03276,76.14,399.8,298.1,59524.0,0.9462,-41.3,0.65
14000,8750,-54,1750,1180,257,147,en_iyi_menzil,306,4267.2,3968.9,1599.9,0.03238,75.62,393.2,293.2,59524.0,0.9462,-41.3,0.654
14000,8750,-54,1600,1970,387,178,maks_seyir,306,4267.2,3968.9,2671.0,0.04876,91.57,600.2,447.6,59524.0,0.9462,-41.3,0.645
14000,8750,-54,1600,1800,352,171,ara,306,4267.2,3968.9,2440.5,0.04435,87.97,548.4,408.9,59524.0,0.9462,-41.3,0.642
14000,8750,-54,1600,1600,316,163,ara,306,4267.2,3968.9,2169.3,0.03982,83.85,487.4,363.5,59524.0,0.9462,-41.3,0.648
14000,8750,-54,1600,1400,280,153,ara,306,4267.2,3968.9,1898.1,0.03528,78.71,426.5,318.0,59524.0,0.9462,-41.3,0.657
14000,8750,-54,1600,1245,253,144,en_iyi_menzil,306,4267.2,3968.9,1688.0,0.03188,74.08,379.3,282.8,59524.0,0.9462,-41.3,0.667
16000,8750,10,1900,1039,256,152,maks_seyir_ve_en_iyi_menzil,307,4876.8,3968.9,1408.7,0.03226,78.2,375.9,280.3,54915.0,0.6756,26.7,0.681
16000,8750,10,1750,1107,256,149,maks_seyir_ve_en_iyi_menzil,307,4876.8,3968.9,1500.9,0.03226,76.65,368.9,275.1,54915.0,0.6756,26.7,0.694
16000,8750,10,1600,1176,256,144,maks_seyir_ve_en_iyi_menzil,307,4876.8,3968.9,1594.4,0.03226,74.08,358.3,267.2,54915.0,0.6756,26.7,0.714
16000,8750,0,1900,1169,277,163,maks_seyir,307,4876.8,3968.9,1585.0,0.0349,83.85,422.9,315.4,54915.0,0.7004,16.7,0.655
16000,8750,0,1900,1160,275,162,en_iyi_menzil,307,4876.8,3968.9,1572.7,0.03465,83.34,419.6,312.9,54915.0,0.7004,16.7,0.655
16000,8750,0,1750,1243,277,161,maks_seyir,307,4876.8,3968.9,1685.3,0.0349,82.83,414.2,308.9,54915.0,0.7004,16.7,0.669
16000,8750,0,1750,1235,275,160,en_iyi_menzil,307,4876.8,3968.9,1674.4,0.03465,82.31,411.5,306.9,54915.0,0.7004,16.7,0.668
16000,8750,0,1600,1317,277,157,maks_seyir,307,4876.8,3968.9,1785.6,0.0349,80.77,401.2,299.2,54915.0,0.7004,16.7,0.69
16000,8750,0,1600,1315,276,157,en_iyi_menzil,307,4876.8,3968.9,1782.9,0.03478,80.77,400.6,298.7,54915.0,0.7004,16.7,0.689
16000,8750,-10,1900,1293,301,171,maks_seyir,307,4876.8,3968.9,1753.1,0.03793,87.97,467.8,348.8,54915.0,0.727,6.7,0.643
16000,8750,-10,1900,1140,270,160,en_iyi_menzil,307,4876.8,3968.9,1545.6,0.03402,82.31,412.4,307.5,54915.0,0.727,6.7,0.655
16000,8750,-10,1750,1374,301,169,maks_seyir,307,4876.8,3968.9,1862.9,0.03793,86.94,457.8,341.4,54915.0,0.727,6.7,0.657
16000,8750,-10,1750,1215,269,157,en_iyi_menzil,307,4876.8,3968.9,1647.3,0.03389,80.77,404.8,301.9,54915.0,0.727,6.7,0.665
16000,8750,-10,1600,1453,301,165,maks_seyir,307,4876.8,3968.9,1970.0,0.03793,84.88,442.7,330.1,54915.0,0.727,6.7,0.68
16000,8750,-10,1600,1300,271,155,en_iyi_menzil,307,4876.8,3968.9,1762.6,0.03415,79.74,396.0,295.3,54915.0,0.727,6.7,0.684
16000,8750,-20,1900,1407,322,177,maks_seyir,307,4876.8,3968.9,1907.6,0.04057,91.06,509.0,379.6,54915.0,0.7557,-3.3,0.633
16000,8750,-20,1900,1300,301,170,ara,307,4876.8,3968.9,1762.6,0.03793,87.46,470.3,350.7,54915.0,0.7557,-3.3,0.64
16000,8750,-20,1900,1130,266,157,en_iyi_menzil,307,4876.8,3968.9,1532.1,0.03352,80.77,408.8,304.8,54915.0,0.7557,-3.3,0.651
16000,8750,-20,1750,1494,322,174,maks_seyir,307,4876.8,3968.9,2025.6,0.04057,89.51,497.8,371.2,54915.0,0.7557,-3.3,0.647
16000,8750,-20,1750,1300,284,163,ara,307,4876.8,3968.9,1762.6,0.03578,83.85,433.2,323.0,54915.0,0.7557,-3.3,0.656
16000,8750,-20,1750,1200,265,155,en_iyi_menzil,307,4876.8,3968.9,1627.0,0.03339,79.74,399.8,298.1,54915.0,0.7557,-3.3,0.663
16000,8750,-20,1600,1579,322,171,maks_seyir,307,4876.8,3968.9,2140.8,0.04057,87.97,481.0,358.7,54915.0,0.7557,-3.3,0.669
16000,8750,-20,1600,1400,288,160,ara,307,4876.8,3968.9,1898.1,0.03629,82.31,426.5,318.0,54915.0,0.7557,-3.3,0.675
16000,8750,-20,1600,1285,266,153,en_iyi_menzil,307,4876.8,3968.9,1742.2,0.03352,78.71,391.5,291.9,54915.0,0.7557,-3.3,0.679
16000,8750,-30,1900,1510,342,181,maks_seyir,307,4876.8,3968.9,2047.3,0.04309,93.11,546.3,407.4,54915.0,0.7868,-13.3,0.626
16000,8750,-30,1900,1400,319,175,ara,307,4876.8,3968.9,1898.1,0.04019,90.03,506.5,377.7,54915.0,0.7868,-13.3,0.63
16000,8750,-30,1900,1200,279,161,ara,307,4876.8,3968.9,1627.0,0.03515,82.83,434.1,323.7,54915.0,0.7868,-13.3,0.643
16000,8750,-30,1900,1115,262,155,en_iyi_menzil,307,4876.8,3968.9,1511.7,0.03301,79.74,403.4,300.8,54915.0,0.7868,-13.3,0.649
16000,8750,-30,1750,1604,342,178,maks_seyir,307,4876.8,3968.9,2174.7,0.04309,91.57,534.5,398.6,54915.0,0.7868,-13.3,0.64
16000,8750,-30,1750,1400,302,167,ara,307,4876.8,3968.9,1898.1,0.03805,85.91,466.5,347.9,54915.0,0.7868,-13.3,0.647
16000,8750,-30,1750,1200,263,154,ara,307,4876.8,3968.9,1627.0,0.03314,79.22,399.8,298.1,54915.0,0.7868,-13.3,0.658
16000,8750,-30,1750,1185,260,153,en_iyi_menzil,307,4876.8,3968.9,1606.6,0.03276,78.71,394.8,294.4,54915.0,0.7868,-13.3,0.659
16000,8750,-30,1600,1693,341,175,maks_seyir,307,4876.8,3968.9,2295.4,0.04297,90.03,515.8,384.6,54915.0,0.7868,-13.3,0.661
16000,8750,-30,1600,1500,304,165,ara,307,4876.8,3968.9,2033.7,0.0383,84.88,457.0,340.8,54915.0,0.7868,-13.3,0.665
16000,8750,-30,1600,1300,266,153,ara,307,4876.8,3968.9,1762.6,0.03352,78.71,396.0,295.3,54915.0,0.7868,-13.3,0.672
16000,8750,-30,1600,1265,260,150,en_iyi_menzil,307,4876.8,3968.9,1715.1,0.03276,77.17,385.4,287.4,54915.0,0.7868,-13.3,0.675
16000,8750,-40,1900,1622,365,185,maks_seyir,307,4876.8,3968.9,2199.1,0.04599,95.17,586.8,437.6,54915.0,0.8205,-23.3,0.622
16000,8750,-40,1900,1500,338,178,ara,307,4876.8,3968.9,2033.7,0.04259,91.57,542.7,404.7,54915.0,0.8205,-23.3,0.623
16000,8750,-40,1900,1300,298,167,ara,307,4876.8,3968.9,1762.6,0.03755,85.91,470.3,350.7,54915.0,0.8205,-23.3,0.634
16000,8750,-40,1900,1095,257,152,en_iyi_menzil,307,4876.8,3968.9,1484.6,0.03238,78.2,396.1,295.4,54915.0,0.8205,-23.3,0.649
16000,8750,-40,1750,1721,365,182,maks_seyir,307,4876.8,3968.9,2333.4,0.04599,93.63,573.4,427.6,54915.0,0.8205,-23.3,0.637
16000,8750,-40,1750,1600,339,176,ara,307,4876.8,3968.9,2169.3,0.04271,90.54,533.1,397.5,54915.0,0.8205,-23.3,0.636
16000,8750,-40,1750,1400,300,166,ara,307,4876.8,3968.9,1898.1,0.0378,85.4,466.5,347.9,54915.0,0.8205,-23.3,0.643
16000,8750,-40,1750,1200,262,153,ara,307,4876.8,3968.9,1627.0,0.03301,78.71,399.8,298.1,54915.0,0.8205,-23.3,0.655
16000,8750,-40,1750,1165,255,150,en_iyi_menzil,307,4876.8,3968.9,1579.5,0.03213,77.17,388.2,289.5,54915.0,0.8205,-23.3,0.657
16000,8750,-40,1600,1813,364,179,maks_seyir,307,4876.8,3968.9,2458.1,0.04586,92.09,552.3,411.9,54915.0,0.8205,-23.3,0.659
16000,8750,-40,1600,1700,340,174,ara,307,4876.8,3968.9,2304.9,0.04284,89.51,517.9,386.2,54915.0,0.8205,-23.3,0.656
16000,8750,-40,1600,1500,301,163,ara,307,4876.8,3968.9,2033.7,0.03793,83.85,457.0,340.8,54915.0,0.8205,-23.3,0.659
16000,8750,-40,1600,1300,265,151,ara,307,4876.8,3968.9,1762.6,0.03339,77.68,396.0,295.3,54915.0,0.8205,-23.3,0.669
16000,8750,-40,1600,1245,254,148,en_iyi_menzil,307,4876.8,3968.9,1688.0,0.032,76.14,379.3,282.8,54915.0,0.8205,-23.3,0.67
16000,8750,-50,1900,1737,387,188,maks_seyir,307,4876.8,3968.9,2355.1,0.04876,96.72,628.4,468.6,54915.0,0.8573,-33.3,0.616
16000,8750,-50,1900,1600,359,181,ara,307,4876.8,3968.9,2169.3,0.04523,93.11,578.8,431.6,54915.0,0.8573,-33.3,0.62
16000,8750,-50,1900,1400,316,171,ara,307,4876.8,3968.9,1898.1,0.03982,87.97,506.5,377.7,54915.0,0.8573,-33.3,0.624
16000,8750,-50,1900,1200,277,158,ara,307,4876.8,3968.9,1627.0,0.0349,81.28,434.1,323.7,54915.0,0.8573,-33.3,0.638
16000,8750,-50,1900,1075,252,149,en_iyi_menzil,307,4876.8,3968.9,1457.5,0.03175,76.65,388.9,290.0,54915.0,0.8573,-33.3,0.648
16000,8750,-50,1750,1842,386,185,maks_seyir,307,4876.8,3968.9,2497.4,0.04864,95.17,613.8,457.7,54915.0,0.8573,-33.3,0.629
16000,8750,-50,1750,1700,358,179,ara,307,4876.8,3968.9,2304.9,0.04511,92.09,566.5,422.4,54915.0,0.8573,-33.3,0.632
16000,8750,-50,1750,1500,316,169,ara,307,4876.8,3968.9,2033.7,0.03982,86.94,499.8,372.7,54915.0,0.8573,-33.3,0.632
16000,8750,-50,1750,1300,279,158,ara,307,4876.8,3968.9,1762.6,0.03515,81.28,433.2,323.0,54915.0,0.8573,-33.3,0.644
16000,8750,-50,1750,1145,250,147,en_iyi_menzil,307,4876.8,3968.9,1552.4,0.0315,75.62,381.5,284.5,54915.0,0.8573,-33.3,0.655
16000,8750,-50,1600,1941,386,182,maks_seyir,307,4876.8,3968.9,2631.6,0.04864,93.63,591.3,440.9,54915.0,0.8573,-33.3,0.653
16000,8750,-50,1600,1800,358,176,ara,307,4876.8,3968.9,2440.5,0.04511,90.54,548.4,408.9,54915.0,0.8573,-33.3,0.653
16000,8750,-50,1600,1600,316,167,ara,307,4876.8,3968.9,2169.3,0.03982,85.91,487.4,363.5,54915.0,0.8573,-33.3,0.648
16000,8750,-50,1600,1400,281,156,ara,307,4876.8,3968.9,1898.1,0.03541,80.25,426.5,318.0,54915.0,0.8573,-33.3,0.659
16000,8750,-50,1600,1225,249,145,en_iyi_menzil,307,4876.8,3968.9,1660.9,0.03137,74.59,373.2,278.3,54915.0,0.8573,-33.3,0.667
16000,8750,-54,1900,1737,386,187,maks_seyir,307,4876.8,3968.9,2355.1,0.04864,96.2,628.4,468.6,54915.0,0.873,-37.3,0.614
16000,8750,-54,1900,1600,358,180,ara,307,4876.8,3968.9,2169.3,0.04511,92.6,578.8,431.6,54915.0,0.873,-37.3,0.619
16000,8750,-54,1900,1400,315,170,ara,307,4876.8,3968.9,1898.1,0.03969,87.46,506.5,377.7,54915.0,0.873,-37.3,0.622
16000,8750,-54,1900,1200,276,157,ara,307,4876.8,3968.9,1627.0,0.03478,80.77,434.1,323.7,54915.0,0.873,-37.3,0.636
16000,8750,-54,1900,1070,251,148,en_iyi_menzil,307,4876.8,3968.9,1450.7,0.03163,76.14,387.1,288.7,54915.0,0.873,-37.3,0.648
16000,8750,-54,1750,1842,385,184,maks_seyir,307,4876.8,3968.9,2497.4,0.04851,94.66,613.8,457.7,54915.0,0.873,-37.3,0.627
16000,8750,-54,1750,1700,357,178,ara,307,4876.8,3968.9,2304.9,0.04498,91.57,566.5,422.4,54915.0,0.873,-37.3,0.63
16000,8750,-54,1750,1500,316,169,ara,307,4876.8,3968.9,2033.7,0.03982,86.94,499.8,372.7,54915.0,0.873,-37.3,0.632
16000,8750,-54,1750,1300,278,157,ara,307,4876.8,3968.9,1762.6,0.03503,80.77,433.2,323.0,54915.0,0.873,-37.3,0.642
16000,8750,-54,1750,1140,248,146,en_iyi_menzil,307,4876.8,3968.9,1545.6,0.03125,75.11,379.9,283.3,54915.0,0.873,-37.3,0.653
16000,8750,-54,1600,1943,384,181,maks_seyir,307,4876.8,3968.9,2634.4,0.04838,93.11,591.9,441.4,54915.0,0.873,-37.3,0.649
16000,8750,-54,1600,1800,357,175,ara,307,4876.8,3968.9,2440.5,0.04498,90.03,548.4,408.9,54915.0,0.873,-37.3,0.651
16000,8750,-54,1600,1600,315,166,ara,307,4876.8,3968.9,2169.3,0.03969,85.4,487.4,363.5,54915.0,0.873,-37.3,0.646
16000,8750,-54,1600,1400,280,156,ara,307,4876.8,3968.9,1898.1,0.03528,80.25,426.5,318.0,54915.0,0.873,-37.3,0.657
16000,8750,-54,1600,1215,246,144,en_iyi_menzil,307,4876.8,3968.9,1647.3,0.031,74.08,370.1,276.0,54915.0,0.873,-37.3,0.665
18000,8750,-5,1900,1109,263,160,maks_seyir_ve_en_iyi_menzil,308,5486.4,3968.9,1503.6,0.03314,82.31,401.2,299.2,50600.0,0.6574,15.7,0.656
18000,8750,-5,1750,1179,263,157,maks_seyir_ve_en_iyi_menzil,308,5486.4,3968.9,1598.5,0.03314,80.77,392.9,293.0,50600.0,0.6574,15.7,0.669
18000,8750,-5,1600,1249,263,152,maks_seyir_ve_en_iyi_menzil,308,5486.4,3968.9,1693.4,0.03314,78.2,380.5,283.7,50600.0,0.6574,15.7,0.691
18000,8750,-10,1900,1165,274,164,maks_seyir,308,5486.4,3968.9,1579.5,0.03452,84.37,421.5,314.3,50600.0,0.6699,10.7,0.65
18000,8750,-10,1900,1110,263,159,en_iyi_menzil,308,5486.4,3968.9,1505.0,0.03314,81.8,401.6,299.5,50600.0,0.6699,10.7,0.655
18000,8750,-10,1750,1239,274,162,maks_seyir,308,5486.4,3968.9,1679.9,0.03452,83.34,412.8,307.8,50600.0,0.6699,10.7,0.664
18000,8750,-10,1750,1180,262,157,en_iyi_menzil,308,5486.4,3968.9,1599.9,0.03301,80.77,393.2,293.2,50600.0,0.6699,10.7,0.666
18000,8750,-10,1600,1311,274,157,maks_seyir,308,5486.4,3968.9,1777.5,0.03452,80.77,399.4,297.8,50600.0,0.6699,10.7,0.686
18000,8750,-10,1600,1285,269,155,en_iyi_menzil,308,5486.4,3968.9,1742.2,0.03389,79.74,391.5,291.9,50600.0,0.6699,10.7,0.687
18000,8750,-20,1900,1273,294,171,maks_seyir,308,5486.4,3968.9,1726.0,0.03704,87.97,460.5,343.4,50600.0,0.6963,0.7,0.638
18000,8750,-20,1900,1105,260,158,en_iyi_menzil,308,5486.4,3968.9,1498.2,0.03276,81.28,399.8,298.1,50600.0,0.6963,0.7,0.65
18000,8750,-20,1750,1352,294,169,maks_seyir,308,5486.4,3968.9,1833.1,0.03704,86.94,450.5,335.9,50600.0,0.6963,0.7,0.653
18000,8750,-20,1750,1200,265,157,ara,308,5486.4,3968.9,1627.0,0.03339,80.77,399.8,298.1,50600.0,0.6963,0.7,0.663
18000,8750,-20,1750,1165,257,154,en_iyi_menzil,308,5486.4,3968.9,1579.5,0.03238,79.22,388.2,289.5,50600.0,0.6963,0.7,0.662
18000,8750,-20,1600,1430,294,165,maks_seyir,308,5486.4,3968.9,1938.8,0.03704,84.88,435.6,324.8,50600.0,0.6963,0.7,0.675
18000,8750,-20,1600,1300,269,155,ara,308,5486.4,3968.9,1762.6,0.03389,79.74,396.0,295.3,50600.0,0.6963,0.7,0.679
18000,8750,-20,1600,1255,260,152,en_iyi_menzil,308,5486.4,3968.9,1701.6,0.03276,78.2,382.3,285.1,50600.0,0.6963,0.7,0.68
18000,8750,-30,1900,1367,312,176,maks_seyir,308,5486.4,3968.9,1853.4,0.03931,90.54,494.5,368.7,50600.0,0.725,-9.3,0.631
18000,8750,-30,1900,1200,278,164,ara,308,5486.4,3968.9,1627.0,0.03503,84.37,434.1,323.7,50600.0,0.725,-9.3,0.64
18000,8750,-30,1900,1085,256,155,en_iyi_menzil,308,5486.4,3968.9,1471.1,0.03226,79.74,392.5,292.7,50600.0,0.725,-9.3,0.652
18000,8750,-30,1750,1452,311,174,maks_seyir,308,5486.4,3968.9,1968.6,0.03919,89.51,483.8,360.8,50600.0,0.725,-9.3,0.643
18000,8750,-30,1750,1300,282,164,ara,308,5486.4,3968.9,1762.6,0.03553,84.37,433.2,323.0,50600.0,0.725,-9.3,0.651
18000,8750,-30,1750,1140,251,151,en_iyi_menzil,308,5486.4,3968.9,1545.6,0.03163,77.68,379.9,283.3,50600.0,0.725,-9.3,0.661
18000,8750,-30,1600,1534,311,170,maks_seyir,308,5486.4,3968.9,2079.8,0.03919,87.46,467.3,348.5,50600.0,0.725,-9.3,0.666
18000,8750,-30,1600,1400,286,161,ara,308,5486.4,3968.9,1898.1,0.03604,82.83,426.5,318.0,50600.0,0.725,-9.3,0.671
18000,8750,-30,1600,1250,257,150,en_iyi_menzil,308,5486.4,3968.9,1694.8,0.03238,77.17,380.8,284.0,50600.0,0.725,-9.3,0.675
18000,8750,-40,1900,1464,332,180,maks_seyir,308,5486.4,3968.9,1984.9,0.04183,92.6,529.6,394.9,50600.0,0.7561,-19.3,0.627
18000,8750,-40,1900,1300,296,170,ara,308,5486.4,3968.9,1762.6,0.0373,87.46,470.3,350.7,50600.0,0.7561,-19.3,0.629
18000,8750,-40,1900,1100,257,154,ara,308,5486.4,3968.9,1491.4,0.03238,79.22,397.9,296.7,50600.0,0.7561,-19.3,0.646
18000,8750,-40,1900,1070,251,152,en_iyi_menzil,308,5486.4,3968.9,1450.7,0.03163,78.2,387.1,288.7,50600.0,0.7561,-19.3,0.648
18000,8750,-40,1750,1553,332,178,maks_seyir,308,5486.4,3968.9,2105.6,0.04183,91.57,517.5,385.9,50600.0,0.7561,-19.3,0.642
18000,8750,-40,1750,1400,300,169,ara,308,5486.4,3968.9,1898.1,0.0378,86.94,466.5,347.9,50600.0,0.7561,-19.3,0.643
18000,8750,-40,1750,1200,261,155,ara,308,5486.4,3968.9,1627.0,0.03289,79.74,399.8,298.1,50600.0,0.7561,-19.3,0.653
18000,8750,-40,1750,1130,248,150,en_iyi_menzil,308,5486.4,3968.9,1532.1,0.03125,77.17,376.5,280.8,50600.0,0.7561,-19.3,0.659
18000,8750,-40,1600,1640,332,174,maks_seyir,308,5486.4,3968.9,2223.5,0.04183,89.51,499.6,372.6,50600.0,0.7561,-19.3,0.665
18000,8750,-40,1600,1500,302,166,ara,308,5486.4,3968.9,2033.7,0.03805,85.4,457.0,340.8,50600.0,0.7561,-19.3,0.661
18000,8750,-40,1600,1300,264,153,ara,308,5486.4,3968.9,1762.6,0.03326,78.71,396.0,295.3,50600.0,0.7561,-19.3,0.667
18000,8750,-40,1600,1220,250,148,en_iyi_menzil,308,5486.4,3968.9,1654.1,0.0315,76.14,371.7,277.2,50600.0,0.7561,-19.3,0.673
18000,8750,-50,1900,1568,352,184,maks_seyir,308,5486.4,3968.9,2125.9,0.04435,94.66,567.3,423.0,50600.0,0.7899,-29.3,0.62
18000,8750,-50,1900,1400,317,174,ara,308,5486.4,3968.9,1898.1,0.03994,89.51,506.5,377.7,50600.0,0.7899,-29.3,0.626
18000,8750,-50,1900,1200,276,161,ara,308,5486.4,3968.9,1627.0,0.03478,82.83,434.1,323.7,50600.0,0.7899,-29.3,0.636
18000,8750,-50,1900,1065,250,151,en_iyi_menzil,308,5486.4,3968.9,1443.9,0.0315,77.68,385.3,287.3,50600.0,0.7899,-29.3,0.649
18000,8750,-50,1750,1663,352,181,maks_seyir,308,5486.4,3968.9,2254.7,0.04435,93.11,554.1,413.2,50600.0,0.7899,-29.3,0.635
18000,8750,-50,1750,1500,318,173,ara,308,5486.4,3968.9,2033.7,0.04007,89.0,499.8,372.7,50600.0,0.7899,-29.3,0.636
18000,8750,-50,1750,1300,278,161,ara,308,5486.4,3968.9,1762.6,0.03503,82.83,433.2,323.0,50600.0,0.7899,-29.3,0.642
18000,8750,-50,1750,1115,243,147,en_iyi_menzil,308,5486.4,3968.9,1511.7,0.03062,75.62,371.5,277.0,50600.0,0.7899,-29.3,0.654
18000,8750,-50,1600,1754,351,178,maks_seyir,308,5486.4,3968.9,2378.1,0.04423,91.57,534.3,398.4,50600.0,0.7899,-29.3,0.657
18000,8750,-50,1600,1600,320,170,ara,308,5486.4,3968.9,2169.3,0.04032,87.46,487.4,363.5,50600.0,0.7899,-29.3,0.657
18000,8750,-50,1600,1400,280,159,ara,308,5486.4,3968.9,1898.1,0.03528,81.8,426.5,318.0,50600.0,0.7899,-29.3,0.657
18000,8750,-50,1600,1200,244,145,en_iyi_menzil,308,5486.4,3968.9,1627.0,0.03074,74.59,365.6,272.6,50600.0,0.7899,-29.3,0.667
18000,8750,-54,1900,1567,351,183,maks_seyir,308,5486.4,3968.9,2124.6,0.04423,94.14,566.9,422.7,50600.0,0.8044,-33.3,0.619
18000,8750,-54,1900,1400,316,174,ara,308,5486.4,3968.9,1898.1,0.03982,89.51,506.5,377.7,50600.0,0.8044,-33.3,0.624
18000,8750,-54,1900,1200,275,160,ara,308,5486.4,3968.9,1627.0,0.03465,82.31,434.1,323.7,50600.0,0.8044,-33.3,0.633
18000,8750,-54,1900,1065,249,150,en_iyi_menzil,308,5486.4,3968.9,1443.9,0.03137,77.17,385.3,287.3,50600.0,0.8044,-33.3,0.646
18000,8750,-54,1750,1660,350,180,maks_seyir,308,5486.4,3968.9,2250.7,0.0441,92.6,553.1,412.4,50600.0,0.8044,-33.3,0.633
18000,8750,-54,1750,1500,318,172,ara,308,5486.4,3968.9,2033.7,0.04007,88.48,499.8,372.7,50600.0,0.8044,-33.3,0.636
18000,8750,-54,1750,1300,278,160,ara,308,5486.4,3968.9,1762.6,0.03503,82.31,433.2,323.0,50600.0,0.8044,-33.3,0.642
18000,8750,-54,1750,1110,241,146,en_iyi_menzil,308,5486.4,3968.9,1505.0,0.03037,75.11,369.9,275.8,50600.0,0.8044,-33.3,0.652
18000,8750,-54,1600,1752,350,177,maks_seyir,308,5486.4,3968.9,2375.4,0.0441,91.06,533.7,398.0,50600.0,0.8044,-33.3,0.656
18000,8750,-54,1600,1600,319,169,ara,308,5486.4,3968.9,2169.3,0.04019,86.94,487.4,363.5,50600.0,0.8044,-33.3,0.654
18000,8750,-54,1600,1400,279,158,ara,308,5486.4,3968.9,1898.1,0.03515,81.28,426.5,318.0,50600.0,0.8044,-33.3,0.654
18000,8750,-54,1600,1200,244,145,ara,308,5486.4,3968.9,1627.0,0.03074,74.59,365.6,272.6,50600.0,0.8044,-33.3,0.667
18000,8750,-54,1600,1185,241,143,en_iyi_menzil,308,5486.4,3968.9,1606.6,0.03037,73.57,361.0,269.2,50600.0,0.8044,-33.3,0.668
20000,8750,-15,1900,1097,259,159,maks_seyir_ve_en_iyi_menzil,309,6096.0,3968.9,1487.3,0.03263,81.8,396.9,296.0,46563.0,0.6284,9.6,0.653
20000,8750,-15,1750,1166,259,156,maks_seyir_ve_en_iyi_menzil,309,6096.0,3968.9,1580.9,0.03263,80.25,388.5,289.7,46563.0,0.6284,9.6,0.667
20000,8750,-15,1600,1233,258,151,maks_seyir_ve_en_iyi_menzil,309,6096.0,3968.9,1671.7,0.03251,77.68,375.6,280.1,46563.0,0.6284,9.6,0.687
20000,8750,-20,1900,1148,268,164,maks_seyir,309,6096.0,3968.9,1556.5,0.03377,84.37,415.3,309.7,46563.0,0.6408,4.6,0.645
20000,8750,-20,1900,1130,264,162,en_iyi_menzil,309,6096.0,3968.9,1532.1,0.03326,83.34,408.8,304.8,46563.0,0.6408,4.6,0.646
20000,8750,-20,1750,1219,268,161,maks_seyir,309,6096.0,3968.9,1652.7,0.03377,82.83,406.2,302.9,46563.0,0.6408,4.6,0.66
20000,8750,-20,1750,1200,264,159,en_iyi_menzil,309,6096.0,3968.9,1627.0,0.03326,81.8,399.8,298.1,46563.0,0.6408,4.6,0.66
20000,8750,-20,1600,1289,268,156,maks_seyir_ve_en_iyi_menzil,309,6096.0,3968.9,1747.6,0.03377,80.25,392.7,292.8,46563.0,0.6408,4.6,0.682
20000,8750,-30,1900,1235,284,170,maks_seyir,309,6096.0,3968.9,1674.4,0.03578,87.46,446.8,333.2,46563.0,0.6671,-5.4,0.636
20000,8750,-30,1900,1115,260,160,en_iyi_menzil,309,6096.0,3968.9,1511.7,0.03276,82.31,403.4,300.8,46563.0,0.6671,-5.4,0.645
20000,8750,-30,1750,1311,284,167,maks_seyir,309,6096.0,3968.9,1777.5,0.03578,85.91,436.8,325.7,46563.0,0.6671,-5.4,0.65
20000,8750,-30,1750,1200,263,158,ara,309,6096.0,3968.9,1627.0,0.03314,81.28,399.8,298.1,46563.0,0.6671,-5.4,0.658
20000,8750,-30,1750,1180,259,157,en_iyi_menzil,309,6096.0,3968.9,1599.9,0.03263,80.77,393.2,293.2,46563.0,0.6671,-5.4,0.659
20000,8750,-30,1600,1386,284,163,maks_seyir,309,6096.0,3968.9,1879.2,0.03578,83.85,422.2,314.8,46563.0,0.6671,-5.4,0.673
20000,8750,-30,1600,1285,264,155,en_iyi_menzil,309,6096.0,3968.9,1742.2,0.03326,79.74,391.5,291.9,46563.0,0.6671,-5.4,0.674
20000,8750,-40,1900,1321,302,175,maks_seyir,309,6096.0,3968.9,1791.0,0.03805,90.03,477.9,356.4,46563.0,0.6957,-15.4,0.632
20000,8750,-40,1900,1200,276,166,ara,309,6096.0,3968.9,1627.0,0.03478,85.4,434.1,323.7,46563.0,0.6957,-15.4,0.636
20000,8750,-40,1900,1095,255,157,en_iyi_menzil,309,6096.0,3968.9,1484.6,0.03213,80.77,396.1,295.4,46563.0,0.6957,-15.4,0.644
20000,8750,-40,1750,1403,302,172,maks_seyir,309,6096.0,3968.9,1902.2,0.03805,88.48,467.5,348.6,46563.0,0.6957,-15.4,0.646
20000,8750,-40,1750,1200,261,157,ara,309,6096.0,3968.9,1627.0,0.03289,80.77,399.8,298.1,46563.0,0.6957,-15.4,0.653
20000,8750,-40,1750,1145,250,153,en_iyi_menzil,309,6096.0,3968.9,1552.4,0.0315,78.71,381.5,284.5,46563.0,0.6957,-15.4,0.655
20000,8750,-40,1600,1482,302,168,maks_seyir,309,6096.0,3968.9,2009.3,0.03805,86.43,451.5,336.7,46563.0,0.6957,-15.4,0.669
20000,8750,-40,1600,1300,265,155,ara,309,6096.0,3968.9,1762.6,0.03339,79.74,396.0,295.3,46563.0,0.6957,-15.4,0.669
20000,8750,-40,1600,1265,258,153,en_iyi_menzil,309,6096.0,3968.9,1715.1,0.03251,78.71,385.4,287.4,46563.0,0.6957,-15.4,0.669
20000,8750,-50,1900,1415,321,179,maks_seyir,309,6096.0,3968.9,1918.5,0.04045,92.09,511.9,381.7,46563.0,0.7269,-25.4,0.627
20000,8750,-50,1900,1300,296,172,ara,309,6096.0,3968.9,1762.6,0.0373,88.48,470.3,350.7,46563.0,0.7269,-25.4,0.629
20000,8750,-50,1900,1100,255,156,ara,309,6096.0,3968.9,1491.4,0.03213,80.25,397.9,296.7,46563.0,0.7269,-25.4,0.641
20000,8750,-50,1900,1080,251,154,en_iyi_menzil,309,6096.0,3968.9,1464.3,0.03163,79.22,390.7,291.3,46563.0,0.7269,-25.4,0.642
20000,8750,-50,1750,1500,320,176,maks_seyir,309,6096.0,3968.9,2033.7,0.04032,90.54,499.8,372.7,46563.0,0.7269,-25.4,0.64
20000,8750,-50,1750,1300,278,164,ara,309,6096.0,3968.9,1762.6,0.03503,84.37,433.2,323.0,46563.0,0.7269,-25.4,0.642
20000,8750,-50,1750,1140,248,151,en_iyi_menzil,309,6096.0,3968.9,1545.6,0.03125,77.68,379.9,283.3,46563.0,0.7269,-25.4,0.653
20000,8750,-50,1600,1582,320,172,maks_seyir,309,6096.0,3968.9,2144.9,0.04032,88.48,481.9,359.4,46563.0,0.7269,-25.4,0.664
20000,8750,-50,1600,1400,281,161,ara,309,6096.0,3968.9,1898.1,0.03541,82.83,426.5,318.0,46563.0,0.7269,-25.4,0.659
20000,8750,-50,1600,1235,250,149,en_iyi_menzil,309,6096.0,3968.9,1674.4,0.0315,76.65,376.2,280.5,46563.0,0.7269,-25.4,0.665
20000,8750,-54,1900,1409,319,178,maks_seyir,309,6096.0,3968.9,1910.3,0.04019,91.57,509.7,380.1,46563.0,0.7402,-29.4,0.626
20000,8750,-54,1900,1300,296,171,ara,309,6096.0,3968.9,1762.6,0.0373,87.97,470.3,350.7,46563.0,0.7402,-29.4,0.629
20000,8750,-54,1900,1100,255,155,ara,309,6096.0,3968.9,1491.4,0.03213,79.74,397.9,296.7,46563.0,0.7402,-29.4,0.641
20000,8750,-54,1900,1080,250,154,en_iyi_menzil,309,6096.0,3968.9,1464.3,0.0315,79.22,390.7,291.3,46563.0,0.7402,-29.4,0.64
20000,8750,-54,1750,1494,318,175,maks_seyir,309,6096.0,3968.9,2025.6,0.04007,90.03,497.8,371.2,46563.0,0.7402,-29.4,0.639
20000,8750,-54,1750,1300,277,163,ara,309,6096.0,3968.9,1762.6,0.0349,83.85,433.2,323.0,46563.0,0.7402,-29.4,0.639
20000,8750,-54,1750,1135,245,150,en_iyi_menzil,309,6096.0,3968.9,1538.9,0.03087,77.17,378.2,282.0,46563.0,0.7402,-29.4,0.648
20000,8750,-54,1600,1578,318,172,maks_seyir,309,6096.0,3968.9,2139.5,0.04007,88.48,480.7,358.5,46563.0,0.7402,-29.4,0.662
20000,8750,-54,1600,1400,280,161,ara,309,6096.0,3968.9,1898.1,0.03528,82.83,426.5,318.0,46563.0,0.7402,-29.4,0.657
20000,8750,-54,1600,1225,248,148,en_iyi_menzil,309,6096.0,3968.9,1660.9,0.03125,76.14,373.2,278.3,46563.0,0.7402,-29.4,0.665
22000,8300,-25,1900,1071,251,162,maks_seyir_ve_en_iyi_menzil,310,6705.6,3764.8,1452.1,0.03163,83.34,387.5,289.0,42791.0,0.6007,3.6,0.648
22000,8300,-25,1750,1138,251,159,maks_seyir_ve_en_iyi_menzil,310,6705.6,3764.8,1542.9,0.03163,81.8,379.2,282.8,42791.0,0.6007,3.6,0.662
22000,8300,-25,1600,1204,250,154,maks_seyir_ve_en_iyi_menzil,310,6705.6,3764.8,1632.4,0.0315,79.22,366.8,273.5,42791.0,0.6007,3.6,0.682
22000,8300,-30,1900,1111,258,166,maks_seyir,310,6705.6,3764.8,1506.3,0.03251,85.4,401.9,299.7,42791.0,0.6131,-1.4,0.642
22000,8300,-30,1900,1060,248,161,en_iyi_menzil,310,6705.6,3764.8,1437.2,0.03125,82.83,383.5,286.0,42791.0,0.6131,-1.4,0.647
22000,8300,-30,1750,1180,258,163,maks_seyir,310,6705.6,3764.8,1599.9,0.03251,83.85,393.2,293.2,42791.0,0.6131,-1.4,0.656
22000,8300,-30,1750,1135,250,159,en_iyi_menzil,310,6705.6,3764.8,1538.9,0.0315,81.8,378.2,282.0,42791.0,0.6131,-1.4,0.661
22000,8300,-30,1600,1249,258,158,maks_seyir,310,6705.6,3764.8,1693.4,0.03251,81.28,380.5,283.7,42791.0,0.6131,-1.4,0.678
22000,8300,-30,1600,1230,254,156,en_iyi_menzil,310,6705.6,3764.8,1667.7,0.032,80.25,374.7,279.4,42791.0,0.6131,-1.4,0.678
22000,8300,-40,1900,1192,274,171,maks_seyir,310,6705.6,3764.8,1616.1,0.03452,87.97,431.2,321.5,42791.0,0.6394,-11.4,0.635
22000,8300,-40,1900,1055,245,159,en_iyi_menzil,310,6705.6,3764.8,1430.4,0.03087,81.8,381.7,284.6,42791.0,0.6394,-11.4,0.642
22000,8300,-40,1750,1265,274,168,maks_seyir,310,6705.6,3764.8,1715.1,0.03452,86.43,421.5,314.3,42791.0,0.6394,-11.4,0.65
22000,8300,-40,1750,1115,243,156,en_iyi_menzil,310,6705.6,3764.8,1511.7,0.03062,80.25,371.5,277.0,42791.0,0.6394,-11.4,0.654
22000,8300,-40,1600,1338,274,164,maks_seyir,310,6705.6,3764.8,1814.1,0.03452,84.37,407.6,303.9,42791.0,0.6394,-11.4,0.672
22000,8300,-40,1600,1205,247,154,en_iyi_menzil,310,6705.6,3764.8,1633.8,0.03112,79.22,367.1,273.7,42791.0,0.6394,-11.4,0.673
22000,8300,-50,1900,1275,292,176,maks_seyir,310,6705.6,3764.8,1728.7,0.03679,90.54,461.3,344.0,42791.0,0.668,-21.4,0.633
22000,8300,-50,1900,1100,253,162,ara,310,6705.6,3764.8,1491.4,0.03188,83.34,397.9,296.7,42791.0,0.668,-21.4,0.636
22000,8300,-50,1900,1040,241,156,en_iyi_menzil,310,6705.6,3764.8,1410.1,0.03037,80.25,376.2,280.5,42791.0,0.668,-21.4,0.641
22000,8300,-50,1750,1352,291,173,maks_seyir,310,6705.6,3764.8,1833.1,0.03667,89.0,450.5,335.9,42791.0,0.668,-21.4,0.646
22000,8300,-50,1750,1200,259,162,ara,310,6705.6,3764.8,1627.0,0.03263,83.34,399.8,298.1,42791.0,0.668,-21.4,0.648
22000,8300,-50,1750,1090,237,153,en_iyi_menzil,310,6705.6,3764.8,1477.8,0.02986,78.71,363.2,270.8,42791.0,0.668,-21.4,0.653
22000,8300,-50,1600,1428,291,169,maks_seyir,310,6705.6,3764.8,1936.1,0.03667,86.94,435.0,324.4,42791.0,0.668,-21.4,0.669
22000,8300,-50,1600,1300,263,160,ara,310,6705.6,3764.8,1762.6,0.03314,82.31,396.0,295.3,42791.0,0.668,-21.4,0.664
22000,8300,-50,1600,1205,244,153,en_iyi_menzil,310,6705.6,3764.8,1633.8,0.03074,78.71,367.1,273.7,42791.0,0.668,-21.4,0.665
22000,8300,-54,1900,1268,290,175,maks_seyir,310,6705.6,3764.8,1719.2,0.03654,90.03,458.7,342.1,42791.0,0.6802,-25.4,0.632
22000,8300,-54,1900,1100,253,161,ara,310,6705.6,3764.8,1491.4,0.03188,82.83,397.9,296.7,42791.0,0.6802,-25.4,0.636
22000,8300,-54,1900,1035,240,156,en_iyi_menzil,310,6705.6,3764.8,1403.3,0.03024,80.25,374.4,279.2,42791.0,0.6802,-25.4,0.641
22000,8300,-54,1750,1346,289,172,maks_seyir,310,6705.6,3764.8,1824.9,0.03641,88.48,448.5,334.4,42791.0,0.6802,-25.4,0.644
22000,8300,-54,1750,1200,258,162,ara,310,6705.6,3764.8,1627.0,0.03251,83.34,399.8,298.1,42791.0,0.6802,-25.4,0.645
22000,8300,-54,1750,1085,235,152,en_iyi_menzil,310,6705.6,3764.8,1471.1,0.02961,78.2,361.5,269.6,42791.0,0.6802,-25.4,0.65
22000,8300,-54,1600,1425,289,168,maks_seyir,310,6705.6,3764.8,1932.0,0.03641,86.43,434.1,323.7,42791.0,0.6802,-25.4,0.666
22000,8300,-54,1600,1300,263,160,ara,310,6705.6,3764.8,1762.6,0.03314,82.31,396.0,295.3,42791.0,0.6802,-25.4,0.664
22000,8300,-54,1600,1175,238,150,en_iyi_menzil,310,6705.6,3764.8,1593.1,0.02999,77.17,358.0,267.0,42791.0,0.6802,-25.4,0.665
24000,7800,-30,1900,999,234,162,maks_seyir_ve_en_iyi_menzil,310,7315.2,3538.0,1354.5,0.02948,83.34,361.4,269.5,39271.0,0.5627,2.5,0.647
24000,7800,-30,1750,1062,234,158,maks_seyir_ve_en_iyi_menzil,310,7315.2,3538.0,1439.9,0.02948,81.28,353.9,263.9,39271.0,0.5627,2.5,0.661
24000,7800,-30,1600,1125,234,153,maks_seyir_ve_en_iyi_menzil,310,7315.2,3538.0,1525.3,0.02948,78.71,342.7,255.6,39271.0,0.5627,2.5,0.683
24000,7800,-40,1900,1074,249,168,maks_seyir,310,7315.2,3538.0,1456.1,0.03137,86.43,388.5,289.7,39271.0,0.5868,-7.5,0.641
24000,7800,-40,1900,990,232,160,en_iyi_menzil,310,7315.2,3538.0,1342.3,0.02923,82.31,358.1,267.0,39271.0,0.5868,-7.5,0.648
24000,7800,-40,1750,1141,249,165,maks_seyir,310,7315.2,3538.0,1547.0,0.03137,84.88,380.2,283.5,39271.0,0.5868,-7.5,0.655
24000,7800,-40,1750,1050,230,157,en_iyi_menzil,310,7315.2,3538.0,1423.6,0.02898,80.77,349.9,260.9,39271.0,0.5868,-7.5,0.657
24000,7800,-40,1600,1208,249,161,maks_seyir,310,7315.2,3538.0,1637.8,0.03137,82.83,368.0,274.4,39271.0,0.5868,-7.5,0.677
24000,7800,-40,1600,1145,236,155,en_iyi_menzil,310,7315.2,3538.0,1552.4,0.02974,79.74,348.8,260.1,39271.0,0.5868,-7.5,0.677
24000,7800,-50,1900,1149,265,173,maks_seyir,310,7315.2,3538.0,1557.8,0.03339,89.0,415.7,310.0,39271.0,0.6131,-17.5,0.637
24000,7800,-50,1900,1000,232,159,ara,310,7315.2,3538.0,1355.8,0.02923,81.8,361.8,269.8,39271.0,0.6131,-17.5,0.641
24000,7800,-50,1900,990,230,159,en_iyi_menzil,310,7315.2,3538.0,1342.3,0.02898,81.8,358.1,267.0,39271.0,0.6131,-17.5,0.642
24000,7800,-50,1750,1219,264,170,maks_seyir,310,7315.2,3538.0,1652.7,0.03326,87.46,406.2,302.9,39271.0,0.6131,-17.5,0.65
24000,7800,-50,1750,1100,238,160,ara,310,7315.2,3538.0,1491.4,0.02999,82.31,366.5,273.3,39271.0,0.6131,-17.5,0.649
24000,7800,-50,1750,1040,227,155,en_iyi_menzil,310,7315.2,3538.0,1410.1,0.0286,79.74,346.5,258.4,39271.0,0.6131,-17.5,0.655
24000,7800,-50,1600,1289,264,166,maks_seyir,310,7315.2,3538.0,1747.6,0.03326,85.4,392.7,292.8,39271.0,0.6131,-17.5,0.672
24000,7800,-50,1600,1135,232,153,en_iyi_menzil,310,7315.2,3538.0,1538.9,0.02923,78.71,345.8,257.9,39271.0,0.6131,-17.5,0.671
24000,7800,-54,1900,1142,263,172,maks_seyir,310,7315.2,3538.0,1548.3,0.03314,88.48,413.1,308.0,39271.0,0.6243,-21.5,0.637
24000,7800,-54,1900,1000,232,159,ara,310,7315.2,3538.0,1355.8,0.02923,81.8,361.8,269.8,39271.0,0.6243,-21.5,0.641
24000,7800,-54,1900,985,228,157,en_iyi_menzil,310,7315.2,3538.0,1335.5,0.02873,80.77,356.3,265.7,39271.0,0.6243,-21.5,0.64
24000,7800,-54,1750,1214,263,169,maks_seyir,310,7315.2,3538.0,1646.0,0.03314,86.94,404.5,301.6,39271.0,0.6243,-21.5,0.65
24000,7800,-54,1750,1100,238,160,ara,310,7315.2,3538.0,1491.4,0.02999,82.31,366.5,273.3,39271.0,0.6243,-21.5,0.649
24000,7800,-54,1750,1025,223,153,en_iyi_menzil,310,7315.2,3538.0,1389.7,0.0281,78.71,341.5,254.7,39271.0,0.6243,-21.5,0.653
24000,7800,-54,1600,1285,262,165,maks_seyir,310,7315.2,3538.0,1742.2,0.03301,84.88,391.5,291.9,39271.0,0.6243,-21.5,0.669
24000,7800,-54,1600,1130,230,153,en_iyi_menzil,310,7315.2,3538.0,1532.1,0.02898,78.71,344.2,256.7,39271.0,0.6243,-21.5,0.668
