irtifa_ft,agirlik_lb,sicaklik_C,hiz_kt,hiz_konumu,optimum_limitte,ideal_tasarruf_pph,gurultu_yuzde,ortalama_s,esik_pph,tohum,ref_yakit_pph,bulunan_devir_rpm,bulunan_gercek_yakit_pph,yakit_farki_pph,basari,yakit_1900_pph,yakinsama_s,olcum_sayisi,olcum_limiti_doldu,arama_maliyeti_lb,kararli_kazanc_pph,net_tasarruf_lb,net_tasarruf_pph,net_tasarruf_yuzde,basabas_s
2000,8750,-54,142,0.0,arada,5.873,1.0,10.0,0.0,0,330.1239,1687.5,330.2237,0.0998,True,336.0,138.0,9,False,-0.1726,5.7763,0.914,5.4838,1.6321,0.0
2000,8750,-54,142,0.0,arada,5.873,1.0,10.0,0.0,1,330.1239,1675.0,330.1607,0.0368,True,336.0,154.0,10,False,-0.1991,5.8393,0.9225,5.535,1.6473,0.0
2000,8750,-54,142,0.0,arada,5.873,1.0,10.0,0.0,2,330.1239,1650.0,330.127,0.0031,True,336.0,170.0,11,False,-0.2255,5.873,0.927,5.5619,1.6553,0.0
2000,8750,-54,142,0.0,arada,5.873,1.0,10.0,0.0,3,330.1239,1637.5,330.1563,0.0324,True,336.0,154.0,10,False,-0.1994,5.8437,0.9234,5.5403,1.6489,0.0
2000,8750,-54,142,0.0,arada,5.873,1.0,10.0,0.0,4,330.1239,1600.0,330.4286,0.3047,True,336.0,122.0,8,False,-0.1475,5.5714,0.8874,5.3243,1.5846,0.0
2000,8750,-54,147,0.357,1600,3.5,1.0,10.0,0.0,0,347.5,1700.0,348.0,0.5,True,351.0,122.0,8,False,-0.0763,3.0,0.4746,2.8479,0.8114,0.0
2000,8750,-54,147,0.357,1600,3.5,1.0,10.0,0.0,1,347.5,1700.0,348.0,0.5,True,351.0,122.0,8,False,-0.0763,3.0,0.4746,2.8479,0.8114,0.0
2000,8750,-54,147,0.357,1600,3.5,1.0,10.0,0.0,2,347.5,1600.0,347.5,0.0,True,351.0,122.0,8,False,-0.0808,3.5,0.5455,3.2731,0.9325,0.0
2000,8750,-54,147,0.357,1600,3.5,1.0,10.0,0.0,3,347.5,1600.0,347.5,0.0,True,351.0,122.0,8,False,-0.0808,3.5,0.5455,3.2731,0.9325,0.0
2000,8750,-54,147,0.357,1600,3.5,1.0,10.0,0.0,4,347.5,1900.0,351.0,3.5,False,351.0,42.0,3,False,-0.0055,0.0,0.0056,0.0338,0.0096,0.0
2000,8750,-54,152,0.714,arada,2.825,1.0,10.0,0.0,0,365.7999,1750.0,366.5,0.7001,False,368.625,106.0,7,False,-0.0485,2.125,0.3402,2.0411,0.5537,0.0
2000,8750,-54,152,0.714,arada,2.825,1.0,10.0,0.0,1,365.7999,1600.0,365.8,0.0001,True,368.625,122.0,8,False,-0.0672,2.825,0.4423,2.6538,0.7199,0.0
2000,8750,-54,152,0.714,arada,2.825,1.0,10.0,0.0,2,365.7999,1750.0,366.5,0.7001,False,368.625,106.0,7,False,-0.0485,2.125,0.3402,2.0411,0.5537,0.0
2000,8750,-54,152,0.714,arada,2.825,1.0,10.0,0.0,3,365.7999,1800.0,367.05,1.2501,False,368.625,90.0,6,False,-0.0326,1.575,0.2558,1.5346,0.4163,0.0
2000,8750,-54,152,0.714,arada,2.825,1.0,10.0,0.0,4,365.7999,1750.0,366.5,0.7001,False,368.625,106.0,7,False,-0.0485,2.125,0.3402,2.0411,0.5537,0.0
2000,8750,-54,156,1.0,arada,3.125,1.0,10.0,0.0,0,380.9866,1750.0,381.0,0.0134,True,384.125,106.0,7,False,-0.072,3.125,0.5008,3.0049,0.7823,0.0
2000,8750,-54,156,1.0,arada,3.125,1.0,10.0,0.0,1,380.9866,1800.0,381.25,0.2634,True,384.125,90.0,6,False,-0.0575,2.875,0.4648,2.789,0.7261,0.0
2000,8750,-54,156,1.0,arada,3.125,1.0,10.0,0.0,2,380.9866,1750.0,381.0,0.0134,True,384.125,106.0,7,False,-0.072,3.125,0.5008,3.0049,0.7823,0.0
2000,8750,-54,156,1.0,arada,3.125,1.0,10.0,0.0,3,380.9866,1800.0,381.25,0.2634,True,384.125,90.0,6,False,-0.0575,2.875,0.4648,2.789,0.7261,0.0
2000,8750,-54,156,1.0,arada,3.125,1.0,10.0,0.0,4,380.9866,1750.0,381.0,0.0134,True,384.125,106.0,7,False,-0.072,3.125,0.5008,3.0049,0.7823,0.0
2000,8750,-50,143,0.0,arada,4.6825,1.0,10.0,0.0,0,331.3136,1750.0,332.0,0.6864,False,336.0,106.0,7,False,-0.0915,4.0,0.6404,3.8426,1.1436,0.0
2000,8750,-50,143,0.0,arada,4.6825,1.0,10.0,0.0,1,331.3136,1725.0,331.6806,0.367,True,336.0,138.0,9,False,-0.1344,4.3194,0.6888,4.1327,1.23,0.0
2000,8750,-50,143,0.0,arada,4.6825,1.0,10.0,0.0,2,331.3136,1750.0,332.0,0.6864,False,336.0,106.0,7,False,-0.0915,4.0,0.6404,3.8426,1.1436,0.0
2000,8750,-50,143,0.0,arada,4.6825,1.0,10.0,0.0,3,331.3136,1662.5,331.316,0.0024,True,336.0,170.0,11,False,-0.1797,4.684,0.7392,4.4353,1.32,0.0
2000,8750,-50,143,0.0,arada,4.6825,1.0,10.0,0.0,4,331.3136,1675.0,331.3393,0.0257,True,336.0,154.0,10,False,-0.1588,4.6607,0.7362,4.4171,1.3146,0.0
2000,8750,-50,148,0.357,arada,2.75,1.0,10.0,0.0,0,348.9628,1700.0,349.1429,0.1801,True,351.7143,122.0,8,False,-0.066,2.5714,0.4074,2.4447,0.6951,0.0
2000,8750,-50,148,0.357,arada,2.75,1.0,10.0,0.0,1,348.9628,1600.0,349.0,0.0372,True,351.7143,122.0,8,False,-0.0678,2.7143,0.4282,2.5691,0.7305,0.0
2000,8750,-50,148,0.357,arada,2.75,1.0,10.0,0.0,2,348.9628,1750.0,349.5,0.5372,False,351.7143,154.0,10,False,-0.0833,2.2143,0.3577,2.1464,0.6103,0.0
2000,8750,-50,148,0.357,arada,2.75,1.0,10.0,0.0,3,348.9628,1750.0,349.5,0.5372,False,351.7143,106.0,7,False,-0.0506,2.2143,0.3545,2.127,0.6048,0.0
2000,8750,-50,148,0.357,arada,2.75,1.0,10.0,0.0,4,348.9628,1750.0,349.5,0.5372,False,351.7143,106.0,7,False,-0.0506,2.2143,0.3545,2.127,0.6048,0.0
2000,8750,-50,153,0.714,arada,2.2947,1.0,10.0,0.0,0,367.3283,1800.0,367.9389,0.6106,False,369.625,90.0,6,False,-0.0345,1.6861,0.2734,1.6404,0.4438,0.0
2000,8750,-50,153,0.714,arada,2.2947,1.0,10.0,0.0,1,367.3283,1725.0,367.3816,0.0533,True,369.625,138.0,9,False,-0.0695,2.2434,0.3575,2.1448,0.5803,0.0
2000,8750,-50,153,0.714,arada,2.2947,1.0,10.0,0.0,2,367.3283,1725.0,367.3816,0.0533,True,369.625,138.0,9,False,-0.0695,2.2434,0.3575,2.1448,0.5803,0.0
2000,8750,-50,153,0.714,arada,2.2947,1.0,10.0,0.0,3,367.3283,1750.0,367.5,0.1717,True,369.625,106.0,7,False,-0.0487,2.125,0.3403,2.0417,0.5524,0.0
2000,8750,-50,153,0.714,arada,2.2947,1.0,10.0,0.0,4,367.3283,1750.0,367.5,0.1717,True,369.625,106.0,7,False,-0.0487,2.125,0.3403,2.0417,0.5524,0.0
2000,8750,-50,157,1.0,arada,3.1749,1.0,10.0,0.0,0,381.9459,1787.5,382.0195,0.0736,True,385.125,106.0,7,False,-0.0734,3.1055,0.4996,2.9976,0.7783,0.0
2000,8750,-50,157,1.0,arada,3.1749,1.0,10.0,0.0,1,381.9459,1775.0,381.9566,0.0107,True,385.125,122.0,8,False,-0.0875,3.1684,0.5082,3.0494,0.7918,0.0
2000,8750,-50,157,1.0,arada,3.1749,1.0,10.0,0.0,2,381.9459,1800.0,382.1389,0.193,True,385.125,90.0,6,False,-0.0594,2.9861,0.4825,2.8949,0.7517,0.0
2000,8750,-50,157,1.0,arada,3.1749,1.0,10.0,0.0,3,381.9459,1800.0,382.1389,0.193,True,385.125,138.0,9,False,-0.0972,2.9861,0.4805,2.8831,0.7486,0.0
2000,8750,-50,157,1.0,arada,3.1749,1.0,10.0,0.0,4,381.9459,1750.0,382.0,0.0541,True,385.125,106.0,7,False,-0.0722,3.125,0.5009,3.0055,0.7804,0.0
2000,8750,-40,145,0.0,arada,3.1746,1.0,10.0,0.0,0,334.8242,1712.5,334.8304,0.0062,True,338.0,154.0,10,False,-0.1113,3.1696,0.5039,3.0237,0.8946,0.0
2000,8750,-40,145,0.0,arada,3.1746,1.0,10.0,0.0,1,334.8242,1700.0,334.8254,0.0012,True,338.0,122.0,8,False,-0.0838,3.1746,0.5053,3.0316,0.8969,0.0
2000,8750,-40,145,0.0,arada,3.1746,1.0,10.0,0.0,2,334.8242,1775.0,335.2421,0.4179,True,338.0,122.0,8,False,-0.0787,2.7579,0.445,2.6699,0.7899,0.0
2000,8750,-40,145,0.0,arada,3.1746,1.0,10.0,0.0,3,334.8242,1725.0,334.8611,0.0369,True,338.0,138.0,9,False,-0.0971,3.1389,0.5,2.9999,0.8876,0.0
2000,8750,-40,145,0.0,arada,3.1746,1.0,10.0,0.0,4,334.8242,1775.0,335.2421,0.4179,True,338.0,122.0,8,False,-0.0787,2.7579,0.445,2.6699,0.7899,0.0
2000,8750,-40,150,0.357,arada,2.0317,1.0,10.0,0.0,0,352.395,1750.0,352.5,0.105,True,354.4286,106.0,7,False,-0.0442,1.9286,0.3089,1.8532,0.5229,0.0
2000,8750,-40,150,0.357,arada,2.0317,1.0,10.0,0.0,1,352.395,1750.0,352.5,0.105,True,354.4286,106.0,7,False,-0.0442,1.9286,0.3089,1.8532,0.5229,0.0
2000,8750,-40,150,0.357,arada,2.0317,1.0,10.0,0.0,2,352.395,1887.5,354.1751,1.7801,False,354.4286,58.0,4,False,-0.0071,0.2535,0.0454,0.2723,0.0768,0.0
2000,8750,-40,150,0.357,arada,2.0317,1.0,10.0,0.0,3,352.395,1787.5,352.7545,0.3595,True,354.4286,106.0,7,False,-0.0395,1.6741,0.2693,1.616,0.4559,0.0
2000,8750,-40,150,0.357,arada,2.0317,1.0,10.0,0.0,4,352.395,1750.0,352.5,0.105,True,354.4286,106.0,7,False,-0.0442,1.9286,0.3089,1.8532,0.5229,0.0
2000,8750,-40,155,0.714,arada,1.2616,1.0,10.0,0.0,0,370.9877,1725.0,370.991,0.0033,True,372.25,138.0,9,False,-0.0387,1.259,0.2003,1.2017,0.3228,0.0
2000,8750,-40,155,0.714,arada,1.2616,1.0,10.0,0.0,1,370.9877,1850.0,371.6056,0.6179,False,372.25,74.0,5,False,-0.0121,0.6444,0.1064,0.6382,0.1715,0.0
2000,8750,-40,155,0.714,arada,1.2616,1.0,10.0,0.0,2,370.9877,1800.0,371.1889,0.2012,True,372.25,90.0,6,False,-0.0215,1.0611,0.1718,1.0309,0.2769,0.0
2000,8750,-40,155,0.714,arada,1.2616,1.0,10.0,0.0,3,370.9877,1800.0,371.1889,0.2012,True,372.25,90.0,6,False,-0.0215,1.0611,0.1718,1.0309,0.2769,0.0
2000,8750,-40,155,0.714,arada,1.2616,1.0,10.0,0.0,4,370.9877,1837.5,371.48,0.4923,True,372.25,90.0,6,False,-0.016,0.77,0.1251,0.7508,0.2017,0.0
2000,8750,-40,159,1.0,arada,1.5278,1.0,10.0,0.0,0,385.7187,1800.0,385.7222,0.0035,True,387.25,90.0,6,False,-0.0295,1.5278,0.2459,1.4755,0.381,0.0
2000,8750,-40,159,1.0,arada,1.5278,1.0,10.0,0.0,1,385.7187,1825.0,385.8437,0.125,True,387.25,106.0,7,False,-0.0343,1.4062,0.2273,1.3638,0.3522,0.0
2000,8750,-40,159,1.0,arada,1.5278,1.0,10.0,0.0,2,385.7187,1850.0,386.1389,0.4202,True,387.25,74.0,5,False,-0.0196,1.1111,0.182,1.0921,0.282,0.0
2000,8750,-40,159,1.0,arada,1.5278,1.0,10.0,0.0,3,385.7187,1800.0,385.7222,0.0035,True,387.25,138.0,9,False,-0.0478,1.5278,0.2439,1.4633,0.3779,0.0
2000,8750,-40,159,1.0,arada,1.5278,1.0,10.0,0.0,4,385.7187,1800.0,385.7222,0.0035,True,387.25,138.0,9,False,-0.0441,1.5278,0.2401,1.4408,0.372,0.0
2000,8750,-30,147,0.0,arada,4.2222,1.0,10.0,0.0,0,337.775,1700.0,337.7778,0.0028,True,342.0,122.0,8,False,-0.1115,4.2222,0.6721,4.0325,1.1791,0.0
2000,8750,-30,147,0.0,arada,4.2222,1.0,10.0,0.0,1,337.775,1750.0,338.0,0.225,True,342.0,106.0,7,False,-0.0916,4.0,0.6406,3.8436,1.1239,0.0
2000,8750,-30,147,0.0,arada,4.2222,1.0,10.0,0.0,2,337.775,1750.0,338.0,0.225,True,342.0,106.0,7,False,-0.0916,4.0,0.6406,3.8436,1.1239,0.0
2000,8750,-30,147,0.0,arada,4.2222,1.0,10.0,0.0,3,337.775,1750.0,338.0,0.225,True,342.0,106.0,7,False,-0.0916,4.0,0.6406,3.8436,1.1239,0.0
2000,8750,-30,147,0.0,arada,4.2222,1.0,10.0,0.0,4,337.775,1725.0,337.8194,0.0444,True,342.0,138.0,9,False,-0.1294,4.1806,0.6659,3.9953,1.1682,0.0
2000,8750,-30,152,0.357,arada,1.5625,1.0,10.0,0.0,0,355.4375,1787.5,355.6875,0.25,True,357.0,106.0,7,False,-0.031,1.3125,0.2112,1.2669,0.3549,0.0
2000,8750,-30,152,0.357,arada,1.5625,1.0,10.0,0.0,1,355.4375,1850.0,356.2778,0.8403,False,357.0,74.0,5,False,-0.0138,0.7222,0.1194,0.7162,0.2006,0.0
2000,8750,-30,152,0.357,arada,1.5625,1.0,10.0,0.0,2,355.4375,1750.0,355.5,0.0625,True,357.0,106.0,7,False,-0.0344,1.5,0.2402,1.4414,0.4038,0.0
2000,8750,-30,152,0.357,arada,1.5625,1.0,10.0,0.0,3,355.4375,1725.0,355.4444,0.0069,True,357.0,138.0,9,False,-0.0481,1.5556,0.2477,1.4862,0.4163,0.0
2000,8750,-30,152,0.357,arada,1.5625,1.0,10.0,0.0,4,355.4375,1725.0,355.4444,0.0069,True,357.0,138.0,9,False,-0.0481,1.5556,0.2477,1.4862,0.4163,0.0
2000,8750,-30,157,0.714,arada,0.635,1.0,10.0,0.0,0,373.9892,1850.0,374.2361,0.2469,True,374.625,74.0,5,False,-0.0071,0.3889,0.064,0.384,0.1025,0.0
2000,8750,-30,157,0.714,arada,0.635,1.0,10.0,0.0,1,373.9892,1900.0,374.625,0.6358,False,374.625,42.0,3,False,-0.0022,0.0,0.0022,0.0134,0.0036,0.0
2000,8750,-30,157,0.714,arada,0.635,1.0,10.0,0.0,2,373.9892,1750.0,374.0,0.0108,True,374.625,106.0,7,False,-0.0144,0.625,0.1002,0.6011,0.1605,0.0
2000,8750,-30,157,0.714,arada,0.635,1.0,10.0,0.0,3,373.9892,1850.0,374.2361,0.2469,True,374.625,74.0,5,False,-0.0071,0.3889,0.064,0.384,0.1025,0.0
2000,8750,-30,157,0.714,arada,0.635,1.0,10.0,0.0,4,373.9892,1850.0,374.2361,0.2469,True,374.625,74.0,5,False,-0.0071,0.3889,0.064,0.384,0.1025,0.0
2000,8750,-30,161,1.0,arada,1.5417,1.0,10.0,0.0,0,388.5831,1837.5,388.7904,0.2073,True,390.125,90.0,6,False,-0.0267,1.3346,0.2158,1.2949,0.3319,0.0
2000,8750,-30,161,1.0,arada,1.5417,1.0,10.0,0.0,1,388.5831,1800.0,388.5833,0.0002,True,390.125,90.0,6,False,-0.0294,1.5417,0.2478,1.4867,0.3811,0.0
2000,8750,-30,161,1.0,arada,1.5417,1.0,10.0,0.0,2,388.5831,1800.0,388.5833,0.0002,True,390.125,90.0,6,False,-0.0294,1.5417,0.2478,1.4867,0.3811,0.0
2000,8750,-30,161,1.0,arada,1.5417,1.0,10.0,0.0,3,388.5831,1850.0,388.9583,0.3752,True,390.125,74.0,5,False,-0.0203,1.1667,0.1908,1.145,0.2935,0.0
2000,8750,-30,161,1.0,arada,1.5417,1.0,10.0,0.0,4,388.5831,1800.0,388.5833,0.0002,True,390.125,90.0,6,False,-0.0294,1.5417,0.2478,1.4867,0.3811,0.0
2000,8750,-20,149,0.0,arada,1.5,1.0,10.0,0.0,0,342.5,1800.0,342.963,0.463,True,344.0,90.0,6,False,-0.0213,1.037,0.1682,1.0093,0.2934,0.0
2000,8750,-20,149,0.0,arada,1.5,1.0,10.0,0.0,1,342.5,1800.0,342.963,0.463,True,344.0,90.0,6,False,-0.0213,1.037,0.1682,1.0093,0.2934,0.0
2000,8750,-20,149,0.0,arada,1.5,1.0,10.0,0.0,2,342.5,1850.0,343.4074,0.9074,False,344.0,74.0,5,False,-0.0114,0.5926,0.0981,0.5886,0.1711,0.0
2000,8750,-20,149,0.0,arada,1.5,1.0,10.0,0.0,3,342.5,1725.0,342.5741,0.0741,True,344.0,138.0,9,False,-0.0443,1.4259,0.2273,1.3638,0.3965,0.0
2000,8750,-20,149,0.0,arada,1.5,1.0,10.0,0.0,4,342.5,1800.0,342.963,0.463,True,344.0,90.0,6,False,-0.0213,1.037,0.1682,1.0093,0.2934,0.0
2000,8750,-20,154,0.357,arada,0.5482,1.0,10.0,0.0,0,358.4512,1775.0,358.5756,0.1244,True,359.0,122.0,8,False,-0.0088,0.4244,0.0651,0.3909,0.1089,0.0
2000,8750,-20,154,0.357,arada,0.5482,1.0,10.0,0.0,1,358.4512,1800.0,358.4691,0.0179,True,359.0,90.0,6,False,-0.0097,0.5309,0.0849,0.5093,0.1419,0.0
2000,8750,-20,154,0.357,arada,0.5482,1.0,10.0,0.0,2,358.4512,1850.0,358.5432,0.092,True,359.0,74.0,5,False,-0.0076,0.4568,0.0744,0.4463,0.1243,0.0
2000,8750,-20,154,0.357,arada,0.5482,1.0,10.0,0.0,3,358.4512,1850.0,358.5432,0.092,True,359.0,74.0,5,False,-0.0076,0.4568,0.0744,0.4463,0.1243,0.0
2000,8750,-20,154,0.357,arada,0.5482,1.0,10.0,0.0,4,358.4512,1800.0,358.4691,0.0179,True,359.0,90.0,6,False,-0.0097,0.5309,0.0849,0.5093,0.1419,0.0
2000,8750,-20,159,0.714,arada,0.4058,1.0,10.0,0.0,0,376.2192,1800.0,376.3611,0.1419,True,376.625,90.0,6,False,-0.0036,0.2639,0.0409,0.2453,0.0651,0.0
2000,8750,-20,159,0.714,arada,0.4058,1.0,10.0,0.0,1,376.2192,1825.0,376.2344,0.0152,True,376.625,106.0,7,False,-0.0089,0.3906,0.0625,0.375,0.0996,0.0
2000,8750,-20,159,0.714,arada,0.4058,1.0,10.0,0.0,2,376.2192,1850.0,376.2361,0.0169,True,376.625,74.0,5,False,-0.0056,0.3889,0.0625,0.3748,0.0995,0.0
2000,8750,-20,159,0.714,arada,0.4058,1.0,10.0,0.0,3,376.2192,1875.0,376.3663,0.1471,True,376.625,90.0,6,False,-0.0054,0.2587,0.0421,0.2524,0.067,0.0
2000,8750,-20,159,0.714,arada,0.4058,1.0,10.0,0.0,4,376.2192,1800.0,376.3611,0.1419,True,376.625,90.0,6,False,-0.0036,0.2639,0.0409,0.2453,0.0651,0.0
2000,8750,-20,163,1.0,arada,0.8281,1.0,10.0,0.0,0,391.2956,1837.5,391.3286,0.033,True,392.125,90.0,6,False,-0.0154,0.7964,0.1282,0.7692,0.1962,0.0
2000,8750,-20,163,1.0,arada,0.8281,1.0,10.0,0.0,1,391.2956,1850.0,391.4028,0.1072,True,392.125,74.0,5,False,-0.0117,0.7222,0.1173,0.7036,0.1794,0.0
2000,8750,-20,163,1.0,arada,0.8281,1.0,10.0,0.0,2,391.2956,1800.0,391.3611,0.0655,True,392.125,90.0,6,False,-0.0134,0.7639,0.1216,0.7297,0.1861,0.0
2000,8750,-20,163,1.0,arada,0.8281,1.0,10.0,0.0,3,391.2956,1850.0,391.4028,0.1072,True,392.125,74.0,5,False,-0.0117,0.7222,0.1173,0.7036,0.1794,0.0
2000,8750,-20,163,1.0,arada,0.8281,1.0,10.0,0.0,4,391.2956,1800.0,391.3611,0.0655,True,392.125,90.0,6,False,-0.0134,0.7639,0.1216,0.7297,0.1861,0.0
2000,8750,-10,151,0.0,arada,0.0741,1.0,10.0,0.0,0,345.9167,1850.0,345.9259,0.0092,True,346.0,74.0,5,False,-0.0002,0.0741,0.011,0.0659,0.0191,0.0
2000,8750,-10,151,0.0,arada,0.0741,1.0,10.0,0.0,1,345.9167,1850.0,345.9259,0.0092,True,346.0,74.0,5,False,-0.0002,0.0741,0.011,0.0659,0.0191,0.0
2000,8750,-10,151,0.0,arada,0.0741,1.0,10.0,0.0,2,345.9167,1850.0,345.9259,0.0092,True,346.0,74.0,5,False,-0.0002,0.0741,0.011,0.0659,0.0191,0.0
2000,8750,-10,151,0.0,arada,0.0741,1.0,10.0,0.0,3,345.9167,1900.0,346.0,0.0833,True,346.0,42.0,3,False,-0.0005,0.0,0.0005,0.0032,0.0009,0.0
2000,8750,-10,151,0.0,arada,0.0741,1.0,10.0,0.0,4,345.9167,1900.0,346.0,0.0833,True,346.0,42.0,3,False,-0.0005,0.0,0.0005,0.0032,0.0009,0.0
2000,8750,-10,156,0.357,arada,0.0771,1.0,10.0,0.0,0,361.6341,1875.0,361.6375,0.0034,True,361.7143,90.0,6,False,0.0005,0.0768,0.0104,0.0625,0.0173,22.0493
2000,8750,-10,156,0.357,arada,0.0771,1.0,10.0,0.0,1,361.6341,1850.0,361.6623,0.0282,True,361.7143,74.0,5,False,0.0008,0.052,0.0068,0.0409,0.0113,52.9815
2000,8750,-10,156,0.357,arada,0.0771,1.0,10.0,0.0,2,361.6341,1850.0,361.6623,0.0282,True,361.7143,74.0,5,False,0.0008,0.052,0.0068,0.0409,0.0113,52.9815
2000,8750,-10,156,0.357,arada,0.0771,1.0,10.0,0.0,3,361.6341,1850.0,361.6623,0.0282,True,361.7143,74.0,5,False,0.0008,0.052,0.0068,0.0409,0.0113,52.9815
2000,8750,-10,156,0.357,arada,0.0771,1.0,10.0,0.0,4,361.6341,1875.0,361.6375,0.0034,True,361.7143,90.0,6,False,0.0005,0.0768,0.0104,0.0625,0.0173,22.0493
2000,8750,-10,161,0.714,arada,0.2222,1.0,10.0,0.0,0,379.4016,1850.0,379.4028,0.0012,True,379.625,74.0,5,False,-0.0022,0.2222,0.0347,0.2081,0.0548,0.0
2000,8750,-10,161,0.714,arada,0.2222,1.0,10.0,0.0,1,379.4016,1900.0,379.625,0.2234,True,379.625,42.0,3,False,-0.0014,0.0,0.0014,0.0087,0.0023,0.0
2000,8750,-10,161,0.714,arada,0.2222,1.0,10.0,0.0,2,379.4016,1850.0,379.4028,0.0012,True,379.625,74.0,5,False,-0.0022,0.2222,0.0347,0.2081,0.0548,0.0
2000,8750,-10,161,0.714,arada,0.2222,1.0,10.0,0.0,3,379.4016,1875.0,379.4497,0.0481,True,379.625,74.0,5,False,-0.0031,0.1753,0.0287,0.1722,0.0454,0.0
2000,8750,-10,161,0.714,arada,0.2222,1.0,10.0,0.0,4,379.4016,1862.5,379.4102,0.0086,True,379.625,90.0,6,False,-0.0041,0.2148,0.0345,0.2069,0.0545,0.0
2000,8750,-10,165,1.0,arada,0.9531,1.0,10.0,0.0,0,394.1708,1875.0,394.6094,0.4386,True,395.125,90.0,6,False,-0.0126,0.5156,0.0858,0.5146,0.1302,0.0
2000,8750,-10,165,1.0,arada,0.9531,1.0,10.0,0.0,1,394.1708,1800.0,394.25,0.0792,True,395.125,90.0,6,False,-0.0154,0.875,0.1393,0.8355,0.2115,0.0
2000,8750,-10,165,1.0,arada,0.9531,1.0,10.0,0.0,2,394.1708,1837.5,394.207,0.0362,True,395.125,90.0,6,False,-0.0177,0.918,0.1477,0.8865,0.2244,0.0
2000,8750,-10,165,1.0,arada,0.9531,1.0,10.0,0.0,3,394.1708,1800.0,394.25,0.0792,True,395.125,90.0,6,False,-0.0154,0.875,0.1393,0.8355,0.2115,0.0
2000,8750,-10,165,1.0,arada,0.9531,1.0,10.0,0.0,4,394.1708,1800.0,394.25,0.0792,True,395.125,90.0,6,False,-0.0154,0.875,0.1393,0.8355,0.2115,0.0
2000,8750,0,154,0.0,arada,0.0382,1.0,10.0,0.0,0,350.9615,1850.0,351.0139,0.0524,True,351.0,74.0,5,False,0.0019,-0.0139,-0.004,-0.0238,-0.0068,inf
2000,8750,0,154,0.0,arada,0.0382,1.0,10.0,0.0,1,350.9615,1887.5,350.9696,0.0081,True,351.0,58.0,4,False,-0.0002,0.0304,0.0048,0.0288,0.0082,0.0
2000,8750,0,154,0.0,arada,0.0382,1.0,10.0,0.0,2,350.9615,1900.0,351.0,0.0385,True,351.0,42.0,3,False,-0.0001,0.0,0.0001,0.0004,0.0001,0.0
2000,8750,0,154,0.0,arada,0.0382,1.0,10.0,0.0,3,350.9615,1875.0,350.9618,0.0003,True,351.0,90.0,6,False,0.0015,0.0382,0.0039,0.0232,0.0066,144.1055
2000,8750,0,154,0.0,arada,0.0382,1.0,10.0,0.0,4,350.9615,1850.0,351.0139,0.0524,True,351.0,74.0,5,False,0.0019,-0.0139,-0.004,-0.0238,-0.0068,inf
2000,8750,0,159,0.385,arada,0.0324,1.0,10.0,0.0,0,367.6326,1850.0,367.7037,0.0711,True,367.6667,74.0,5,False,0.0026,-0.037,-0.008,-0.0482,-0.0131,inf
2000,8750,0,159,0.385,arada,0.0324,1.0,10.0,0.0,1,367.6326,1875.0,367.6343,0.0017,True,367.6667,74.0,5,False,-0.0001,0.0324,0.0049,0.0292,0.008,0.0
2000,8750,0,159,0.385,arada,0.0324,1.0,10.0,0.0,2,367.6326,1800.0,368.1481,0.5155,False,367.6667,90.0,6,False,0.0117,-0.4815,-0.08,-0.4801,-0.1306,inf
2000,8750,0,159,0.385,arada,0.0324,1.0,10.0,0.0,3,367.6326,1900.0,367.6667,0.0341,True,367.6667,42.0,3,False,0.0001,0.0,-0.0,-0.0002,-0.0001,inf
2000,8750,0,159,0.385,arada,0.0324,1.0,10.0,0.0,4,367.6326,1850.0,367.7037,0.0711,True,367.6667,74.0,5,False,0.0026,-0.037,-0.008,-0.0482,-0.0131,inf
2000,8750,0,164,0.769,arada,0.1094,1.0,10.0,0.0,0,386.3889,1850.0,386.4167,0.0278,True,386.5,74.0,5,False,0.0005,0.0833,0.0116,0.0696,0.018,23.6101
2000,8750,0,164,0.769,arada,0.1094,1.0,10.0,0.0,1,386.3889,1850.0,386.4167,0.0278,True,386.5,74.0,5,False,0.0005,0.0833,0.0116,0.0696,0.018,23.6101
2000,8750,0,164,0.769,arada,0.1094,1.0,10.0,0.0,2,386.3889,1850.0,386.4167,0.0278,True,386.5,74.0,5,False,0.0005,0.0833,0.0116,0.0696,0.018,23.6101
2000,8750,0,164,0.769,arada,0.1094,1.0,10.0,0.0,3,386.3889,1900.0,386.5,0.1111,True,386.5,42.0,3,False,-0.0006,0.0,0.0007,0.004,0.001,0.0
2000,8750,0,164,0.769,arada,0.1094,1.0,10.0,0.0,4,386.3889,1862.5,386.3906,0.0017,True,386.5,106.0,7,False,-0.0002,0.1094,0.0152,0.0909,0.0235,0.0
2000,8750,0,167,1.0,arada,0.3889,1.0,10.0,0.0,0,397.7344,1887.5,397.964,0.2296,True,398.125,58.0,4,False,-0.0035,0.161,0.0278,0.1671,0.042,0.0
2000,8750,0,167,1.0,arada,0.3889,1.0,10.0,0.0,1,397.7344,1875.0,397.8455,0.1111,True,398.125,90.0,6,False,-0.0048,0.2795,0.0444,0.2666,0.067,0.0
2000,8750,0,167,1.0,arada,0.3889,1.0,10.0,0.0,2,397.7344,1900.0,398.125,0.3906,True,398.125,42.0,3,False,-0.0024,0.0,0.0024,0.0147,0.0037,0.0
2000,8750,0,167,1.0,arada,0.3889,1.0,10.0,0.0,3,397.7344,1837.5,397.7452,0.0108,True,398.125,90.0,6,False,-0.0064,0.3798,0.0601,0.3609,0.0906,0.0
2000,8750,0,167,1.0,arada,0.3889,1.0,10.0,0.0,4,397.7344,1850.0,397.7361,0.0017,True,398.125,74.0,5,False,-0.0049,0.3889,0.0617,0.3702,0.093,0.0
2000,8750,10,155,0.0,arada,0.375,1.0,10.0,0.0,0,353.625,1850.0,353.6667,0.0417,True,354.0,74.0,5,False,-0.0053,0.3333,0.054,0.3242,0.0916,0.0
2000,8750,10,155,0.0,arada,0.375,1.0,10.0,0.0,1,353.625,1900.0,354.0,0.375,True,354.0,42.0,3,False,-0.0019,0.0,0.002,0.0119,0.0034,0.0
2000,8750,10,155,0.0,arada,0.375,1.0,10.0,0.0,2,353.625,1850.0,353.6667,0.0417,True,354.0,74.0,5,False,-0.0053,0.3333,0.054,0.3242,0.0916,0.0
2000,8750,10,155,0.0,arada,0.375,1.0,10.0,0.0,3,353.625,1850.0,353.6667,0.0417,True,354.0,74.0,5,False,-0.0053,0.3333,0.054,0.3242,0.0916,0.0
2000,8750,10,155,0.0,arada,0.375,1.0,10.0,0.0,4,353.625,1875.0,353.7917,0.1667,True,354.0,90.0,6,False,-0.005,0.2083,0.0345,0.2072,0.0585,0.0
2000,8750,10,160,0.385,arada,2.1852,1.0,10.0,0.0,0,368.4813,1825.0,368.625,0.1437,True,370.6667,106.0,7,False,-0.0491,2.0417,0.3293,1.9757,0.533,0.0
2000,8750,10,160,0.385,arada,2.1852,1.0,10.0,0.0,1,368.4813,1775.0,368.6065,0.1252,True,370.6667,122.0,8,False,-0.0596,2.0602,0.333,1.9982,0.5391,0.0
2000,8750,10,160,0.385,arada,2.1852,1.0,10.0,0.0,2,368.4813,1750.0,369.0,0.5187,False,370.6667,106.0,7,False,-0.0392,1.6667,0.2677,1.6064,0.4334,0.0
2000,8750,10,160,0.385,arada,2.1852,1.0,10.0,0.0,3,368.4813,1825.0,368.625,0.1437,True,370.6667,106.0,7,False,-0.0491,2.0417,0.3293,1.9757,0.533,0.0
2000,8750,10,160,0.385,arada,2.1852,1.0,10.0,0.0,4,368.4813,1800.0,368.4815,0.0002,True,370.6667,90.0,6,False,-0.0419,2.1852,0.3514,2.1084,0.5688,0.0
2000,8750,10,165,0.769,arada,1.8243,1.0,10.0,0.0,0,385.9524,1850.0,386.2654,0.313,True,387.7778,74.0,5,False,-0.0253,1.5123,0.2463,1.478,0.3811,0.0
2000,8750,10,165,0.769,arada,1.8243,1.0,10.0,0.0,1,385.9524,1800.0,386.0062,0.0538,True,387.7778,90.0,6,False,-0.0324,1.7716,0.2834,1.7001,0.4384,0.0
2000,8750,10,165,0.769,arada,1.8243,1.0,10.0,0.0,2,385.9524,1850.0,386.2654,0.313,True,387.7778,74.0,5,False,-0.0253,1.5123,0.2463,1.478,0.3811,0.0
2000,8750,10,165,0.769,arada,1.8243,1.0,10.0,0.0,3,385.9524,1812.5,385.9535,0.0011,True,387.7778,122.0,8,False,-0.0478,1.8243,0.29,1.7399,0.4487,0.0
2000,8750,10,165,0.769,arada,1.8243,1.0,10.0,0.0,4,385.9524,1837.5,386.0831,0.1307,True,387.7778,90.0,6,False,-0.0332,1.6946,0.2733,1.64,0.4229,0.0
2000,8750,10,168,1.0,arada,1.3819,1.0,10.0,0.0,0,396.7283,1800.0,396.9136,0.1853,True,398.1111,90.0,6,False,-0.0202,1.1975,0.1898,1.1385,0.286,0.0
2000,8750,10,168,1.0,arada,1.3819,1.0,10.0,0.0,1,396.7283,1800.0,396.9136,0.1853,True,398.1111,90.0,6,False,-0.0202,1.1975,0.1898,1.1385,0.286,0.0
2000,8750,10,168,1.0,arada,1.3819,1.0,10.0,0.0,2,396.7283,1850.0,396.8673,0.139,True,398.1111,74.0,5,False,-0.0196,1.2438,0.2014,1.2085,0.3035,0.0
2000,8750,10,168,1.0,arada,1.3819,1.0,10.0,0.0,3,396.7283,1850.0,396.8673,0.139,True,398.1111,74.0,5,False,-0.0196,1.2438,0.2014,1.2085,0.3035,0.0
2000,8750,10,168,1.0,arada,1.3819,1.0,10.0,0.0,4,396.7283,1825.0,396.7292,0.0009,True,398.1111,106.0,7,False,-0.0271,1.3819,0.2167,1.3002,0.3266,0.0
2000,8750,20,157,0.0,arada,0.8103,1.0,10.0,0.0,0,357.188,1800.0,357.248,0.06,True,358.0,90.0,6,False,-0.0133,0.752,0.1198,0.7186,0.2007,0.0
2000,8750,20,157,0.0,arada,0.8103,1.0,10.0,0.0,1,357.188,1837.5,357.2222,0.0342,True,358.0,90.0,6,False,-0.015,0.7778,0.1252,0.7514,0.2099,0.0
2000,8750,20,157,0.0,arada,0.8103,1.0,10.0,0.0,2,357.188,1825.0,357.1897,0.0017,True,358.0,106.0,7,False,-0.017,0.8103,0.1281,0.7689,0.2148,0.0
2000,8750,20,157,0.0,arada,0.8103,1.0,10.0,0.0,3,357.188,1850.0,357.2956,0.1076,True,358.0,74.0,5,False,-0.0114,0.7044,0.1144,0.6864,0.1917,0.0
2000,8750,20,157,0.0,arada,0.8103,1.0,10.0,0.0,4,357.188,1787.5,357.3387,0.1507,True,358.0,106.0,7,False,-0.0157,0.6613,0.1064,0.6383,0.1783,0.0
2000,8750,20,162,0.385,arada,0.091,1.0,10.0,0.0,0,373.3077,1875.0,373.309,0.0013,True,373.4,90.0,6,False,0.0013,0.091,0.0116,0.0695,0.0186,51.3321
2000,8750,20,162,0.385,arada,0.091,1.0,10.0,0.0,1,373.3077,1850.0,373.3611,0.0534,True,373.4,74.0,5,False,0.0018,0.0389,0.0039,0.0232,0.0062,164.7417
2000,8750,20,162,0.385,arada,0.091,1.0,10.0,0.0,2,373.3077,1887.5,373.3366,0.0289,True,373.4,58.0,4,False,-0.0008,0.0634,0.0104,0.0622,0.0167,0.0
2000,8750,20,162,0.385,arada,0.091,1.0,10.0,0.0,3,373.3077,1900.0,373.4,0.0923,True,373.4,42.0,3,False,-0.0004,0.0,0.0005,0.0027,0.0007,0.0
2000,8750,20,162,0.385,arada,0.091,1.0,10.0,0.0,4,373.3077,1900.0,373.4,0.0923,True,373.4,42.0,3,False,-0.0004,0.0,0.0005,0.0027,0.0007,0.0
2000,8750,20,167,0.769,1900,0.0,1.0,10.0,0.0,0,388.9,1875.0,389.0401,0.1401,True,388.9,90.0,6,False,0.0106,-0.1401,-0.0305,-0.1829,-0.047,inf
2000,8750,20,167,0.769,1900,0.0,1.0,10.0,0.0,1,388.9,1850.0,389.3457,0.4457,True,388.9,74.0,5,False,0.0121,-0.4457,-0.0773,-0.4639,-0.1193,inf
2000,8750,20,167,0.769,1900,0.0,1.0,10.0,0.0,2,388.9,1875.0,389.0401,0.1401,True,388.9,90.0,6,False,0.0106,-0.1401,-0.0305,-0.1829,-0.047,inf
2000,8750,20,167,0.769,1900,0.0,1.0,10.0,0.0,3,388.9,1887.5,388.9494,0.0494,True,388.9,58.0,4,False,0.0027,-0.0494,-0.0102,-0.0614,-0.0158,inf
2000,8750,20,167,0.769,1900,0.0,1.0,10.0,0.0,4,388.9,1887.5,388.9494,0.0494,True,388.9,58.0,4,False,0.0027,-0.0494,-0.0102,-0.0614,-0.0158,inf
2000,8750,20,170,1.0,arada,0.1944,1.0,10.0,0.0,0,399.7993,1900.0,400.0,0.2007,True,400.0,42.0,3,False,-0.0011,0.0,0.0012,0.007,0.0017,0.0
2000,8750,20,170,1.0,arada,0.1944,1.0,10.0,0.0,1,399.7993,1900.0,400.0,0.2007,True,400.0,42.0,3,False,-0.0011,0.0,0.0012,0.007,0.0017,0.0
2000,8750,20,170,1.0,arada,0.1944,1.0,10.0,0.0,2,399.7993,1900.0,400.0,0.2007,True,400.0,42.0,3,False,-0.0011,0.0,0.0012,0.007,0.0017,0.0
2000,8750,20,170,1.0,arada,0.1944,1.0,10.0,0.0,3,399.7993,1837.5,399.9846,0.1853,True,400.0,90.0,6,False,0.0023,0.0154,-0.0002,-0.0013,-0.0003,538.9432
2000,8750,20,170,1.0,arada,0.1944,1.0,10.0,0.0,4,399.7993,1850.0,399.8642,0.0649,True,400.0,74.0,5,False,0.0017,0.1358,0.0181,0.1087,0.0272,44.2225
2000,8750,30,159,0.0,1900,0.0,1.0,10.0,0.0,0,362.0,1900.0,362.0,-0.0,True,362.0,42.0,3,False,0.0031,0.0,-0.0032,-0.0192,-0.0053,inf
2000,8750,30,159,0.0,1900,0.0,1.0,10.0,0.0,1,362.0,1900.0,362.0,-0.0,True,362.0,42.0,3,False,0.0031,0.0,-0.0032,-0.0192,-0.0053,inf
2000,8750,30,159,0.0,1900,0.0,1.0,10.0,0.0,2,362.0,1887.5,362.138,0.138,True,362.0,58.0,4,False,0.0043,-0.138,-0.0252,-0.151,-0.0417,inf
2000,8750,30,159,0.0,1900,0.0,1.0,10.0,0.0,3,362.0,1900.0,362.0,-0.0,True,362.0,42.0,3,False,0.0031,0.0,-0.0032,-0.0192,-0.0053,inf
2000,8750,30,159,0.0,1900,0.0,1.0,10.0,0.0,4,362.0,1900.0,362.0,-0.0,True,362.0,42.0,3,False,0.0031,0.0,-0.0032,-0.0192,-0.0053,inf
2000,8750,30,164,0.714,1900,0.0,1.0,10.0,0.0,0,376.3333,1900.0,376.3333,0.0,True,376.3333,42.0,3,False,0.0058,0.0,-0.0059,-0.0356,-0.0094,inf
2000,8750,30,164,0.714,1900,0.0,1.0,10.0,0.0,1,376.3333,1900.0,376.3333,0.0,True,376.3333,42.0,3,False,0.0058,0.0,-0.0059,-0.0356,-0.0094,inf
2000,8750,30,164,0.714,1900,0.0,1.0,10.0,0.0,2,376.3333,1900.0,376.3333,0.0,True,376.3333,42.0,3,False,0.0058,0.0,-0.0059,-0.0356,-0.0094,inf
2000,8750,30,164,0.714,1900,0.0,1.0,10.0,0.0,3,376.3333,1900.0,376.3333,0.0,True,376.3333,42.0,3,False,0.0058,0.0,-0.0059,-0.0356,-0.0094,inf
2000,8750,30,164,0.714,1900,0.0,1.0,10.0,0.0,4,376.3333,1900.0,376.3333,0.0,True,376.3333,42.0,3,False,0.0058,0.0,-0.0059,-0.0356,-0.0094,inf
2000,8750,30,166,1.0,1900,0.0,1.0,10.0,0.0,0,383.0,1900.0,383.0,-0.0,True,383.0,42.0,3,False,0.0046,0.0,-0.0047,-0.028,-0.0073,inf
2000,8750,30,166,1.0,1900,0.0,1.0,10.0,0.0,1,383.0,1887.5,383.186,0.186,True,383.0,58.0,4,False,0.0062,-0.186,-0.0343,-0.2058,-0.0537,inf
2000,8750,30,166,1.0,1900,0.0,1.0,10.0,0.0,2,383.0,1900.0,383.0,-0.0,True,383.0,42.0,3,False,0.0046,0.0,-0.0047,-0.028,-0.0073,inf
2000,8750,30,166,1.0,1900,0.0,1.0,10.0,0.0,3,383.0,1900.0,383.0,-0.0,True,383.0,42.0,3,False,0.0046,0.0,-0.0047,-0.028,-0.0073,inf
2000,8750,30,166,1.0,1900,0.0,1.0,10.0,0.0,4,383.0,1900.0,383.0,-0.0,True,383.0,42.0,3,False,0.0046,0.0,-0.0047,-0.028,-0.0073,inf
4000,8750,-54,143,0.0,1600,4.0,1.0,10.0,0.0,0,315.0,1737.5,315.8403,0.8403,False,319.0,122.0,8,False,-0.0831,3.1597,0.5027,3.0164,0.9456,0.0
4000,8750,-54,143,0.0,1600,4.0,1.0,10.0,0.0,1,315.0,1637.5,315.0625,0.0625,True,319.0,154.0,10,False,-0.1292,3.9375,0.617,3.702,1.1605,0.0
4000,8750,-54,143,0.0,1600,4.0,1.0,10.0,0.0,2,315.0,1700.0,315.4444,0.4444,True,319.0,122.0,8,False,-0.0907,3.5556,0.5629,3.3771,1.0587,0.0
4000,8750,-54,143,0.0,1600,4.0,1.0,10.0,0.0,3,315.0,1750.0,316.0,1.0,False,319.0,106.0,7,False,-0.0685,3.0,0.4803,2.8815,0.9033,0.0
4000,8750,-54,143,0.0,1600,4.0,1.0,10.0,0.0,4,315.0,1850.0,317.7778,2.7778,False,319.0,74.0,5,False,-0.024,1.2222,0.2027,1.2162,0.3813,0.0
4000,8750,-54,148,0.294,1600,5.0794,1.0,10.0,0.0,0,331.1429,1600.0,331.1429,-0.0,True,336.2222,122.0,8,False,-0.116,5.0794,0.7903,4.7419,1.4104,0.0
4000,8750,-54,148,0.294,1600,5.0794,1.0,10.0,0.0,1,331.1429,1700.0,331.933,0.7901,False,336.2222,122.0,8,False,-0.1089,4.2892,0.6785,4.0708,1.2107,0.0
4000,8750,-54,148,0.294,1600,5.0794,1.0,10.0,0.0,2,331.1429,1600.0,331.1429,-0.0,True,336.2222,122.0,8,False,-0.116,5.0794,0.7903,4.7419,1.4104,0.0
4000,8750,-54,148,0.294,1600,5.0794,1.0,10.0,0.0,3,331.1429,1600.0,331.1429,-0.0,True,336.2222,122.0,8,False,-0.116,5.0794,0.7903,4.7419,1.4104,0.0
4000,8750,-54,148,0.294,1600,5.0794,1.0,10.0,0.0,4,331.1429,1600.0,331.1429,-0.0,True,336.2222,122.0,8,False,-0.116,5.0794,0.7903,4.7419,1.4104,0.0
4000,8750,-54,153,0.588,arada,3.9838,1.0,10.0,0.0,0,349.6821,1700.0,349.7831,0.101,True,353.6667,122.0,8,False,-0.1046,3.8836,0.6202,3.7211,1.0521,0.0
4000,8750,-54,153,0.588,arada,3.9838,1.0,10.0,0.0,1,349.6821,1750.0,349.75,0.0679,True,353.6667,106.0,7,False,-0.0899,3.9167,0.6274,3.7642,1.0643,0.0
4000,8750,-54,153,0.588,arada,3.9838,1.0,10.0,0.0,2,349.6821,1737.5,349.6955,0.0134,True,353.6667,122.0,8,False,-0.1076,3.9711,0.6349,3.8092,1.0771,0.0
4000,8750,-54,153,0.588,arada,3.9838,1.0,10.0,0.0,3,349.6821,1750.0,349.75,0.0679,True,353.6667,106.0,7,False,-0.0899,3.9167,0.6274,3.7642,1.0643,0.0
4000,8750,-54,153,0.588,arada,3.9838,1.0,10.0,0.0,4,349.6821,1750.0,349.75,0.0679,True,353.6667,106.0,7,False,-0.0899,3.9167,0.6274,3.7642,1.0643,0.0
4000,8750,-54,158,0.882,arada,3.5,1.0,10.0,0.0,0,368.4733,1800.0,368.7407,0.2674,True,372.0,90.0,6,False,-0.065,3.2593,0.5269,3.1611,0.8498,0.0
4000,8750,-54,158,0.882,arada,3.5,1.0,10.0,0.0,1,368.4733,1737.5,368.5845,0.1112,True,372.0,122.0,8,False,-0.0953,3.4155,0.5488,3.2926,0.8851,0.0
4000,8750,-54,158,0.882,arada,3.5,1.0,10.0,0.0,2,368.4733,1750.0,368.5,0.0267,True,372.0,106.0,7,False,-0.0807,3.5,0.5609,3.3657,0.9048,0.0
4000,8750,-54,158,0.882,arada,3.5,1.0,10.0,0.0,3,368.4733,1775.0,368.5046,0.0313,True,372.0,122.0,8,False,-0.0956,3.4954,0.5598,3.3586,0.9028,0.0
4000,8750,-54,158,0.882,arada,3.5,1.0,10.0,0.0,4,368.4733,1775.0,368.5046,0.0313,True,372.0,122.0,8,False,-0.0956,3.4954,0.5598,3.3586,0.9028,0.0
4000,8750,-54,160,1.0,arada,3.4259,1.0,10.0,0.0,0,375.9048,1750.0,376.0,0.0952,True,379.3333,106.0,7,False,-0.0771,3.3333,0.5344,3.2063,0.8453,0.0
4000,8750,-54,160,1.0,arada,3.4259,1.0,10.0,0.0,1,375.9048,1787.5,375.9583,0.0535,True,379.3333,106.0,7,False,-0.0798,3.375,0.543,3.2578,0.8588,0.0
4000,8750,-54,160,1.0,arada,3.4259,1.0,10.0,0.0,2,375.9048,1750.0,376.0,0.0952,True,379.3333,106.0,7,False,-0.0771,3.3333,0.5344,3.2063,0.8453,0.0
4000,8750,-54,160,1.0,arada,3.4259,1.0,10.0,0.0,3,375.9048,1800.0,376.0741,0.1693,True,379.3333,90.0,6,False,-0.0646,3.2593,0.5264,3.1584,0.8326,0.0
4000,8750,-54,160,1.0,arada,3.4259,1.0,10.0,0.0,4,375.9048,1775.0,375.9074,0.0026,True,379.3333,122.0,8,False,-0.0924,3.4259,0.5473,3.2837,0.8657,0.0
4000,8750,-50,143,0.0,arada,4.5556,1.0,10.0,0.0,0,313.4438,1750.0,313.75,0.3062,True,318.0,106.0,7,False,-0.0973,4.25,0.6806,4.0836,1.2841,0.0
4000,8750,-50,143,0.0,arada,4.5556,1.0,10.0,0.0,1,313.4438,1725.0,313.5278,0.084,True,318.0,138.0,9,False,-0.1385,4.4722,0.7125,4.2751,1.3444,0.0
4000,8750,-50,143,0.0,arada,4.5556,1.0,10.0,0.0,2,313.4438,1700.0,313.4444,0.0006,True,318.0,122.0,8,False,-0.1197,4.5556,0.7246,4.3475,1.3671,0.0
4000,8750,-50,143,0.0,arada,4.5556,1.0,10.0,0.0,3,313.4438,1750.0,313.75,0.3062,True,318.0,106.0,7,False,-0.0973,4.25,0.6806,4.0836,1.2841,0.0
4000,8750,-50,143,0.0,arada,4.5556,1.0,10.0,0.0,4,313.4438,1675.0,313.5,0.0562,True,318.0,154.0,10,False,-0.1594,4.5,0.7169,4.3013,1.3526,0.0
4000,8750,-50,148,0.278,arada,3.5655,1.0,10.0,0.0,0,330.211,1750.0,330.3333,0.1223,True,333.7778,106.0,7,False,-0.079,3.4444,0.5517,3.31,0.9917,0.0
4000,8750,-50,148,0.278,arada,3.5655,1.0,10.0,0.0,1,330.211,1700.0,330.2377,0.0267,True,333.7778,122.0,8,False,-0.0943,3.5401,0.5643,3.3856,1.0143,0.0
4000,8750,-50,148,0.278,arada,3.5655,1.0,10.0,0.0,2,330.211,1700.0,330.2377,0.0267,True,333.7778,122.0,8,False,-0.0943,3.5401,0.5643,3.3856,1.0143,0.0
4000,8750,-50,148,0.278,arada,3.5655,1.0,10.0,0.0,3,330.211,1700.0,330.2377,0.0267,True,333.7778,122.0,8,False,-0.0943,3.5401,0.5643,3.3856,1.0143,0.0
4000,8750,-50,148,0.278,arada,3.5655,1.0,10.0,0.0,4,330.211,1700.0,330.2377,0.0267,True,333.7778,122.0,8,False,-0.0943,3.5401,0.5643,3.3856,1.0143,0.0
4000,8750,-50,153,0.556,arada,4.0286,1.0,10.0,0.0,0,346.9711,1775.0,347.1979,0.2268,True,351.0,122.0,8,False,-0.1067,3.8021,0.6116,3.6693,1.0454,0.0
4000,8750,-50,153,0.556,arada,4.0286,1.0,10.0,0.0,1,346.9711,1750.0,347.0,0.0289,True,351.0,106.0,7,False,-0.0919,4.0,0.6408,3.8447,1.0954,0.0
4000,8750,-50,153,0.556,arada,4.0286,1.0,10.0,0.0,2,346.9711,1775.0,347.1979,0.2268,True,351.0,122.0,8,False,-0.1067,3.8021,0.6116,3.6693,1.0454,0.0
4000,8750,-50,153,0.556,arada,4.0286,1.0,10.0,0.0,3,346.9711,1800.0,347.5833,0.6122,False,351.0,90.0,6,False,-0.069,3.4167,0.5532,3.3191,0.9456,0.0
4000,8750,-50,153,0.556,arada,4.0286,1.0,10.0,0.0,4,346.9711,1750.0,347.0,0.0289,True,351.0,106.0,7,False,-0.0919,4.0,0.6408,3.8447,1.0954,0.0
4000,8750,-50,158,0.833,arada,3.5833,1.0,10.0,0.0,0,365.7429,1750.0,365.75,0.0071,True,369.3333,106.0,7,False,-0.0825,3.5833,0.5742,3.4454,0.9329,0.0
4000,8750,-50,158,0.833,arada,3.5833,1.0,10.0,0.0,1,365.7429,1750.0,365.75,0.0071,True,369.3333,106.0,7,False,-0.0825,3.5833,0.5742,3.4454,0.9329,0.0
4000,8750,-50,158,0.833,arada,3.5833,1.0,10.0,0.0,2,365.7429,1825.0,366.5625,0.8196,False,369.3333,106.0,7,False,-0.073,2.7708,0.4533,2.7199,0.7364,0.0
4000,8750,-50,158,0.833,arada,3.5833,1.0,10.0,0.0,3,365.7429,1850.0,367.2685,1.5256,False,369.3333,74.0,5,False,-0.0383,2.0648,0.3402,2.0411,0.5526,0.0
4000,8750,-50,158,0.833,arada,3.5833,1.0,10.0,0.0,4,365.7429,1762.5,365.7494,0.0065,True,369.3333,186.0,12,False,-0.1515,3.5839,0.5636,3.3819,0.9157,0.0
4000,8750,-50,161,1.0,arada,3.4259,1.0,10.0,0.0,0,376.9048,1775.0,376.9074,0.0026,True,380.3333,122.0,8,False,-0.0924,3.4259,0.5473,3.2837,0.8634,0.0
4000,8750,-50,161,1.0,arada,3.4259,1.0,10.0,0.0,1,376.9048,1750.0,377.0,0.0952,True,380.3333,106.0,7,False,-0.0771,3.3333,0.5344,3.2063,0.843,0.0
4000,8750,-50,161,1.0,arada,3.4259,1.0,10.0,0.0,2,376.9048,1775.0,376.9074,0.0026,True,380.3333,122.0,8,False,-0.0924,3.4259,0.5473,3.2837,0.8634,0.0
4000,8750,-50,161,1.0,arada,3.4259,1.0,10.0,0.0,3,376.9048,1775.0,376.9074,0.0026,True,380.3333,122.0,8,False,-0.0924,3.4259,0.5473,3.2837,0.8634,0.0
4000,8750,-50,161,1.0,arada,3.4259,1.0,10.0,0.0,4,376.9048,1750.0,377.0,0.0952,True,380.3333,106.0,7,False,-0.0771,3.3333,0.5344,3.2063,0.843,0.0
4000,8750,-40,145,0.0,arada,4.1406,1.0,10.0,0.0,0,316.858,1750.0,317.0,0.142,True,321.0,106.0,7,False,-0.0917,4.0,0.6406,3.8439,1.1975,0.0
4000,8750,-40,145,0.0,arada,4.1406,1.0,10.0,0.0,1,316.858,1700.0,316.8889,0.0309,True,321.0,122.0,8,False,-0.1095,4.1111,0.6553,3.9317,1.2248,0.0
4000,8750,-40,145,0.0,arada,4.1406,1.0,10.0,0.0,2,316.858,1700.0,316.8889,0.0309,True,321.0,122.0,8,False,-0.1095,4.1111,0.6553,3.9317,1.2248,0.0
4000,8750,-40,145,0.0,arada,4.1406,1.0,10.0,0.0,3,316.858,1700.0,316.8889,0.0309,True,321.0,122.0,8,False,-0.1095,4.1111,0.6553,3.9317,1.2248,0.0
4000,8750,-40,145,0.0,arada,4.1406,1.0,10.0,0.0,4,316.858,1750.0,317.0,0.142,True,321.0,106.0,7,False,-0.0917,4.0,0.6406,3.8439,1.1975,0.0
4000,8750,-40,150,0.278,arada,3.0111,1.0,10.0,0.0,0,333.3215,1800.0,333.7454,0.4239,True,336.3333,90.0,6,False,-0.0522,2.588,0.4189,2.5136,0.7473,0.0
4000,8750,-40,150,0.278,arada,3.0111,1.0,10.0,0.0,1,333.3215,1700.0,333.5093,0.1878,True,336.3333,122.0,8,False,-0.0774,2.8241,0.4523,2.7136,0.8068,0.0
4000,8750,-40,150,0.278,arada,3.0111,1.0,10.0,0.0,2,333.3215,1800.0,333.7454,0.4239,True,336.3333,90.0,6,False,-0.0522,2.588,0.4189,2.5136,0.7473,0.0
4000,8750,-40,150,0.278,arada,3.0111,1.0,10.0,0.0,3,333.3215,1737.5,333.3222,0.0007,True,336.3333,122.0,8,False,-0.0822,3.0111,0.482,2.8921,0.8599,0.0
4000,8750,-40,150,0.278,arada,3.0111,1.0,10.0,0.0,4,333.3215,1750.0,333.3333,0.0118,True,336.3333,106.0,7,False,-0.0689,3.0,0.4806,2.8837,0.8574,0.0
4000,8750,-40,155,0.556,arada,3.0,1.0,10.0,0.0,0,349.9896,1775.0,350.0312,0.0416,True,353.0,122.0,8,False,-0.0816,2.9687,0.4758,2.8548,0.8087,0.0
4000,8750,-40,155,0.556,arada,3.0,1.0,10.0,0.0,1,349.9896,1750.0,350.0,0.0104,True,353.0,106.0,7,False,-0.0691,3.0,0.4808,2.8846,0.8172,0.0
4000,8750,-40,155,0.556,arada,3.0,1.0,10.0,0.0,2,349.9896,1750.0,350.0,0.0104,True,353.0,106.0,7,False,-0.0691,3.0,0.4808,2.8846,0.8172,0.0
4000,8750,-40,155,0.556,arada,3.0,1.0,10.0,0.0,3,349.9896,1750.0,350.0,0.0104,True,353.0,106.0,7,False,-0.0691,3.0,0.4808,2.8846,0.8172,0.0
4000,8750,-40,155,0.556,arada,3.0,1.0,10.0,0.0,4,349.9896,1775.0,350.0312,0.0416,True,353.0,122.0,8,False,-0.0815,2.9687,0.4757,2.8542,0.8086,0.0
4000,8750,-40,160,0.833,arada,2.7681,1.0,10.0,0.0,0,368.0096,1800.0,368.1173,0.1077,True,370.7778,90.0,6,False,-0.0526,2.6605,0.4295,2.5771,0.695,0.0
4000,8750,-40,160,0.833,arada,2.7681,1.0,10.0,0.0,1,368.0096,1800.0,368.1173,0.1077,True,370.7778,90.0,6,False,-0.0526,2.6605,0.4295,2.5771,0.695,0.0
4000,8750,-40,160,0.833,arada,2.7681,1.0,10.0,0.0,2,368.0096,1800.0,368.1173,0.1077,True,370.7778,90.0,6,False,-0.0526,2.6605,0.4295,2.5771,0.695,0.0
4000,8750,-40,160,0.833,arada,2.7681,1.0,10.0,0.0,3,368.0096,1787.5,368.0356,0.026,True,370.7778,106.0,7,False,-0.0649,2.7422,0.4412,2.6469,0.7139,0.0
4000,8750,-40,160,0.833,arada,2.7681,1.0,10.0,0.0,4,368.0096,1787.5,368.0356,0.026,True,370.7778,106.0,7,False,-0.0649,2.7422,0.4412,2.6469,0.7139,0.0
4000,8750,-40,163,1.0,arada,2.7187,1.0,10.0,0.0,0,378.7253,1837.5,379.2782,0.5529,False,381.4444,90.0,6,False,-0.0439,2.1663,0.3509,2.1056,0.552,0.0
4000,8750,-40,163,1.0,arada,2.7187,1.0,10.0,0.0,1,378.7253,1800.0,378.7654,0.0401,True,381.4444,138.0,9,False,-0.0814,2.679,0.4252,2.5512,0.6688,0.0
4000,8750,-40,163,1.0,arada,2.7187,1.0,10.0,0.0,2,378.7253,1800.0,378.7654,0.0401,True,381.4444,90.0,6,False,-0.0523,2.679,0.4319,2.5914,0.6794,0.0
4000,8750,-40,163,1.0,arada,2.7187,1.0,10.0,0.0,3,378.7253,1750.0,379.0,0.2747,True,381.4444,106.0,7,False,-0.0569,2.4444,0.3922,2.353,0.6169,0.0
4000,8750,-40,163,1.0,arada,2.7187,1.0,10.0,0.0,4,378.7253,1800.0,378.7654,0.0401,True,381.4444,90.0,6,False,-0.0523,2.679,0.4319,2.5914,0.6794,0.0
4000,8750,-30,148,0.0,arada,1.1562,1.0,10.0,0.0,0,322.843,1850.0,323.1852,0.3422,True,324.0,74.0,5,False,-0.0145,0.8148,0.1336,0.8016,0.2474,0.0
4000,8750,-30,148,0.0,arada,1.1562,1.0,10.0,0.0,1,322.843,1850.0,323.1852,0.3422,True,324.0,74.0,5,False,-0.0145,0.8148,0.1336,0.8016,0.2474,0.0
4000,8750,-30,148,0.0,arada,1.1562,1.0,10.0,0.0,2,322.843,1775.0,322.8657,0.0227,True,324.0,122.0,8,False,-0.0322,1.1343,0.1828,1.0967,0.3385,0.0
4000,8750,-30,148,0.0,arada,1.1562,1.0,10.0,0.0,3,322.843,1812.5,322.89,0.047,True,324.0,122.0,8,False,-0.0308,1.11,0.1782,1.0694,0.3301,0.0
4000,8750,-30,148,0.0,arada,1.1562,1.0,10.0,0.0,4,322.843,1800.0,322.8519,0.0089,True,324.0,90.0,6,False,-0.0223,1.1481,0.185,1.1098,0.3425,0.0
4000,8750,-30,153,0.294,arada,2.1759,1.0,10.0,0.0,0,339.0453,1800.0,339.1481,0.1028,True,341.2222,90.0,6,False,-0.0411,2.0741,0.335,2.0097,0.589,0.0
4000,8750,-30,153,0.294,arada,2.1759,1.0,10.0,0.0,1,339.0453,1737.5,339.206,0.1607,True,341.2222,122.0,8,False,-0.0572,2.0162,0.3249,1.9493,0.5713,0.0
4000,8750,-30,153,0.294,arada,2.1759,1.0,10.0,0.0,2,339.0453,1800.0,339.1481,0.1028,True,341.2222,90.0,6,False,-0.0411,2.0741,0.335,2.0097,0.589,0.0
4000,8750,-30,153,0.294,arada,2.1759,1.0,10.0,0.0,3,339.0453,1750.0,339.1111,0.0658,True,341.2222,106.0,7,False,-0.0488,2.1111,0.3385,2.0307,0.5951,0.0
4000,8750,-30,153,0.294,arada,2.1759,1.0,10.0,0.0,4,339.0453,1800.0,339.1481,0.1028,True,341.2222,90.0,6,False,-0.0411,2.0741,0.335,2.0097,0.589,0.0
4000,8750,-30,158,0.588,arada,2.8627,1.0,10.0,0.0,0,355.6875,1825.0,356.2083,0.5208,False,358.5556,106.0,7,False,-0.0607,2.3472,0.3829,2.2974,0.6407,0.0
4000,8750,-30,158,0.588,arada,2.8627,1.0,10.0,0.0,1,355.6875,1812.5,356.0008,0.3133,True,358.5556,122.0,8,False,-0.0727,2.5548,0.412,2.4717,0.6894,0.0
4000,8750,-30,158,0.588,arada,2.8627,1.0,10.0,0.0,2,355.6875,1775.0,355.6929,0.0054,True,358.5556,122.0,8,False,-0.0775,2.8627,0.4576,2.7455,0.7657,0.0
4000,8750,-30,158,0.588,arada,2.8627,1.0,10.0,0.0,3,355.6875,1750.0,355.75,0.0625,True,358.5556,106.0,7,False,-0.0648,2.8056,0.4497,2.6985,0.7526,0.0
4000,8750,-30,158,0.588,arada,2.8627,1.0,10.0,0.0,4,355.6875,1750.0,355.75,0.0625,True,358.5556,106.0,7,False,-0.0648,2.8056,0.4497,2.6985,0.7526,0.0
4000,8750,-30,163,0.882,arada,2.125,1.0,10.0,0.0,0,374.2066,1787.5,374.2083,0.0017,True,376.3333,106.0,7,False,-0.0503,2.125,0.3419,2.0512,0.545,0.0
4000,8750,-30,163,0.882,arada,2.125,1.0,10.0,0.0,1,374.2066,1750.0,374.5,0.2934,True,376.3333,106.0,7,False,-0.0428,1.8333,0.2942,1.7653,0.4691,0.0
4000,8750,-30,163,0.882,arada,2.125,1.0,10.0,0.0,2,374.2066,1825.0,374.4167,0.2101,True,376.3333,106.0,7,False,-0.0441,1.9167,0.3072,1.8429,0.4897,0.0
4000,8750,-30,163,0.882,arada,2.125,1.0,10.0,0.0,3,374.2066,1787.5,374.2083,0.0017,True,376.3333,106.0,7,False,-0.0503,2.125,0.3419,2.0512,0.545,0.0
4000,8750,-30,163,0.882,arada,2.125,1.0,10.0,0.0,4,374.2066,1812.5,374.2917,0.0851,True,376.3333,122.0,8,False,-0.0567,2.0417,0.3278,1.9669,0.5227,0.0
4000,8750,-30,165,1.0,arada,1.9012,1.0,10.0,0.0,0,381.5432,1775.0,381.6543,0.1111,True,383.4444,122.0,8,False,-0.0518,1.7901,0.2894,1.7364,0.4529,0.0
4000,8750,-30,165,1.0,arada,1.9012,1.0,10.0,0.0,1,381.5432,1825.0,381.6667,0.1235,True,383.4444,106.0,7,False,-0.0427,1.7778,0.2867,1.7201,0.4486,0.0
4000,8750,-30,165,1.0,arada,1.9012,1.0,10.0,0.0,2,381.5432,1750.0,382.0,0.4568,True,383.4444,106.0,7,False,-0.034,1.4444,0.232,1.3923,0.3631,0.0
4000,8750,-30,165,1.0,arada,1.9012,1.0,10.0,0.0,3,381.5432,1775.0,381.6543,0.1111,True,383.4444,122.0,8,False,-0.0442,1.7901,0.2818,1.6911,0.441,0.0
4000,8750,-30,165,1.0,arada,1.9012,1.0,10.0,0.0,4,381.5432,1787.5,381.5694,0.0262,True,383.4444,106.0,7,False,-0.0444,1.875,0.3016,1.8099,0.472,0.0
4000,8750,-20,149,0.0,arada,3.0,1.0,10.0,0.0,0,322.9941,1750.0,323.0,0.0059,True,326.0,154.0,10,False,-0.1079,3.0,0.4795,2.8773,0.8826,0.0
4000,8750,-20,149,0.0,arada,3.0,1.0,10.0,0.0,1,322.9941,1700.0,323.4568,0.4627,True,326.0,122.0,8,False,-0.0722,2.5432,0.4098,2.4588,0.7542,0.0
4000,8750,-20,149,0.0,arada,3.0,1.0,10.0,0.0,2,322.9941,1775.0,323.0448,0.0507,True,326.0,122.0,8,False,-0.0814,2.9552,0.4738,2.843,0.8721,0.0
4000,8750,-20,149,0.0,arada,3.0,1.0,10.0,0.0,3,322.9941,1775.0,323.0448,0.0507,True,326.0,122.0,8,False,-0.0814,2.9552,0.4738,2.843,0.8721,0.0
4000,8750,-20,149,0.0,arada,3.0,1.0,10.0,0.0,4,322.9941,1762.5,322.9996,0.0055,True,326.0,138.0,9,False,-0.0947,3.0004,0.4798,2.8788,0.8831,0.0
4000,8750,-20,154,0.278,arada,3.1111,1.0,10.0,0.0,0,338.8818,1750.0,338.8889,0.0071,True,342.0,106.0,7,False,-0.0717,3.1111,0.4986,2.9914,0.8747,0.0
4000,8750,-20,154,0.278,arada,3.1111,1.0,10.0,0.0,1,338.8818,1800.0,339.1651,0.2833,True,342.0,138.0,9,False,-0.0947,2.8349,0.4585,2.7512,0.8045,0.0
4000,8750,-20,154,0.278,arada,3.1111,1.0,10.0,0.0,2,338.8818,1750.0,338.8889,0.0071,True,342.0,106.0,7,False,-0.0717,3.1111,0.4986,2.9914,0.8747,0.0
4000,8750,-20,154,0.278,arada,3.1111,1.0,10.0,0.0,3,338.8818,1750.0,338.8889,0.0071,True,342.0,106.0,7,False,-0.0717,3.1111,0.4986,2.9914,0.8747,0.0
4000,8750,-20,154,0.278,arada,3.1111,1.0,10.0,0.0,4,338.8818,1775.0,338.9319,0.0501,True,342.0,122.0,8,False,-0.0845,3.0681,0.4919,2.9513,0.8629,0.0
4000,8750,-20,159,0.556,arada,3.1076,1.0,10.0,0.0,0,354.892,1800.0,355.0278,0.1358,True,358.0,90.0,6,False,-0.0588,2.9722,0.4799,2.8796,0.8044,0.0
4000,8750,-20,159,0.556,arada,3.1076,1.0,10.0,0.0,1,354.892,1787.5,354.9297,0.0377,True,358.0,106.0,7,False,-0.0726,3.0703,0.4939,2.9637,0.8278,0.0
4000,8750,-20,159,0.556,arada,3.1076,1.0,10.0,0.0,2,354.892,1800.0,355.0278,0.1358,True,358.0,90.0,6,False,-0.0588,2.9722,0.4799,2.8796,0.8044,0.0
4000,8750,-20,159,0.556,arada,3.1076,1.0,10.0,0.0,3,354.892,1850.0,356.0278,1.1358,False,358.0,74.0,5,False,-0.0359,1.9722,0.3243,1.9456,0.5435,0.0
4000,8750,-20,159,0.556,arada,3.1076,1.0,10.0,0.0,4,354.892,1800.0,355.0278,0.1358,True,358.0,90.0,6,False,-0.0588,2.9722,0.4799,2.8796,0.8044,0.0
4000,8750,-20,164,0.833,arada,1.716,1.0,10.0,0.0,0,374.0579,1800.0,374.0617,0.0038,True,375.7778,90.0,6,False,-0.0331,1.716,0.2762,1.6573,0.441,0.0
4000,8750,-20,164,0.833,arada,1.716,1.0,10.0,0.0,1,374.0579,1825.0,374.1979,0.14,True,375.7778,106.0,7,False,-0.0385,1.5799,0.2553,1.5321,0.4077,0.0
4000,8750,-20,164,0.833,arada,1.716,1.0,10.0,0.0,2,374.0579,1750.0,374.375,0.3171,True,375.7778,106.0,7,False,-0.0328,1.4028,0.2252,1.3513,0.3596,0.0
4000,8750,-20,164,0.833,arada,1.716,1.0,10.0,0.0,3,374.0579,1800.0,374.0617,0.0038,True,375.7778,90.0,6,False,-0.0331,1.716,0.2762,1.6573,0.441,0.0
4000,8750,-20,164,0.833,arada,1.716,1.0,10.0,0.0,4,374.0579,1825.0,374.1979,0.14,True,375.7778,154.0,10,False,-0.0551,1.5799,0.2509,1.5054,0.4006,0.0
4000,8750,-20,167,1.0,arada,1.0424,1.0,10.0,0.0,0,385.4014,1800.0,385.4321,0.0307,True,386.4444,90.0,6,False,-0.0185,1.0123,0.1619,0.9715,0.2514,0.0
4000,8750,-20,167,1.0,arada,1.0424,1.0,10.0,0.0,1,385.4014,1825.0,385.4167,0.0153,True,386.4444,106.0,7,False,-0.0236,1.0278,0.1646,0.9878,0.2556,0.0
4000,8750,-20,167,1.0,arada,1.0424,1.0,10.0,0.0,2,385.4014,1787.5,385.5069,0.1055,True,386.4444,106.0,7,False,-0.0222,0.9375,0.1508,0.9049,0.2342,0.0
4000,8750,-20,167,1.0,arada,1.0424,1.0,10.0,0.0,3,385.4014,1800.0,385.4321,0.0307,True,386.4444,90.0,6,False,-0.0185,1.0123,0.1619,0.9715,0.2514,0.0
4000,8750,-20,167,1.0,arada,1.0424,1.0,10.0,0.0,4,385.4014,1875.0,385.9228,0.5214,False,386.4444,90.0,6,False,-0.0135,0.5216,0.0874,0.5247,0.1358,0.0
4000,8750,-10,152,0.0,1900,0.0,1.0,10.0,0.0,0,330.0,1887.5,330.1762,0.1762,True,330.0,58.0,4,False,0.0052,-0.1762,-0.0318,-0.1908,-0.0578,inf
4000,8750,-10,152,0.0,1900,0.0,1.0,10.0,0.0,1,330.0,1887.5,330.1762,0.1762,True,330.0,58.0,4,False,0.0052,-0.1762,-0.0318,-0.1908,-0.0578,inf
4000,8750,-10,152,0.0,1900,0.0,1.0,10.0,0.0,2,330.0,1900.0,330.0,0.0,True,330.0,42.0,3,False,0.0037,0.0,-0.0038,-0.023,-0.007,inf
4000,8750,-10,152,0.0,1900,0.0,1.0,10.0,0.0,3,330.0,1900.0,330.0,0.0,True,330.0,42.0,3,False,0.0037,0.0,-0.0038,-0.023,-0.007,inf
4000,8750,-10,152,0.0,1900,0.0,1.0,10.0,0.0,4,330.0,1900.0,330.0,0.0,True,330.0,42.0,3,False,0.0037,0.0,-0.0038,-0.023,-0.007,inf
4000,8750,-10,157,0.312,arada,0.6602,1.0,10.0,0.0,0,346.0057,1825.0,346.0143,0.0086,True,346.6667,106.0,7,False,-0.0144,0.6524,0.1039,0.6235,0.1799,0.0
4000,8750,-10,157,0.312,arada,0.6602,1.0,10.0,0.0,1,346.0057,1800.0,346.0275,0.0218,True,346.6667,90.0,6,False,-0.0117,0.6392,0.1022,0.6131,0.1769,0.0
4000,8750,-10,157,0.312,arada,0.6602,1.0,10.0,0.0,2,346.0057,1800.0,346.0275,0.0218,True,346.6667,90.0,6,False,-0.0117,0.6392,0.1022,0.6131,0.1769,0.0
4000,8750,-10,157,0.312,arada,0.6602,1.0,10.0,0.0,3,346.0057,1900.0,346.6667,0.661,False,346.6667,42.0,3,False,-0.0032,0.0,0.0032,0.0195,0.0056,0.0
4000,8750,-10,157,0.312,arada,0.6602,1.0,10.0,0.0,4,346.0057,1850.0,346.1164,0.1107,True,346.6667,74.0,5,False,-0.0092,0.5503,0.0896,0.5376,0.1551,0.0
4000,8750,-10,162,0.625,arada,2.321,1.0,10.0,0.0,0,361.2339,1800.0,361.2346,0.0007,True,363.5556,90.0,6,False,-0.0442,2.321,0.373,2.238,0.6156,0.0
4000,8750,-10,162,0.625,arada,2.321,1.0,10.0,0.0,1,361.2339,1800.0,361.2346,0.0007,True,363.5556,90.0,6,False,-0.0442,2.321,0.373,2.238,0.6156,0.0
4000,8750,-10,162,0.625,arada,2.321,1.0,10.0,0.0,2,361.2339,1850.0,361.7948,0.5609,False,363.5556,74.0,5,False,-0.0306,1.7608,0.288,1.7279,0.4753,0.0
4000,8750,-10,162,0.625,arada,2.321,1.0,10.0,0.0,3,361.2339,1800.0,361.2346,0.0007,True,363.5556,90.0,6,False,-0.0442,2.321,0.373,2.238,0.6156,0.0
4000,8750,-10,162,0.625,arada,2.321,1.0,10.0,0.0,4,361.2339,1787.5,361.2821,0.0482,True,363.5556,106.0,7,False,-0.0538,2.2734,0.3657,2.1945,0.6036,0.0
4000,8750,-10,167,0.938,arada,1.375,1.0,10.0,0.0,0,379.958,1800.0,380.0926,0.1346,True,381.3333,90.0,6,False,-0.0215,1.2407,0.1972,1.1833,0.3103,0.0
4000,8750,-10,167,0.938,arada,1.375,1.0,10.0,0.0,1,379.958,1800.0,380.0926,0.1346,True,381.3333,90.0,6,False,-0.0215,1.2407,0.1972,1.1833,0.3103,0.0
4000,8750,-10,167,0.938,arada,1.375,1.0,10.0,0.0,2,379.958,1850.0,380.1204,0.1624,True,381.3333,74.0,5,False,-0.0195,1.213,0.1967,1.1805,0.3096,0.0
4000,8750,-10,167,0.938,arada,1.375,1.0,10.0,0.0,3,379.958,1825.0,379.9583,0.0003,True,381.3333,106.0,7,False,-0.0315,1.375,0.2202,1.3212,0.3465,0.0
4000,8750,-10,167,0.938,arada,1.375,1.0,10.0,0.0,4,379.958,1825.0,379.9583,0.0003,True,381.3333,106.0,7,False,-0.028,1.375,0.2167,1.3001,0.3409,0.0
4000,8750,-10,168,1.0,arada,1.2118,1.0,10.0,0.0,0,383.6745,1875.0,384.1894,0.5149,False,384.8889,90.0,6,False,-0.0162,0.6995,0.1154,0.6927,0.18,0.0
4000,8750,-10,168,1.0,arada,1.2118,1.0,10.0,0.0,1,383.6745,1825.0,383.6771,0.0026,True,384.8889,106.0,7,False,-0.0232,1.2118,0.1895,1.1368,0.2954,0.0
4000,8750,-10,168,1.0,arada,1.2118,1.0,10.0,0.0,2,383.6745,1837.5,383.6943,0.0198,True,384.8889,90.0,6,False,-0.0226,1.1945,0.1918,1.151,0.2991,0.0
4000,8750,-10,168,1.0,arada,1.2118,1.0,10.0,0.0,3,383.6745,1800.0,383.8642,0.1897,True,384.8889,90.0,6,False,-0.017,1.0247,0.162,0.9723,0.2526,0.0
4000,8750,-10,168,1.0,arada,1.2118,1.0,10.0,0.0,4,383.6745,1850.0,383.7855,0.111,True,384.8889,74.0,5,False,-0.0172,1.1034,0.1785,1.071,0.2783,0.0
4000,8750,0,154,0.0,arada,0.0787,1.0,10.0,0.0,0,332.9199,1850.0,332.963,0.0431,True,333.0,74.0,5,False,0.0014,0.037,0.004,0.0238,0.0071,136.9781
4000,8750,0,154,0.0,arada,0.0787,1.0,10.0,0.0,1,332.9199,1887.5,332.9456,0.0257,True,333.0,58.0,4,False,-0.0007,0.0544,0.0089,0.0535,0.0161,0.0
4000,8750,0,154,0.0,arada,0.0787,1.0,10.0,0.0,2,332.9199,1900.0,333.0,0.0801,True,333.0,42.0,3,False,-0.0004,0.0,0.0004,0.0024,0.0007,0.0
4000,8750,0,154,0.0,arada,0.0787,1.0,10.0,0.0,3,332.9199,1887.5,332.9456,0.0257,True,333.0,58.0,4,False,-0.0007,0.0544,0.0089,0.0535,0.0161,0.0
4000,8750,0,154,0.0,arada,0.0787,1.0,10.0,0.0,4,332.9199,1887.5,332.9456,0.0257,True,333.0,58.0,4,False,-0.0007,0.0544,0.0089,0.0535,0.0161,0.0
4000,8750,0,159,0.312,arada,0.0932,1.0,10.0,0.0,0,349.5699,1800.0,350.0509,0.481,True,349.6667,90.0,6,False,0.01,-0.3843,-0.0646,-0.3875,-0.1108,inf
4000,8750,0,159,0.312,arada,0.0932,1.0,10.0,0.0,1,349.5699,1850.0,349.6065,0.0366,True,349.6667,74.0,5,False,0.001,0.0602,0.0077,0.0463,0.0132,62.23
4000,8750,0,159,0.312,arada,0.0932,1.0,10.0,0.0,2,349.5699,1900.0,349.6667,0.0968,True,349.6667,42.0,3,False,-0.0005,0.0,0.0005,0.0033,0.0009,0.0
4000,8750,0,159,0.312,arada,0.0932,1.0,10.0,0.0,3,349.5699,1900.0,349.6667,0.0968,True,349.6667,90.0,6,False,0.0008,0.0,-0.0007,-0.0045,-0.0013,inf
4000,8750,0,159,0.312,arada,0.0932,1.0,10.0,0.0,4,349.5699,1875.0,349.5735,0.0036,True,349.6667,90.0,6,False,0.0007,0.0932,0.0125,0.0752,0.0215,25.711
4000,8750,0,164,0.625,arada,0.1111,1.0,10.0,0.0,0,366.4398,1900.0,366.5556,0.1158,True,366.5556,42.0,3,False,-0.0006,0.0,0.0007,0.004,0.0011,0.0
4000,8750,0,164,0.625,arada,0.1111,1.0,10.0,0.0,1,366.4398,1850.0,366.4815,0.0417,True,366.5556,74.0,5,False,0.0012,0.0741,0.0096,0.0578,0.0158,56.001
4000,8750,0,164,0.625,arada,0.1111,1.0,10.0,0.0,2,366.4398,1850.0,366.4815,0.0417,True,366.5556,74.0,5,False,0.0012,0.0741,0.0096,0.0578,0.0158,56.001
4000,8750,0,164,0.625,arada,0.1111,1.0,10.0,0.0,3,366.4398,1862.5,366.4444,0.0046,True,366.5556,106.0,7,False,0.0004,0.1111,0.0149,0.0891,0.0243,11.9672
4000,8750,0,164,0.625,arada,0.1111,1.0,10.0,0.0,4,366.4398,1875.0,366.4444,0.0046,True,366.5556,74.0,5,False,-0.0016,0.1111,0.0178,0.1069,0.0292,0.0
4000,8750,0,169,0.938,arada,0.4136,1.0,10.0,0.0,0,383.9183,1825.0,384.0625,0.1442,True,384.3333,106.0,7,False,-0.0061,0.2708,0.0432,0.2591,0.0674,0.0
4000,8750,0,169,0.938,arada,0.4136,1.0,10.0,0.0,1,383.9183,1887.5,384.1426,0.2243,True,384.3333,58.0,4,False,-0.0039,0.1908,0.0327,0.1965,0.0511,0.0
4000,8750,0,169,0.938,arada,0.4136,1.0,10.0,0.0,2,383.9183,1850.0,383.9198,0.0015,True,384.3333,74.0,5,False,-0.0043,0.4136,0.0647,0.388,0.1009,0.0
4000,8750,0,169,0.938,arada,0.4136,1.0,10.0,0.0,3,383.9183,1900.0,384.3333,0.415,True,384.3333,42.0,3,False,-0.0026,0.0,0.0027,0.0161,0.0042,0.0
4000,8750,0,169,0.938,arada,0.4136,1.0,10.0,0.0,4,383.9183,1850.0,383.9198,0.0015,True,384.3333,74.0,5,False,-0.0043,0.4136,0.0647,0.388,0.1009,0.0
4000,8750,0,170,1.0,arada,0.4815,1.0,10.0,0.0,0,387.4072,1875.0,387.5231,0.1159,True,387.8889,90.0,6,False,-0.0054,0.3657,0.0572,0.3434,0.0885,0.0
4000,8750,0,170,1.0,arada,0.4815,1.0,10.0,0.0,1,387.4072,1850.0,387.4074,0.0002,True,387.8889,74.0,5,False,-0.0053,0.4815,0.0757,0.454,0.117,0.0
4000,8750,0,170,1.0,arada,0.4815,1.0,10.0,0.0,2,387.4072,1850.0,387.4074,0.0002,True,387.8889,74.0,5,False,-0.0053,0.4815,0.0757,0.454,0.117,0.0
4000,8750,0,170,1.0,arada,0.4815,1.0,10.0,0.0,3,387.4072,1850.0,387.4074,0.0002,True,387.8889,74.0,5,False,-0.0053,0.4815,0.0757,0.454,0.117,0.0
4000,8750,0,170,1.0,arada,0.4815,1.0,10.0,0.0,4,387.4072,1850.0,387.4074,0.0002,True,387.8889,74.0,5,False,-0.0053,0.4815,0.0757,0.454,0.117,0.0
4000,8750,10,156,0.0,arada,0.4012,1.0,10.0,0.0,0,336.5986,1900.0,337.0,0.4014,True,337.0,42.0,3,False,-0.0023,0.0,0.0024,0.0143,0.0042,0.0
4000,8750,10,156,0.0,arada,0.4012,1.0,10.0,0.0,1,336.5986,1850.0,336.612,0.0134,True,337.0,74.0,5,False,-0.0055,0.388,0.0622,0.3733,0.1108,0.0
4000,8750,10,156,0.0,arada,0.4012,1.0,10.0,0.0,2,336.5986,1850.0,336.612,0.0134,True,337.0,74.0,5,False,-0.0055,0.388,0.0622,0.3733,0.1108,0.0
4000,8750,10,156,0.0,arada,0.4012,1.0,10.0,0.0,3,336.5986,1850.0,336.612,0.0134,True,337.0,74.0,5,False,-0.0055,0.388,0.0622,0.3733,0.1108,0.0
4000,8750,10,156,0.0,arada,0.4012,1.0,10.0,0.0,4,336.5986,1850.0,336.612,0.0134,True,337.0,74.0,5,False,-0.0055,0.388,0.0622,0.3733,0.1108,0.0
4000,8750,10,161,0.312,1900,0.0,1.0,10.0,0.0,0,352.5556,1850.0,352.9151,0.3595,True,352.5556,74.0,5,False,0.0089,-0.3596,-0.0615,-0.3691,-0.1047,inf
4000,8750,10,161,0.312,1900,0.0,1.0,10.0,0.0,1,352.5556,1850.0,352.9151,0.3595,True,352.5556,74.0,5,False,0.0089,-0.3596,-0.0615,-0.3691,-0.1047,inf
4000,8750,10,161,0.312,1900,0.0,1.0,10.0,0.0,2,352.5556,1900.0,352.5556,-0.0,True,352.5556,42.0,3,False,0.0018,0.0,-0.0019,-0.0111,-0.0032,inf
4000,8750,10,161,0.312,1900,0.0,1.0,10.0,0.0,3,352.5556,1875.0,352.6923,0.1367,True,352.5556,90.0,6,False,0.0079,-0.1368,-0.0273,-0.1637,-0.0464,inf
4000,8750,10,161,0.312,1900,0.0,1.0,10.0,0.0,4,352.5556,1900.0,352.5556,-0.0,True,352.5556,42.0,3,False,0.0018,0.0,-0.0019,-0.0111,-0.0032,inf
4000,8750,10,166,0.625,1900,0.0,1.0,10.0,0.0,0,368.6667,1900.0,368.6667,-0.0,True,368.6667,42.0,3,False,0.0066,0.0,-0.0068,-0.0407,-0.011,inf
4000,8750,10,166,0.625,1900,0.0,1.0,10.0,0.0,1,368.6667,1900.0,368.6667,-0.0,True,368.6667,42.0,3,False,0.0066,0.0,-0.0068,-0.0407,-0.011,inf
4000,8750,10,166,0.625,1900,0.0,1.0,10.0,0.0,2,368.6667,1887.5,368.9624,0.2957,True,368.6667,58.0,4,False,0.0091,-0.2957,-0.0538,-0.3229,-0.0876,inf
4000,8750,10,166,0.625,1900,0.0,1.0,10.0,0.0,3,368.6667,1887.5,368.9624,0.2957,True,368.6667,58.0,4,False,0.0091,-0.2957,-0.0538,-0.3229,-0.0876,inf
4000,8750,10,166,0.625,1900,0.0,1.0,10.0,0.0,4,368.6667,1900.0,368.6667,-0.0,True,368.6667,42.0,3,False,0.0066,0.0,-0.0068,-0.0407,-0.011,inf
4000,8750,10,171,0.938,1900,0.0,1.0,10.0,0.0,0,387.0,1900.0,387.0,-0.0,True,387.0,42.0,3,False,0.0072,0.0,-0.0073,-0.044,-0.0114,inf
4000,8750,10,171,0.938,1900,0.0,1.0,10.0,0.0,1,387.0,1887.5,387.303,0.303,True,387.0,58.0,4,False,0.0098,-0.303,-0.0556,-0.3334,-0.0862,inf
4000,8750,10,171,0.938,1900,0.0,1.0,10.0,0.0,2,387.0,1900.0,387.0,-0.0,True,387.0,42.0,3,False,0.0072,0.0,-0.0073,-0.044,-0.0114,inf
4000,8750,10,171,0.938,1900,0.0,1.0,10.0,0.0,3,387.0,1900.0,387.0,-0.0,True,387.0,42.0,3,False,0.0072,0.0,-0.0073,-0.044,-0.0114,inf
4000,8750,10,171,0.938,1900,0.0,1.0,10.0,0.0,4,387.0,1900.0,387.0,-0.0,True,387.0,42.0,3,False,0.0072,0.0,-0.0073,-0.044,-0.0114,inf
4000,8750,10,172,1.0,1900,0.0,1.0,10.0,0.0,0,390.6667,1900.0,390.6667,-0.0,True,390.6667,42.0,3,False,0.0073,0.0,-0.0074,-0.0447,-0.0114,inf
4000,8750,10,172,1.0,1900,0.0,1.0,10.0,0.0,1,390.6667,1900.0,390.6667,-0.0,True,390.6667,42.0,3,False,0.0073,0.0,-0.0074,-0.0447,-0.0114,inf
4000,8750,10,172,1.0,1900,0.0,1.0,10.0,0.0,2,390.6667,1900.0,390.6667,-0.0,True,390.6667,42.0,3,False,0.0073,0.0,-0.0074,-0.0447,-0.0114,inf
4000,8750,10,172,1.0,1900,0.0,1.0,10.0,0.0,3,390.6667,1850.0,392.037,1.3703,False,390.6667,74.0,5,False,0.0298,-1.3704,-0.2303,-1.3817,-0.3537,inf
4000,8750,10,172,1.0,1900,0.0,1.0,10.0,0.0,4,390.6667,1900.0,390.6667,-0.0,True,390.6667,42.0,3,False,0.0073,0.0,-0.0074,-0.0447,-0.0114,inf
4000,8750,20,158,0.0,arada,0.5716,1.0,10.0,0.0,0,341.4275,1862.5,341.5305,0.103,True,342.0,106.0,7,False,-0.01,0.4695,0.0745,0.4468,0.1307,0.0
4000,8750,20,158,0.0,arada,0.5716,1.0,10.0,0.0,1,341.4275,1800.0,341.5917,0.1642,True,342.0,90.0,6,False,-0.006,0.4083,0.0638,0.3825,0.1118,0.0
4000,8750,20,158,0.0,arada,0.5716,1.0,10.0,0.0,2,341.4275,1850.0,341.4583,0.0308,True,342.0,74.0,5,False,-0.008,0.5417,0.0872,0.5231,0.153,0.0
4000,8750,20,158,0.0,arada,0.5716,1.0,10.0,0.0,3,341.4275,1875.0,341.6448,0.2173,True,342.0,90.0,6,False,-0.0076,0.3552,0.058,0.3481,0.1018,0.0
4000,8750,20,158,0.0,arada,0.5716,1.0,10.0,0.0,4,341.4275,1887.5,341.8013,0.3738,True,342.0,58.0,4,False,-0.0047,0.1987,0.0347,0.2081,0.0608,0.0
4000,8750,20,163,0.417,arada,0.1355,1.0,10.0,0.0,0,356.3039,1850.0,356.358,0.0541,True,356.4444,74.0,5,False,0.0016,0.0864,0.011,0.0661,0.0186,64.7928
4000,8750,20,163,0.417,arada,0.1355,1.0,10.0,0.0,1,356.3039,1862.5,356.3104,0.0065,True,356.4444,106.0,7,False,0.0006,0.134,0.0178,0.1066,0.0299,15.9498
4000,8750,20,163,0.417,arada,0.1355,1.0,10.0,0.0,2,356.3039,1875.0,356.309,0.0051,True,356.4444,74.0,5,False,-0.0019,0.1355,0.0217,0.1303,0.0365,0.0
4000,8750,20,163,0.417,arada,0.1355,1.0,10.0,0.0,3,356.3039,1850.0,356.358,0.0541,True,356.4444,74.0,5,False,0.0016,0.0864,0.011,0.0661,0.0186,64.7928
4000,8750,20,163,0.417,arada,0.1355,1.0,10.0,0.0,4,356.3039,1900.0,356.4444,0.1405,True,356.4444,42.0,3,False,-0.0007,0.0,0.0008,0.0047,0.0013,0.0
4000,8750,20,168,0.833,1900,0.0,1.0,10.0,0.0,0,371.375,1887.5,371.4713,0.0963,True,371.375,58.0,4,False,0.0044,-0.0963,-0.0189,-0.1137,-0.0306,inf
4000,8750,20,168,0.833,1900,0.0,1.0,10.0,0.0,1,371.375,1900.0,371.375,-0.0,True,371.375,42.0,3,False,0.0034,0.0,-0.0034,-0.0206,-0.0055,inf
4000,8750,20,168,0.833,1900,0.0,1.0,10.0,0.0,2,371.375,1887.5,371.4713,0.0963,True,371.375,58.0,4,False,0.0044,-0.0963,-0.0189,-0.1137,-0.0306,inf
4000,8750,20,168,0.833,1900,0.0,1.0,10.0,0.0,3,371.375,1887.5,371.4713,0.0963,True,371.375,58.0,4,False,0.0044,-0.0963,-0.0189,-0.1137,-0.0306,inf
4000,8750,20,168,0.833,1900,0.0,1.0,10.0,0.0,4,371.375,1900.0,371.375,-0.0,True,371.375,42.0,3,False,0.0034,0.0,-0.0034,-0.0206,-0.0055,inf
4000,8750,20,170,1.0,1900,0.0,1.0,10.0,0.0,0,378.125,1900.0,378.125,-0.0,True,378.125,42.0,3,False,0.0056,0.0,-0.0057,-0.034,-0.009,inf
4000,8750,20,170,1.0,1900,0.0,1.0,10.0,0.0,1,378.125,1900.0,378.125,-0.0,True,378.125,42.0,3,False,0.0056,0.0,-0.0057,-0.034,-0.009,inf
4000,8750,20,170,1.0,1900,0.0,1.0,10.0,0.0,2,378.125,1900.0,378.125,-0.0,True,378.125,42.0,3,False,0.0056,0.0,-0.0057,-0.034,-0.009,inf
4000,8750,20,170,1.0,1900,0.0,1.0,10.0,0.0,3,378.125,1900.0,378.125,-0.0,True,378.125,42.0,3,False,0.0056,0.0,-0.0057,-0.034,-0.009,inf
4000,8750,20,170,1.0,1900,0.0,1.0,10.0,0.0,4,378.125,1900.0,378.125,-0.0,True,378.125,42.0,3,False,0.0056,0.0,-0.0057,-0.034,-0.009,inf
4000,8750,30,161,0.0,1900,0.0,1.0,10.0,0.0,0,347.0,1900.0,347.0,-0.0,True,347.0,42.0,3,False,0.0055,0.0,-0.0057,-0.0341,-0.0098,inf
4000,8750,30,161,0.0,1900,0.0,1.0,10.0,0.0,1,347.0,1875.0,347.4824,0.4824,True,347.0,74.0,5,False,0.0108,-0.4824,-0.0814,-0.4883,-0.1407,inf
4000,8750,30,161,0.0,1900,0.0,1.0,10.0,0.0,2,347.0,1900.0,347.0,-0.0,True,347.0,42.0,3,False,0.0055,0.0,-0.0057,-0.0341,-0.0098,inf
4000,8750,30,161,0.0,1900,0.0,1.0,10.0,0.0,3,347.0,1900.0,347.0,-0.0,True,347.0,42.0,3,False,0.0055,0.0,-0.0057,-0.0341,-0.0098,inf
4000,8750,30,161,0.0,1900,0.0,1.0,10.0,0.0,4,347.0,1900.0,347.0,-0.0,True,347.0,42.0,3,False,0.0055,0.0,-0.0057,-0.0341,-0.0098,inf
4000,8750,30,163,1.0,1900,0.0,1.0,10.0,0.0,0,353.0,1900.0,353.0,-0.0,True,353.0,42.0,3,False,0.0036,0.0,-0.0037,-0.0222,-0.0063,inf
4000,8750,30,163,1.0,1900,0.0,1.0,10.0,0.0,1,353.0,1900.0,353.0,-0.0,True,353.0,42.0,3,False,0.0036,0.0,-0.0037,-0.0222,-0.0063,inf
4000,8750,30,163,1.0,1900,0.0,1.0,10.0,0.0,2,353.0,1887.5,353.1273,0.1273,True,353.0,58.0,4,False,0.0048,-0.1273,-0.0241,-0.1444,-0.0409,inf
4000,8750,30,163,1.0,1900,0.0,1.0,10.0,0.0,3,353.0,1887.5,353.1273,0.1273,True,353.0,58.0,4,False,0.0048,-0.1273,-0.0241,-0.1444,-0.0409,inf
4000,8750,30,163,1.0,1900,0.0,1.0,10.0,0.0,4,353.0,1887.5,353.1273,0.1273,True,353.0,58.0,4,False,0.0048,-0.1273,-0.0241,-0.1444,-0.0409,inf
6000,8750,-54,144,0.0,arada,3.2575,1.0,10.0,0.0,0,300.7405,1750.0,300.75,0.0095,True,304.0,106.0,7,False,-0.0747,3.25,0.5207,3.124,1.0276,0.0
6000,8750,-54,144,0.0,arada,3.2575,1.0,10.0,0.0,1,300.7405,1737.5,300.7425,0.002,True,304.0,122.0,8,False,-0.089,3.2575,0.5216,3.1293,1.0294,0.0
6000,8750,-54,144,0.0,arada,3.2575,1.0,10.0,0.0,2,300.7405,1750.0,300.75,0.0095,True,304.0,106.0,7,False,-0.0747,3.25,0.5207,3.124,1.0276,0.0
6000,8750,-54,144,0.0,arada,3.2575,1.0,10.0,0.0,3,300.7405,1750.0,300.75,0.0095,True,304.0,106.0,7,False,-0.0747,3.25,0.5207,3.124,1.0276,0.0
6000,8750,-54,144,0.0,arada,3.2575,1.0,10.0,0.0,4,300.7405,1750.0,300.75,0.0095,True,304.0,106.0,7,False,-0.0747,3.25,0.5207,3.124,1.0276,0.0
6000,8750,-54,149,0.263,arada,4.9011,1.0,10.0,0.0,0,316.3989,1725.0,316.3989,0.0,True,321.3,138.0,9,False,-0.1511,4.9011,0.78,4.6801,1.4566,0.0
6000,8750,-54,149,0.263,arada,4.9011,1.0,10.0,0.0,1,316.3989,1700.0,316.4975,0.0986,True,321.3,122.0,8,False,-0.129,4.8025,0.7666,4.5993,1.4315,0.0
6000,8750,-54,149,0.263,arada,4.9011,1.0,10.0,0.0,2,316.3989,1700.0,316.4975,0.0986,True,321.3,122.0,8,False,-0.129,4.8025,0.7666,4.5993,1.4315,0.0
6000,8750,-54,149,0.263,arada,4.9011,1.0,10.0,0.0,3,316.3989,1750.0,316.5,0.1011,True,321.3,106.0,7,False,-0.1101,4.8,0.7688,4.6131,1.4357,0.0
6000,8750,-54,149,0.263,arada,4.9011,1.0,10.0,0.0,4,316.3989,1750.0,316.5,0.1011,True,321.3,106.0,7,False,-0.1101,4.8,0.7688,4.6131,1.4357,0.0
6000,8750,-54,154,0.526,arada,1.6728,1.0,10.0,0.0,0,335.124,1837.5,335.4927,0.3687,True,336.8,90.0,6,False,-0.0266,1.3073,0.2119,1.2712,0.3774,0.0
6000,8750,-54,154,0.526,arada,1.6728,1.0,10.0,0.0,1,335.124,1837.5,335.4927,0.3687,True,336.8,90.0,6,False,-0.0266,1.3073,0.2119,1.2712,0.3774,0.0
6000,8750,-54,154,0.526,arada,1.6728,1.0,10.0,0.0,2,335.124,1800.0,335.1619,0.0379,True,336.8,90.0,6,False,-0.0321,1.6381,0.2642,1.5854,0.4707,0.0
6000,8750,-54,154,0.526,arada,1.6728,1.0,10.0,0.0,3,335.124,1750.0,335.25,0.126,True,336.8,106.0,7,False,-0.036,1.55,0.2486,1.4917,0.4429,0.0
6000,8750,-54,154,0.526,arada,1.6728,1.0,10.0,0.0,4,335.124,1812.5,335.2344,0.1104,True,336.8,122.0,8,False,-0.044,1.5656,0.2519,1.5113,0.4487,0.0
6000,8750,-54,159,0.789,arada,0.0833,1.0,10.0,0.0,0,355.2465,1900.0,355.3333,0.0868,True,355.3333,42.0,3,False,-0.0005,0.0,0.0005,0.003,0.0008,0.0
6000,8750,-54,159,0.789,arada,0.0833,1.0,10.0,0.0,1,355.2465,1850.0,355.2778,0.0313,True,355.3333,74.0,5,False,0.0009,0.0556,0.0072,0.0433,0.0122,56.001
6000,8750,-54,159,0.789,arada,0.0833,1.0,10.0,0.0,2,355.2465,1900.0,355.3333,0.0868,True,355.3333,42.0,3,False,-0.0005,0.0,0.0005,0.003,0.0008,0.0
6000,8750,-54,159,0.789,arada,0.0833,1.0,10.0,0.0,3,355.2465,1887.5,355.2778,0.0313,True,355.3333,58.0,4,False,-0.0008,0.0556,0.0092,0.0552,0.0155,0.0
6000,8750,-54,159,0.789,arada,0.0833,1.0,10.0,0.0,4,355.2465,1850.0,355.2778,0.0313,True,355.3333,74.0,5,False,0.0009,0.0556,0.0072,0.0433,0.0122,56.001
6000,8750,-54,163,1.0,arada,0.0,1.0,10.0,0.0,0,371.7749,1900.0,371.7778,0.0029,True,371.7778,42.0,3,False,0.0009,0.0,-0.0009,-0.0057,-0.0015,inf
6000,8750,-54,163,1.0,arada,0.0,1.0,10.0,0.0,1,371.7749,1875.0,371.8164,0.0415,True,371.7778,74.0,5,False,0.0015,-0.0386,-0.0072,-0.0433,-0.0116,inf
6000,8750,-54,163,1.0,arada,0.0,1.0,10.0,0.0,2,371.7749,1887.5,371.7805,0.0056,True,371.7778,58.0,4,False,0.0011,-0.0027,-0.0015,-0.0091,-0.0025,inf
6000,8750,-54,163,1.0,arada,0.0,1.0,10.0,0.0,3,371.7749,1900.0,371.7778,0.0029,True,371.7778,42.0,3,False,0.0009,0.0,-0.0009,-0.0057,-0.0015,inf
6000,8750,-54,163,1.0,arada,0.0,1.0,10.0,0.0,4,371.7749,1850.0,371.9877,0.2128,True,371.7778,74.0,5,False,0.0067,-0.2099,-0.0374,-0.2245,-0.0604,inf
6000,8750,-50,144,0.0,arada,6.0813,1.0,10.0,0.0,0,298.9181,1700.0,298.9541,0.036,True,305.0,122.0,8,False,-0.1607,6.0459,0.9635,5.7807,1.8953,0.0
6000,8750,-50,144,0.0,arada,6.0813,1.0,10.0,0.0,1,298.9181,1700.0,298.9541,0.036,True,305.0,122.0,8,False,-0.1607,6.0459,0.9635,5.7807,1.8953,0.0
6000,8750,-50,144,0.0,arada,6.0813,1.0,10.0,0.0,2,298.9181,1700.0,298.9541,0.036,True,305.0,122.0,8,False,-0.1607,6.0459,0.9635,5.7807,1.8953,0.0
6000,8750,-50,144,0.0,arada,6.0813,1.0,10.0,0.0,3,298.9181,1700.0,298.9541,0.036,True,305.0,122.0,8,False,-0.1607,6.0459,0.9635,5.7807,1.8953,0.0
6000,8750,-50,144,0.0,arada,6.0813,1.0,10.0,0.0,4,298.9181,1725.0,298.9383,0.0202,True,305.0,138.0,9,False,-0.1873,6.0617,0.9652,5.7912,1.8988,0.0
6000,8750,-50,149,0.25,arada,5.5341,1.0,10.0,0.0,0,313.6635,1737.5,313.6785,0.015,True,319.2,122.0,8,False,-0.1497,5.5215,0.8828,5.2969,1.6594,0.0
6000,8750,-50,149,0.25,arada,5.5341,1.0,10.0,0.0,1,313.6635,1750.0,313.75,0.0865,True,319.2,154.0,10,False,-0.1933,5.45,0.8686,5.2115,1.6327,0.0
6000,8750,-50,149,0.25,arada,5.5341,1.0,10.0,0.0,2,313.6635,1737.5,313.6785,0.015,True,319.2,122.0,8,False,-0.1497,5.5215,0.8828,5.2969,1.6594,0.0
6000,8750,-50,149,0.25,arada,5.5341,1.0,10.0,0.0,3,313.6635,1750.0,313.75,0.0865,True,319.2,106.0,7,False,-0.1251,5.45,0.873,5.2379,1.641,0.0
6000,8750,-50,149,0.25,arada,5.5341,1.0,10.0,0.0,4,313.6635,1775.0,314.0696,0.4061,True,319.2,122.0,8,False,-0.1446,5.1304,0.8259,4.9557,1.5525,0.0
6000,8750,-50,154,0.5,arada,2.2289,1.0,10.0,0.0,0,332.4699,1737.5,332.5675,0.0976,True,334.7,122.0,8,False,-0.0598,2.1325,0.3429,2.0576,0.6148,0.0
6000,8750,-50,154,0.5,arada,2.2289,1.0,10.0,0.0,1,332.4699,1725.0,332.6736,0.2037,True,334.7,138.0,9,False,-0.0683,2.0264,0.3283,1.9695,0.5885,0.0
6000,8750,-50,154,0.5,arada,2.2289,1.0,10.0,0.0,2,332.4699,1750.0,332.5,0.0301,True,334.7,106.0,7,False,-0.0508,2.2,0.3526,2.1158,0.6321,0.0
6000,8750,-50,154,0.5,arada,2.2289,1.0,10.0,0.0,3,332.4699,1800.0,332.6159,0.146,True,334.7,90.0,6,False,-0.0415,2.0841,0.3368,2.0207,0.6037,0.0
6000,8750,-50,154,0.5,arada,2.2289,1.0,10.0,0.0,4,332.4699,1825.0,332.9054,0.4355,True,334.7,106.0,7,False,-0.0467,1.7946,0.293,1.7581,0.5253,0.0
6000,8750,-50,159,0.75,arada,0.6667,1.0,10.0,0.0,0,352.5817,1850.0,352.6713,0.0896,True,353.25,74.0,5,False,-0.0094,0.5787,0.094,0.564,0.1597,0.0
6000,8750,-50,159,0.75,arada,0.6667,1.0,10.0,0.0,1,352.5817,1875.0,352.8935,0.3118,True,353.25,90.0,6,False,-0.0088,0.3565,0.0594,0.3562,0.1008,0.0
6000,8750,-50,159,0.75,arada,0.6667,1.0,10.0,0.0,2,352.5817,1825.0,352.5833,0.0016,True,353.25,106.0,7,False,-0.0153,0.6667,0.1068,0.6406,0.1814,0.0
6000,8750,-50,159,0.75,arada,0.6667,1.0,10.0,0.0,3,352.5817,1800.0,352.6296,0.0479,True,353.25,90.0,6,False,-0.011,0.6204,0.0988,0.593,0.1679,0.0
6000,8750,-50,159,0.75,arada,0.6667,1.0,10.0,0.0,4,352.5817,1800.0,352.6296,0.0479,True,353.25,90.0,6,False,-0.011,0.6204,0.0988,0.593,0.1679,0.0
6000,8750,-50,164,1.0,arada,1.8472,1.0,10.0,0.0,0,374.5278,1850.0,374.9861,0.4583,True,376.375,74.0,5,False,-0.0242,1.3889,0.2272,1.3634,0.3622,0.0
6000,8750,-50,164,1.0,arada,1.8472,1.0,10.0,0.0,1,374.5278,1800.0,374.5278,-0.0,True,376.375,90.0,6,False,-0.0353,1.8472,0.297,1.7818,0.4734,0.0
6000,8750,-50,164,1.0,arada,1.8472,1.0,10.0,0.0,2,374.5278,1825.0,374.6406,0.1128,True,376.375,106.0,7,False,-0.0415,1.7344,0.2795,1.6771,0.4456,0.0
6000,8750,-50,164,1.0,arada,1.8472,1.0,10.0,0.0,3,374.5278,1787.5,374.5586,0.0308,True,376.375,106.0,7,False,-0.043,1.8164,0.2922,1.7533,0.4658,0.0
6000,8750,-50,164,1.0,arada,1.8472,1.0,10.0,0.0,4,374.5278,1825.0,374.6406,0.1128,True,376.375,106.0,7,False,-0.0415,1.7344,0.2795,1.6771,0.4456,0.0
6000,8750,-40,146,0.0,arada,1.8607,1.0,10.0,0.0,0,304.1392,1850.0,305.3245,1.1853,False,306.0,74.0,5,False,-0.0131,0.6755,0.1119,0.6714,0.2194,0.0
6000,8750,-40,146,0.0,arada,1.8607,1.0,10.0,0.0,1,304.1392,1862.5,305.4792,1.34,False,306.0,90.0,6,False,-0.0104,0.5208,0.0842,0.5053,0.1651,0.0
6000,8750,-40,146,0.0,arada,1.8607,1.0,10.0,0.0,2,304.1392,1687.5,304.1767,0.0375,True,306.0,138.0,9,False,-0.0544,1.8233,0.2884,1.7305,0.5655,0.0
6000,8750,-40,146,0.0,arada,1.8607,1.0,10.0,0.0,3,304.1392,1750.0,304.4286,0.2894,True,306.0,106.0,7,False,-0.0359,1.5714,0.2516,1.5096,0.4933,0.0
6000,8750,-40,146,0.0,arada,1.8607,1.0,10.0,0.0,4,304.1392,1750.0,304.4286,0.2894,True,306.0,106.0,7,False,-0.0359,1.5714,0.2516,1.5096,0.4933,0.0
6000,8750,-40,151,0.25,arada,1.6869,1.0,10.0,0.0,0,319.5129,1750.0,319.6667,0.1538,True,321.2,106.0,7,False,-0.0351,1.5333,0.2455,1.4732,0.4587,0.0
6000,8750,-40,151,0.25,arada,1.6869,1.0,10.0,0.0,1,319.5129,1850.0,320.5062,0.9933,False,321.2,74.0,5,False,-0.0134,0.6938,0.1148,0.6889,0.2145,0.0
6000,8750,-40,151,0.25,arada,1.6869,1.0,10.0,0.0,2,319.5129,1787.5,319.8958,0.3829,True,321.2,106.0,7,False,-0.0308,1.3042,0.2098,1.2589,0.3919,0.0
6000,8750,-40,151,0.25,arada,1.6869,1.0,10.0,0.0,3,319.5129,1637.5,319.5958,0.0829,True,321.2,154.0,10,False,-0.057,1.6042,0.2557,1.5344,0.4777,0.0
6000,8750,-40,151,0.25,arada,1.6869,1.0,10.0,0.0,4,319.5129,1750.0,319.6667,0.1538,True,321.2,154.0,10,False,-0.0564,1.5333,0.2464,1.4786,0.4603,0.0
6000,8750,-40,156,0.5,arada,0.5656,1.0,10.0,0.0,0,336.1321,1887.5,336.559,0.4269,True,336.7,58.0,4,False,-0.0036,0.141,0.0249,0.1494,0.0444,0.0
6000,8750,-40,156,0.5,arada,0.5656,1.0,10.0,0.0,1,336.1321,1900.0,336.7,0.5679,False,336.7,42.0,3,False,-0.0025,0.0,0.0026,0.0156,0.0046,0.0
6000,8750,-40,156,0.5,arada,0.5656,1.0,10.0,0.0,2,336.1321,1900.0,336.7,0.5679,False,336.7,42.0,3,False,-0.0025,0.0,0.0026,0.0156,0.0046,0.0
6000,8750,-40,156,0.5,arada,0.5656,1.0,10.0,0.0,3,336.1321,1900.0,336.7,0.5679,False,336.7,42.0,3,False,-0.0025,0.0,0.0026,0.0156,0.0046,0.0
6000,8750,-40,156,0.5,arada,0.5656,1.0,10.0,0.0,4,336.1321,1850.0,336.2566,0.1245,True,336.7,74.0,5,False,-0.0076,0.4434,0.0724,0.4346,0.1291,0.0
6000,8750,-40,161,0.75,1900,0.0,1.0,10.0,0.0,0,354.0,1887.5,354.0185,0.0185,True,354.0,58.0,4,False,0.0013,-0.0185,-0.0041,-0.0244,-0.0069,inf
6000,8750,-40,161,0.75,1900,0.0,1.0,10.0,0.0,1,354.0,1875.0,354.0602,0.0602,True,354.0,74.0,5,False,0.0018,-0.0602,-0.0106,-0.0637,-0.018,inf
6000,8750,-40,161,0.75,1900,0.0,1.0,10.0,0.0,2,354.0,1887.5,354.0185,0.0185,True,354.0,58.0,4,False,0.0013,-0.0185,-0.0041,-0.0244,-0.0069,inf
6000,8750,-40,161,0.75,1900,0.0,1.0,10.0,0.0,3,354.0,1900.0,354.0,-0.0,True,354.0,42.0,3,False,0.001,0.0,-0.001,-0.0062,-0.0017,inf
6000,8750,-40,161,0.75,1900,0.0,1.0,10.0,0.0,4,354.0,1850.0,354.213,0.213,True,354.0,74.0,5,False,0.006,-0.213,-0.0372,-0.2232,-0.063,inf
6000,8750,-40,166,1.0,1900,0.0,1.0,10.0,0.0,0,374.0,1900.0,374.0,-0.0,True,374.0,42.0,3,False,0.0022,0.0,-0.0022,-0.0134,-0.0036,inf
6000,8750,-40,166,1.0,1900,0.0,1.0,10.0,0.0,1,374.0,1900.0,374.0,-0.0,True,374.0,42.0,3,False,0.0022,0.0,-0.0022,-0.0134,-0.0036,inf
6000,8750,-40,166,1.0,1900,0.0,1.0,10.0,0.0,2,374.0,1887.5,374.059,0.059,True,374.0,58.0,4,False,0.0028,-0.059,-0.0118,-0.0706,-0.0189,inf
6000,8750,-40,166,1.0,1900,0.0,1.0,10.0,0.0,3,374.0,1900.0,374.0,-0.0,True,374.0,42.0,3,False,0.0022,0.0,-0.0022,-0.0134,-0.0036,inf
6000,8750,-40,166,1.0,1900,0.0,1.0,10.0,0.0,4,374.0,1850.0,374.4444,0.4444,True,374.0,74.0,5,False,0.0116,-0.4444,-0.0766,-0.4598,-0.1229,inf
6000,8750,-30,148,0.0,arada,0.7407,1.0,10.0,0.0,0,307.2576,1825.0,307.2917,0.0341,True,308.0,106.0,7,False,-0.0166,0.7083,0.1139,0.6831,0.2218,0.0
6000,8750,-30,148,0.0,arada,0.7407,1.0,10.0,0.0,1,307.2576,1800.0,307.2593,0.0017,True,308.0,90.0,6,False,-0.014,0.7407,0.1189,0.7137,0.2317,0.0
6000,8750,-30,148,0.0,arada,0.7407,1.0,10.0,0.0,2,307.2576,1850.0,307.4259,0.1683,True,308.0,74.0,5,False,-0.0099,0.5741,0.0938,0.5629,0.1828,0.0
6000,8750,-30,148,0.0,arada,0.7407,1.0,10.0,0.0,3,307.2576,1825.0,307.2917,0.0341,True,308.0,106.0,7,False,-0.0166,0.7083,0.1139,0.6831,0.2218,0.0
6000,8750,-30,148,0.0,arada,0.7407,1.0,10.0,0.0,4,307.2576,1837.5,307.3461,0.0885,True,308.0,90.0,6,False,-0.013,0.6539,0.1057,0.6341,0.2059,0.0
6000,8750,-30,153,0.25,arada,0.8716,1.0,10.0,0.0,0,322.3222,1800.0,322.3284,0.0062,True,323.2,90.0,6,False,-0.0164,0.8716,0.1398,0.8389,0.2596,0.0
6000,8750,-30,153,0.25,arada,0.8716,1.0,10.0,0.0,1,322.3222,1825.0,322.3528,0.0306,True,323.2,154.0,10,False,-0.0254,0.8472,0.1304,0.7826,0.2421,0.0
6000,8750,-30,153,0.25,arada,0.8716,1.0,10.0,0.0,2,322.3222,1750.0,322.6667,0.3445,True,323.2,106.0,7,False,-0.0127,0.5333,0.0858,0.5151,0.1594,0.0
6000,8750,-30,153,0.25,arada,0.8716,1.0,10.0,0.0,3,322.3222,1800.0,322.3284,0.0062,True,323.2,90.0,6,False,-0.0164,0.8716,0.1398,0.8389,0.2596,0.0
6000,8750,-30,153,0.25,arada,0.8716,1.0,10.0,0.0,4,322.3222,1812.5,322.3245,0.0023,True,323.2,122.0,8,False,-0.0235,0.8755,0.1397,0.8383,0.2594,0.0
6000,8750,-30,158,0.5,arada,0.2926,1.0,10.0,0.0,0,338.4058,1850.0,338.4074,0.0016,True,338.7,74.0,5,False,-0.0037,0.2926,0.0465,0.2788,0.0823,0.0
6000,8750,-30,158,0.5,arada,0.2926,1.0,10.0,0.0,1,338.4058,1900.0,338.7,0.2942,True,338.7,42.0,3,False,-0.0018,0.0,0.0018,0.011,0.0033,0.0
6000,8750,-30,158,0.5,arada,0.2926,1.0,10.0,0.0,2,338.4058,1862.5,338.4333,0.0275,True,338.7,106.0,7,False,-0.0049,0.2667,0.0415,0.2492,0.0736,0.0
6000,8750,-30,158,0.5,arada,0.2926,1.0,10.0,0.0,3,338.4058,1800.0,338.6185,0.2127,True,338.7,90.0,6,False,0.0002,0.0815,0.0112,0.0674,0.0199,10.4419
6000,8750,-30,158,0.5,arada,0.2926,1.0,10.0,0.0,4,338.4058,1850.0,338.4074,0.0016,True,338.7,74.0,5,False,-0.0037,0.2926,0.0465,0.2788,0.0823,0.0
6000,8750,-30,163,0.75,1900,0.0,1.0,10.0,0.0,0,356.0,1887.5,356.0802,0.0802,True,356.0,106.0,7,False,0.0094,-0.0802,-0.0204,-0.1226,-0.0344,inf
6000,8750,-30,163,0.75,1900,0.0,1.0,10.0,0.0,1,356.0,1887.5,356.0802,0.0802,True,356.0,106.0,7,False,0.0094,-0.0802,-0.0204,-0.1226,-0.0344,inf
6000,8750,-30,163,0.75,1900,0.0,1.0,10.0,0.0,2,356.0,1900.0,356.0,-0.0,True,356.0,90.0,6,False,0.0086,0.0,-0.0087,-0.052,-0.0146,inf
6000,8750,-30,163,0.75,1900,0.0,1.0,10.0,0.0,3,356.0,1887.5,356.0802,0.0802,True,356.0,58.0,4,False,0.0031,-0.0802,-0.0152,-0.0911,-0.0256,inf
6000,8750,-30,163,0.75,1900,0.0,1.0,10.0,0.0,4,356.0,1900.0,356.0,-0.0,True,356.0,42.0,3,False,0.0023,0.0,-0.0024,-0.0141,-0.004,inf
6000,8750,-30,168,1.0,1900,0.0,1.0,10.0,0.0,0,376.0,1900.0,376.0,-0.0,True,376.0,42.0,3,False,0.0016,0.0,-0.0016,-0.0094,-0.0025,inf
6000,8750,-30,168,1.0,1900,0.0,1.0,10.0,0.0,1,376.0,1900.0,376.0,-0.0,True,376.0,42.0,3,False,0.0016,0.0,-0.0016,-0.0094,-0.0025,inf
6000,8750,-30,168,1.0,1900,0.0,1.0,10.0,0.0,2,376.0,1887.5,376.0208,0.0208,True,376.0,58.0,4,False,0.0019,-0.0208,-0.0051,-0.0304,-0.0081,inf
6000,8750,-30,168,1.0,1900,0.0,1.0,10.0,0.0,3,376.0,1862.5,376.1875,0.1875,True,376.0,106.0,7,False,0.0099,-0.1875,-0.0357,-0.2143,-0.057,inf
6000,8750,-30,168,1.0,1900,0.0,1.0,10.0,0.0,4,376.0,1862.5,376.1875,0.1875,True,376.0,138.0,9,False,0.0104,-0.1875,-0.0345,-0.2071,-0.0551,inf
6000,8750,-20,150,0.0,arada,0.763,1.0,10.0,0.0,0,309.2238,1800.0,309.237,0.0132,True,310.0,90.0,6,False,-0.0141,0.763,0.1222,0.7332,0.2365,0.0
6000,8750,-20,150,0.0,arada,0.763,1.0,10.0,0.0,1,309.2238,1850.0,309.3704,0.1466,True,310.0,74.0,5,False,-0.0106,0.6296,0.1027,0.616,0.1987,0.0
6000,8750,-20,150,0.0,arada,0.763,1.0,10.0,0.0,2,309.2238,1837.5,309.2905,0.0667,True,310.0,90.0,6,False,-0.014,0.7095,0.1145,0.6871,0.2216,0.0
6000,8750,-20,150,0.0,arada,0.763,1.0,10.0,0.0,3,309.2238,1850.0,309.3704,0.1466,True,310.0,74.0,5,False,-0.0106,0.6296,0.1027,0.616,0.1987,0.0
6000,8750,-20,150,0.0,arada,0.763,1.0,10.0,0.0,4,309.2238,1787.5,309.2812,0.0574,True,310.0,106.0,7,False,-0.017,0.7187,0.1156,0.6938,0.2238,0.0
6000,8750,-20,155,0.25,arada,0.9407,1.0,10.0,0.0,0,324.4453,1825.0,324.4694,0.0241,True,325.4,106.0,7,False,-0.0212,0.9306,0.1489,0.8932,0.2745,0.0
6000,8750,-20,155,0.25,arada,0.9407,1.0,10.0,0.0,1,324.4453,1787.5,324.5104,0.0651,True,325.4,106.0,7,False,-0.0211,0.8896,0.1431,0.8587,0.2639,0.0
6000,8750,-20,155,0.25,arada,0.9407,1.0,10.0,0.0,2,324.4453,1850.0,324.6296,0.1843,True,325.4,74.0,5,False,-0.013,0.7704,0.1257,0.7539,0.2317,0.0
6000,8750,-20,155,0.25,arada,0.9407,1.0,10.0,0.0,3,324.4453,1800.0,324.4593,0.014,True,325.4,90.0,6,False,-0.0175,0.9407,0.1507,0.9044,0.2779,0.0
6000,8750,-20,155,0.25,arada,0.9407,1.0,10.0,0.0,4,324.4453,1850.0,324.6296,0.1843,True,325.4,74.0,5,False,-0.013,0.7704,0.1257,0.7539,0.2317,0.0
6000,8750,-20,160,0.5,arada,0.2827,1.0,10.0,0.0,0,341.1168,1837.5,341.1278,0.011,True,341.4,90.0,6,False,-0.0045,0.2722,0.043,0.2581,0.0756,0.0
6000,8750,-20,160,0.5,arada,0.2827,1.0,10.0,0.0,1,341.1168,1800.0,341.3543,0.2375,True,341.4,90.0,6,False,0.0011,0.0457,0.0053,0.0321,0.0094,82.9437
6000,8750,-20,160,0.5,arada,0.2827,1.0,10.0,0.0,2,341.1168,1812.5,341.2463,0.1295,True,341.4,122.0,8,False,-0.0014,0.1537,0.0218,0.1307,0.0383,0.0
6000,8750,-20,160,0.5,arada,0.2827,1.0,10.0,0.0,3,341.1168,1887.5,341.2806,0.1638,True,341.4,58.0,4,False,-0.0026,0.1194,0.0206,0.1237,0.0362,0.0
6000,8750,-20,160,0.5,arada,0.2827,1.0,10.0,0.0,4,341.1168,1900.0,341.4,0.2832,True,341.4,42.0,3,False,-0.0017,0.0,0.0018,0.0107,0.0031,0.0
6000,8750,-20,165,0.75,arada,0.216,1.0,10.0,0.0,0,358.5544,1800.0,358.9691,0.4147,True,358.7778,90.0,6,False,0.0064,-0.1914,-0.0337,-0.202,-0.0563,inf
6000,8750,-20,165,0.75,arada,0.216,1.0,10.0,0.0,1,358.5544,1800.0,358.9691,0.4147,True,358.7778,90.0,6,False,0.0064,-0.1914,-0.0337,-0.202,-0.0563,inf
6000,8750,-20,165,0.75,arada,0.216,1.0,10.0,0.0,2,358.5544,1900.0,358.7778,0.2234,True,358.7778,42.0,3,False,-0.0014,0.0,0.0015,0.0088,0.0024,0.0
6000,8750,-20,165,0.75,arada,0.216,1.0,10.0,0.0,3,358.5544,1850.0,358.5617,0.0073,True,358.7778,74.0,5,False,-0.0016,0.216,0.0332,0.1989,0.0554,0.0
6000,8750,-20,165,0.75,arada,0.216,1.0,10.0,0.0,4,358.5544,1887.5,358.6653,0.1109,True,358.7778,58.0,4,False,-0.0022,0.1125,0.0192,0.1149,0.032,0.0
6000,8750,-20,170,1.0,arada,1.5139,1.0,10.0,0.0,0,376.7079,1800.0,376.9012,0.1933,True,378.2222,90.0,6,False,-0.0224,1.321,0.2094,1.2566,0.3322,0.0
6000,8750,-20,170,1.0,arada,1.5139,1.0,10.0,0.0,1,376.7079,1837.5,376.7427,0.0348,True,378.2222,90.0,6,False,-0.0282,1.4796,0.2378,1.4268,0.3772,0.0
6000,8750,-20,170,1.0,arada,1.5139,1.0,10.0,0.0,2,376.7079,1850.0,376.8642,0.1563,True,378.2222,74.0,5,False,-0.0215,1.358,0.22,1.3198,0.3489,0.0
6000,8750,-20,170,1.0,arada,1.5139,1.0,10.0,0.0,3,376.7079,1825.0,376.7083,0.0004,True,378.2222,106.0,7,False,-0.0347,1.5139,0.2424,1.4545,0.3846,0.0
6000,8750,-20,170,1.0,arada,1.5139,1.0,10.0,0.0,4,376.7079,1850.0,376.8642,0.1563,True,378.2222,74.0,5,False,-0.0215,1.358,0.22,1.3198,0.3489,0.0
6000,8750,-10,153,0.0,arada,0.9,1.0,10.0,0.0,0,315.0969,1775.0,315.3889,0.292,True,316.0,122.0,8,False,-0.0198,0.6111,0.1009,0.6052,0.1915,0.0
6000,8750,-10,153,0.0,arada,0.9,1.0,10.0,0.0,1,315.0969,1800.0,315.1556,0.0587,True,316.0,90.0,6,False,-0.015,0.8444,0.1346,0.8076,0.2556,0.0
6000,8750,-10,153,0.0,arada,0.9,1.0,10.0,0.0,2,315.0969,1900.0,316.0,0.9031,False,316.0,42.0,3,False,-0.0045,0.0,0.0046,0.0277,0.0088,0.0
6000,8750,-10,153,0.0,arada,0.9,1.0,10.0,0.0,3,315.0969,1825.0,315.1,0.0031,True,316.0,106.0,7,False,-0.019,0.9,0.1425,0.8553,0.2707,0.0
6000,8750,-10,153,0.0,arada,0.9,1.0,10.0,0.0,4,315.0969,1850.0,315.2222,0.1253,True,316.0,74.0,5,False,-0.0127,0.7778,0.1264,0.7583,0.24,0.0
6000,8750,-10,158,0.263,arada,0.5625,1.0,10.0,0.0,0,330.7374,1887.5,331.1258,0.3884,True,331.3,58.0,4,False,-0.0042,0.1742,0.0305,0.1833,0.0553,0.0
6000,8750,-10,158,0.263,arada,0.5625,1.0,10.0,0.0,1,330.7374,1825.0,330.7375,0.0001,True,331.3,106.0,7,False,-0.0111,0.5625,0.0883,0.5299,0.1599,0.0
6000,8750,-10,158,0.263,arada,0.5625,1.0,10.0,0.0,2,330.7374,1875.0,330.9838,0.2464,True,331.3,90.0,6,False,-0.0075,0.3162,0.0524,0.3141,0.0948,0.0
6000,8750,-10,158,0.263,arada,0.5625,1.0,10.0,0.0,3,330.7374,1850.0,330.7963,0.0589,True,331.3,74.0,5,False,-0.008,0.5037,0.0816,0.4896,0.1478,0.0
6000,8750,-10,158,0.263,arada,0.5625,1.0,10.0,0.0,4,330.7374,1887.5,331.1258,0.3884,True,331.3,58.0,4,False,-0.0042,0.1742,0.0305,0.1833,0.0553,0.0
6000,8750,-10,163,0.526,arada,0.0,1.0,10.0,0.0,0,346.797,1875.0,346.8277,0.0307,True,346.8,90.0,6,False,0.0045,-0.0277,-0.0084,-0.0506,-0.0146,inf
6000,8750,-10,163,0.526,arada,0.0,1.0,10.0,0.0,1,346.797,1875.0,346.8277,0.0307,True,346.8,90.0,6,False,0.0045,-0.0277,-0.0084,-0.0506,-0.0146,inf
6000,8750,-10,163,0.526,arada,0.0,1.0,10.0,0.0,2,346.797,1875.0,346.8277,0.0307,True,346.8,90.0,6,False,0.0045,-0.0277,-0.0084,-0.0506,-0.0146,inf
6000,8750,-10,163,0.526,arada,0.0,1.0,10.0,0.0,3,346.797,1825.0,347.201,0.404,True,346.8,106.0,7,False,0.0093,-0.401,-0.0644,-0.3866,-0.1115,inf
6000,8750,-10,163,0.526,arada,0.0,1.0,10.0,0.0,4,346.797,1850.0,346.9614,0.1644,True,346.8,74.0,5,False,0.0052,-0.1614,-0.0288,-0.1731,-0.0499,inf
6000,8750,-10,168,0.789,1900,0.0,1.0,10.0,0.0,0,364.3333,1900.0,364.3333,0.0,True,364.3333,42.0,3,False,0.006,0.0,-0.0062,-0.037,-0.0102,inf
6000,8750,-10,168,0.789,1900,0.0,1.0,10.0,0.0,1,364.3333,1900.0,364.3333,0.0,True,364.3333,42.0,3,False,0.006,0.0,-0.0062,-0.037,-0.0102,inf
6000,8750,-10,168,0.789,1900,0.0,1.0,10.0,0.0,2,364.3333,1900.0,364.3333,0.0,True,364.3333,42.0,3,False,0.006,0.0,-0.0062,-0.037,-0.0102,inf
6000,8750,-10,168,0.789,1900,0.0,1.0,10.0,0.0,3,364.3333,1900.0,364.3333,0.0,True,364.3333,42.0,3,False,0.006,0.0,-0.0062,-0.037,-0.0102,inf
6000,8750,-10,168,0.789,1900,0.0,1.0,10.0,0.0,4,364.3333,1887.5,364.5914,0.2581,True,364.3333,58.0,4,False,0.0082,-0.2581,-0.0473,-0.2835,-0.0778,inf
6000,8750,-10,172,1.0,1900,0.0,1.0,10.0,0.0,0,379.4444,1900.0,379.4444,0.0,True,379.4444,42.0,3,False,0.0072,0.0,-0.0073,-0.044,-0.0116,inf
6000,8750,-10,172,1.0,1900,0.0,1.0,10.0,0.0,1,379.4444,1900.0,379.4444,0.0,True,379.4444,42.0,3,False,0.0072,0.0,-0.0073,-0.044,-0.0116,inf
6000,8750,-10,172,1.0,1900,0.0,1.0,10.0,0.0,2,379.4444,1900.0,379.4444,0.0,True,379.4444,42.0,3,False,0.0072,0.0,-0.0073,-0.044,-0.0116,inf
6000,8750,-10,172,1.0,1900,0.0,1.0,10.0,0.0,3,379.4444,1900.0,379.4444,0.0,True,379.4444,42.0,3,False,0.0072,0.0,-0.0073,-0.044,-0.0116,inf
6000,8750,-10,172,1.0,1900,0.0,1.0,10.0,0.0,4,379.4444,1875.0,380.0617,0.6173,False,379.4444,74.0,5,False,0.0139,-0.6173,-0.1043,-0.6256,-0.1649,inf
6000,8750,0,155,0.0,arada,0.0224,1.0,10.0,0.0,0,318.9766,1900.0,319.0,0.0234,True,319.0,42.0,3,False,0.0003,0.0,-0.0003,-0.0017,-0.0005,inf
6000,8750,0,155,0.0,arada,0.0224,1.0,10.0,0.0,1,318.9766,1875.0,318.9846,0.008,True,319.0,74.0,5,False,0.0003,0.0154,0.0019,0.0116,0.0036,69.3685
6000,8750,0,155,0.0,arada,0.0224,1.0,10.0,0.0,2,318.9766,1850.0,319.0864,0.1098,True,319.0,74.0,5,False,0.0039,-0.0864,-0.0166,-0.0993,-0.0311,inf
6000,8750,0,155,0.0,arada,0.0224,1.0,10.0,0.0,3,318.9766,1850.0,319.0864,0.1098,True,319.0,74.0,5,False,0.0039,-0.0864,-0.0166,-0.0993,-0.0311,inf
6000,8750,0,155,0.0,arada,0.0224,1.0,10.0,0.0,4,318.9766,1900.0,319.0,0.0234,True,319.0,42.0,3,False,0.0003,0.0,-0.0003,-0.0017,-0.0005,inf
6000,8750,0,160,0.263,arada,0.3662,1.0,10.0,0.0,0,335.2677,1825.0,335.3199,0.0522,True,335.6364,106.0,7,False,-0.0072,0.3165,0.0506,0.3035,0.0904,0.0
6000,8750,0,160,0.263,arada,0.3662,1.0,10.0,0.0,1,335.2677,1900.0,335.6364,0.3687,True,335.6364,42.0,3,False,-0.0022,0.0,0.0023,0.0138,0.0041,0.0
6000,8750,0,160,0.263,arada,0.3662,1.0,10.0,0.0,2,335.2677,1850.0,335.2702,0.0025,True,335.6364,74.0,5,False,-0.0047,0.3662,0.0582,0.3491,0.104,0.0
6000,8750,0,160,0.263,arada,0.3662,1.0,10.0,0.0,3,335.2677,1850.0,335.2702,0.0025,True,335.6364,74.0,5,False,-0.0047,0.3662,0.0582,0.3491,0.104,0.0
6000,8750,0,160,0.263,arada,0.3662,1.0,10.0,0.0,4,335.2677,1837.5,335.2756,0.0079,True,335.6364,90.0,6,False,-0.0061,0.3607,0.0572,0.3432,0.1022,0.0
6000,8750,0,165,0.526,arada,0.303,1.0,10.0,0.0,0,349.8684,1862.5,349.8724,0.004,True,350.1818,106.0,7,False,-0.0039,0.3094,0.0463,0.2779,0.0794,0.0
6000,8750,0,165,0.526,arada,0.303,1.0,10.0,0.0,1,349.8684,1875.0,349.9208,0.0524,True,350.1818,90.0,6,False,-0.0025,0.261,0.0395,0.2371,0.0677,0.0
6000,8750,0,165,0.526,arada,0.303,1.0,10.0,0.0,2,349.8684,1850.0,349.8788,0.0104,True,350.1818,74.0,5,False,-0.0023,0.303,0.0465,0.279,0.0797,0.0
6000,8750,0,165,0.526,arada,0.303,1.0,10.0,0.0,3,349.8684,1837.5,349.9399,0.0715,True,350.1818,90.0,6,False,-0.0029,0.242,0.0371,0.2225,0.0635,0.0
6000,8750,0,165,0.526,arada,0.303,1.0,10.0,0.0,4,349.8684,1800.0,350.4515,0.5831,False,350.1818,90.0,6,False,0.0091,-0.2697,-0.0474,-0.2846,-0.0813,inf
6000,8750,0,170,0.789,1900,0.0,1.0,10.0,0.0,0,367.0,1887.5,367.0878,0.0878,True,367.0,58.0,4,False,0.004,-0.0878,-0.0173,-0.1037,-0.0283,inf
6000,8750,0,170,0.789,1900,0.0,1.0,10.0,0.0,1,367.0,1887.5,367.0878,0.0878,True,367.0,58.0,4,False,0.004,-0.0878,-0.0173,-0.1037,-0.0283,inf
6000,8750,0,170,0.789,1900,0.0,1.0,10.0,0.0,2,367.0,1887.5,367.0878,0.0878,True,367.0,58.0,4,False,0.004,-0.0878,-0.0173,-0.1037,-0.0283,inf
6000,8750,0,170,0.789,1900,0.0,1.0,10.0,0.0,3,367.0,1900.0,367.0,-0.0,True,367.0,42.0,3,False,0.0031,0.0,-0.0031,-0.0188,-0.0051,inf
6000,8750,0,170,0.789,1900,0.0,1.0,10.0,0.0,4,367.0,1887.5,367.0878,0.0878,True,367.0,58.0,4,False,0.004,-0.0878,-0.0173,-0.1037,-0.0283,inf
6000,8750,0,174,1.0,1900,0.0,1.0,10.0,0.0,0,381.6667,1900.0,381.6667,-0.0,True,381.6667,42.0,3,False,0.006,0.0,-0.0061,-0.0367,-0.0096,inf
6000,8750,0,174,1.0,1900,0.0,1.0,10.0,0.0,1,381.6667,1875.0,382.162,0.4953,True,381.6667,74.0,5,False,0.0114,-0.4954,-0.084,-0.504,-0.132,inf
6000,8750,0,174,1.0,1900,0.0,1.0,10.0,0.0,2,381.6667,1900.0,381.6667,-0.0,True,381.6667,42.0,3,False,0.006,0.0,-0.0061,-0.0367,-0.0096,inf
6000,8750,0,174,1.0,1900,0.0,1.0,10.0,0.0,3,381.6667,1900.0,381.6667,-0.0,True,381.6667,42.0,3,False,0.006,0.0,-0.0061,-0.0367,-0.0096,inf
6000,8750,0,174,1.0,1900,0.0,1.0,10.0,0.0,4,381.6667,1900.0,381.6667,-0.0,True,381.6667,42.0,3,False,0.006,0.0,-0.0061,-0.0367,-0.0096,inf
6000,8750,10,157,0.0,1900,0.0,1.0,10.0,0.0,0,322.0,1850.0,322.2716,0.2716,True,322.0,74.0,5,False,0.0073,-0.2716,-0.0471,-0.2825,-0.0877,inf
6000,8750,10,157,0.0,1900,0.0,1.0,10.0,0.0,1,322.0,1875.0,322.0864,0.0864,True,322.0,90.0,6,False,0.0064,-0.0864,-0.0187,-0.1122,-0.0348,inf
6000,8750,10,157,0.0,1900,0.0,1.0,10.0,0.0,2,322.0,1900.0,322.0,-0.0,True,322.0,42.0,3,False,0.0013,0.0,-0.0013,-0.0081,-0.0025,inf
6000,8750,10,157,0.0,1900,0.0,1.0,10.0,0.0,3,322.0,1900.0,322.0,-0.0,True,322.0,42.0,3,False,0.0013,0.0,-0.0013,-0.0081,-0.0025,inf
6000,8750,10,157,0.0,1900,0.0,1.0,10.0,0.0,4,322.0,1900.0,322.0,-0.0,True,322.0,42.0,3,False,0.0013,0.0,-0.0013,-0.0081,-0.0025,inf
6000,8750,10,162,0.294,1900,0.0,1.0,10.0,0.0,0,336.2857,1900.0,336.2857,0.0,True,336.2857,90.0,6,False,0.0089,0.0,-0.009,-0.0539,-0.016,inf
6000,8750,10,162,0.294,1900,0.0,1.0,10.0,0.0,1,336.2857,1875.0,336.4492,0.1635,True,336.2857,90.0,6,False,0.0098,-0.1634,-0.033,-0.1982,-0.0589,inf
6000,8750,10,162,0.294,1900,0.0,1.0,10.0,0.0,2,336.2857,1900.0,336.2857,0.0,True,336.2857,42.0,3,False,0.0022,0.0,-0.0023,-0.0136,-0.004,inf
6000,8750,10,162,0.294,1900,0.0,1.0,10.0,0.0,3,336.2857,1900.0,336.2857,0.0,True,336.2857,42.0,3,False,0.0022,0.0,-0.0023,-0.0136,-0.004,inf
6000,8750,10,162,0.294,1900,0.0,1.0,10.0,0.0,4,336.2857,1887.5,336.353,0.0673,True,336.2857,58.0,4,False,0.0029,-0.0673,-0.0131,-0.0785,-0.0233,inf
6000,8750,10,167,0.588,1900,0.0,1.0,10.0,0.0,0,351.9,1887.5,352.0805,0.1805,True,351.9,58.0,4,False,0.0064,-0.1805,-0.0337,-0.2022,-0.0575,inf
6000,8750,10,167,0.588,1900,0.0,1.0,10.0,0.0,1,351.9,1900.0,351.9,-0.0,True,351.9,42.0,3,False,0.0048,0.0,-0.0049,-0.0293,-0.0083,inf
6000,8750,10,167,0.588,1900,0.0,1.0,10.0,0.0,2,351.9,1900.0,351.9,-0.0,True,351.9,42.0,3,False,0.0048,0.0,-0.0049,-0.0293,-0.0083,inf
6000,8750,10,167,0.588,1900,0.0,1.0,10.0,0.0,3,351.9,1875.0,352.2936,0.3936,True,351.9,74.0,5,False,0.0091,-0.3936,-0.0668,-0.4006,-0.1138,inf
6000,8750,10,167,0.588,1900,0.0,1.0,10.0,0.0,4,351.9,1900.0,351.9,-0.0,True,351.9,42.0,3,False,0.0048,0.0,-0.0049,-0.0293,-0.0083,inf
6000,8750,10,172,0.882,1900,0.0,1.0,10.0,0.0,0,368.4,1900.0,368.4,-0.0,True,368.4,42.0,3,False,0.0055,0.0,-0.0056,-0.0336,-0.0091,inf
6000,8750,10,172,0.882,1900,0.0,1.0,10.0,0.0,1,368.4,1900.0,368.4,-0.0,True,368.4,42.0,3,False,0.0055,0.0,-0.0056,-0.0336,-0.0091,inf
6000,8750,10,172,0.882,1900,0.0,1.0,10.0,0.0,2,368.4,1900.0,368.4,-0.0,True,368.4,42.0,3,False,0.0055,0.0,-0.0056,-0.0336,-0.0091,inf
6000,8750,10,172,0.882,1900,0.0,1.0,10.0,0.0,3,368.4,1887.5,368.5917,0.1917,True,368.4,58.0,4,False,0.0073,-0.1917,-0.0363,-0.2176,-0.0591,inf
6000,8750,10,172,0.882,1900,0.0,1.0,10.0,0.0,4,368.4,1887.5,368.5917,0.1917,True,368.4,58.0,4,False,0.0073,-0.1917,-0.0363,-0.2176,-0.0591,inf
6000,8750,10,174,1.0,1900,0.0,1.0,10.0,0.0,0,375.0,1900.0,375.0,-0.0,True,375.0,42.0,3,False,0.0106,0.0,-0.0109,-0.0652,-0.0174,inf
6000,8750,10,174,1.0,1900,0.0,1.0,10.0,0.0,1,375.0,1900.0,375.0,-0.0,True,375.0,42.0,3,False,0.0106,0.0,-0.0109,-0.0652,-0.0174,inf
6000,8750,10,174,1.0,1900,0.0,1.0,10.0,0.0,2,375.0,1900.0,375.0,-0.0,True,375.0,42.0,3,False,0.0106,0.0,-0.0109,-0.0652,-0.0174,inf
6000,8750,10,174,1.0,1900,0.0,1.0,10.0,0.0,3,375.0,1900.0,375.0,-0.0,True,375.0,42.0,3,False,0.0106,0.0,-0.0109,-0.0652,-0.0174,inf
6000,8750,10,174,1.0,1900,0.0,1.0,10.0,0.0,4,375.0,1900.0,375.0,-0.0,True,375.0,42.0,3,False,0.0106,0.0,-0.0109,-0.0652,-0.0174,inf
6000,8750,20,159,0.0,arada,0.0637,1.0,10.0,0.0,0,327.9363,1900.0,328.0,0.0637,True,328.0,42.0,3,False,-0.0001,0.0,0.0002,0.0011,0.0003,0.0
6000,8750,20,159,0.0,arada,0.0637,1.0,10.0,0.0,1,327.9363,1850.0,328.0093,0.073,True,328.0,74.0,5,False,0.0026,-0.0093,-0.004,-0.0243,-0.0074,inf
6000,8750,20,159,0.0,arada,0.0637,1.0,10.0,0.0,2,327.9363,1850.0,328.0093,0.073,True,328.0,74.0,5,False,0.0026,-0.0093,-0.004,-0.0243,-0.0074,inf
6000,8750,20,159,0.0,arada,0.0637,1.0,10.0,0.0,3,327.9363,1850.0,328.0093,0.073,True,328.0,74.0,5,False,0.0026,-0.0093,-0.004,-0.0243,-0.0074,inf
6000,8750,20,159,0.0,arada,0.0637,1.0,10.0,0.0,4,327.9363,1850.0,328.0093,0.073,True,328.0,74.0,5,False,0.0026,-0.0093,-0.004,-0.0243,-0.0074,inf
6000,8750,20,164,0.556,arada,0.6848,1.0,10.0,0.0,0,340.643,1862.5,340.7257,0.0827,True,341.3333,106.0,7,False,-0.0118,0.6076,0.0953,0.5715,0.1674,0.0
6000,8750,20,164,0.556,arada,0.6848,1.0,10.0,0.0,1,340.643,1900.0,341.3333,0.6903,False,341.3333,42.0,3,False,-0.0041,0.0,0.0042,0.0253,0.0074,0.0
6000,8750,20,164,0.556,arada,0.6848,1.0,10.0,0.0,2,340.643,1825.0,340.7083,0.0653,True,341.3333,106.0,7,False,-0.0143,0.625,0.0999,0.5997,0.1757,0.0
6000,8750,20,164,0.556,arada,0.6848,1.0,10.0,0.0,3,340.643,1862.5,340.7257,0.0827,True,341.3333,90.0,6,False,-0.0117,0.6076,0.0978,0.5866,0.1719,0.0
6000,8750,20,164,0.556,arada,0.6848,1.0,10.0,0.0,4,340.643,1850.0,340.6543,0.0113,True,341.3333,74.0,5,False,-0.0092,0.679,0.1084,0.6502,0.1905,0.0
6000,8750,20,168,1.0,arada,0.2698,1.0,10.0,0.0,0,353.5622,1850.0,353.5873,0.0251,True,353.8571,74.0,5,False,-0.0011,0.2698,0.0405,0.2428,0.0686,0.0
6000,8750,20,168,1.0,arada,0.2698,1.0,10.0,0.0,1,353.5622,1850.0,353.5873,0.0251,True,353.8571,74.0,5,False,-0.0011,0.2698,0.0405,0.2428,0.0686,0.0
6000,8750,20,168,1.0,arada,0.2698,1.0,10.0,0.0,2,353.5622,1862.5,353.5625,0.0003,True,353.8571,106.0,7,False,-0.0027,0.2946,0.0432,0.2589,0.0732,0.0
6000,8750,20,168,1.0,arada,0.2698,1.0,10.0,0.0,3,353.5622,1900.0,353.8571,0.2949,True,353.8571,42.0,3,False,-0.0018,0.0,0.0019,0.0115,0.0032,0.0
6000,8750,20,168,1.0,arada,0.2698,1.0,10.0,0.0,4,353.5622,1887.5,353.6974,0.1352,True,353.8571,58.0,4,False,-0.0029,0.1597,0.027,0.1621,0.0458,0.0
8000,8750,-54,144,0.0,arada,4.4074,1.0,10.0,0.0,0,286.5917,1725.0,286.5926,0.0009,True,291.0,138.0,9,False,-0.1358,4.4074,0.7014,4.2081,1.4461,0.0
8000,8750,-54,144,0.0,arada,4.4074,1.0,10.0,0.0,1,286.5917,1725.0,286.5926,0.0009,True,291.0,138.0,9,False,-0.1358,4.4074,0.7014,4.2081,1.4461,0.0
8000,8750,-54,144,0.0,arada,4.4074,1.0,10.0,0.0,2,286.5917,1725.0,286.5926,0.0009,True,291.0,138.0,9,False,-0.1358,4.4074,0.7014,4.2081,1.4461,0.0
8000,8750,-54,144,0.0,arada,4.4074,1.0,10.0,0.0,3,286.5917,1712.5,286.625,0.0333,True,291.0,154.0,10,False,-0.1549,4.375,0.6969,4.1812,1.4368,0.0
8000,8750,-54,144,0.0,arada,4.4074,1.0,10.0,0.0,4,286.5917,1687.5,286.8287,0.237,True,291.0,138.0,9,False,-0.1336,4.1713,0.6688,4.0128,1.379,0.0
8000,8750,-54,149,0.217,arada,2.4126,1.0,10.0,0.0,0,301.0873,1775.0,301.1042,0.0169,True,303.5,122.0,8,False,-0.0654,2.3958,0.3835,2.3012,0.7582,0.0
8000,8750,-54,149,0.217,arada,2.4126,1.0,10.0,0.0,1,301.0873,1787.5,301.1615,0.0742,True,303.5,106.0,7,False,-0.0553,2.3385,0.3762,2.2573,0.7438,0.0
8000,8750,-54,149,0.217,arada,2.4126,1.0,10.0,0.0,2,301.0873,1800.0,301.2593,0.172,True,303.5,90.0,6,False,-0.0447,2.2407,0.3622,2.173,0.716,0.0
8000,8750,-54,149,0.217,arada,2.4126,1.0,10.0,0.0,3,301.0873,1737.5,301.1753,0.088,True,303.5,122.0,8,False,-0.065,2.3247,0.3736,2.2418,0.7387,0.0
8000,8750,-54,149,0.217,arada,2.4126,1.0,10.0,0.0,4,301.0873,1900.0,303.5,2.4127,False,303.5,42.0,3,False,-0.0081,0.0,0.0083,0.0498,0.0164,0.0
8000,8750,-54,154,0.435,arada,1.0297,1.0,10.0,0.0,0,318.5699,1787.5,318.5703,0.0004,True,319.6,106.0,7,False,-0.0244,1.0297,0.1657,0.9939,0.311,0.0
8000,8750,-54,154,0.435,arada,1.0297,1.0,10.0,0.0,1,318.5699,1787.5,318.5703,0.0004,True,319.6,106.0,7,False,-0.0244,1.0297,0.1657,0.9939,0.311,0.0
8000,8750,-54,154,0.435,arada,1.0297,1.0,10.0,0.0,2,318.5699,1787.5,318.5703,0.0004,True,319.6,106.0,7,False,-0.0244,1.0297,0.1657,0.9939,0.311,0.0
8000,8750,-54,154,0.435,arada,1.0297,1.0,10.0,0.0,3,318.5699,1787.5,318.5703,0.0004,True,319.6,106.0,7,False,-0.0244,1.0297,0.1657,0.9939,0.311,0.0
8000,8750,-54,154,0.435,arada,1.0297,1.0,10.0,0.0,4,318.5699,1850.0,318.8981,0.3282,True,319.6,74.0,5,False,-0.0126,0.7019,0.1152,0.6912,0.2163,0.0
8000,8750,-54,159,0.652,arada,0.4531,1.0,10.0,0.0,0,336.1468,1875.0,336.3125,0.1657,True,336.6,90.0,6,False,-0.006,0.2875,0.0468,0.2807,0.0834,0.0
8000,8750,-54,159,0.652,arada,0.4531,1.0,10.0,0.0,1,336.1468,1900.0,336.6,0.4532,True,336.6,42.0,3,False,-0.0026,0.0,0.0026,0.0159,0.0047,0.0
8000,8750,-54,159,0.652,arada,0.4531,1.0,10.0,0.0,2,336.1468,1887.5,336.4385,0.2917,True,336.6,58.0,4,False,-0.0038,0.1615,0.0281,0.1689,0.0502,0.0
8000,8750,-54,159,0.652,arada,0.4531,1.0,10.0,0.0,3,336.1468,1900.0,336.6,0.4532,True,336.6,42.0,3,False,-0.0026,0.0,0.0026,0.0159,0.0047,0.0
8000,8750,-54,159,0.652,arada,0.4531,1.0,10.0,0.0,4,336.1468,1800.0,336.3,0.1532,True,336.6,90.0,6,False,-0.0041,0.3,0.0466,0.2793,0.083,0.0
8000,8750,-54,164,0.87,arada,0.5208,1.0,10.0,0.0,0,358.4792,1887.5,358.8125,0.3333,True,359.0,58.0,4,False,-0.0044,0.1875,0.0327,0.196,0.0546,0.0
8000,8750,-54,164,0.87,arada,0.5208,1.0,10.0,0.0,1,358.4792,1800.0,358.6667,0.1875,True,359.0,90.0,6,False,-0.0044,0.3333,0.0516,0.3095,0.0862,0.0
8000,8750,-54,164,0.87,arada,0.5208,1.0,10.0,0.0,2,358.4792,1887.5,358.8125,0.3333,True,359.0,58.0,4,False,-0.0044,0.1875,0.0327,0.196,0.0546,0.0
8000,8750,-54,164,0.87,arada,0.5208,1.0,10.0,0.0,3,358.4792,1900.0,359.0,0.5208,False,359.0,42.0,3,False,-0.003,0.0,0.0031,0.0183,0.0051,0.0
8000,8750,-54,164,0.87,arada,0.5208,1.0,10.0,0.0,4,358.4792,1850.0,358.5,0.0208,True,359.0,74.0,5,False,-0.0072,0.5,0.0803,0.4817,0.1342,0.0
8000,8750,-54,167,1.0,arada,1.1562,1.0,10.0,0.0,0,372.09,1800.0,372.1667,0.0767,True,373.25,90.0,6,False,-0.0193,1.0833,0.1727,1.036,0.2776,0.0
8000,8750,-54,167,1.0,arada,1.1562,1.0,10.0,0.0,1,372.09,1850.0,372.25,0.16,True,373.25,74.0,5,False,-0.0163,1.0,0.1625,0.9749,0.2612,0.0
8000,8750,-54,167,1.0,arada,1.1562,1.0,10.0,0.0,2,372.09,1850.0,372.25,0.16,True,373.25,74.0,5,False,-0.0163,1.0,0.1625,0.9749,0.2612,0.0
8000,8750,-54,167,1.0,arada,1.1562,1.0,10.0,0.0,3,372.09,1800.0,372.1667,0.0767,True,373.25,90.0,6,False,-0.0193,1.0833,0.1727,1.036,0.2776,0.0
8000,8750,-54,167,1.0,arada,1.1562,1.0,10.0,0.0,4,372.09,1800.0,372.1667,0.0767,True,373.25,90.0,6,False,-0.0193,1.0833,0.1727,1.036,0.2776,0.0
8000,8750,-50,146,0.0,arada,1.8889,1.0,10.0,0.0,0,291.1096,1775.0,291.1481,0.0385,True,293.0,122.0,8,False,-0.0511,1.8519,0.297,1.7823,0.6083,0.0
8000,8750,-50,146,0.0,arada,1.8889,1.0,10.0,0.0,1,291.1096,1800.0,291.2963,0.1867,True,293.0,90.0,6,False,-0.0342,1.7037,0.2756,1.6534,0.5643,0.0
8000,8750,-50,146,0.0,arada,1.8889,1.0,10.0,0.0,2,291.1096,1800.0,291.2963,0.1867,True,293.0,90.0,6,False,-0.0342,1.7037,0.2756,1.6534,0.5643,0.0
8000,8750,-50,146,0.0,arada,1.8889,1.0,10.0,0.0,3,291.1096,1750.0,291.1111,0.0015,True,293.0,106.0,7,False,-0.0435,1.8889,0.3027,1.8161,0.6198,0.0
8000,8750,-50,146,0.0,arada,1.8889,1.0,10.0,0.0,4,291.1096,1825.0,291.5556,0.446,True,293.0,106.0,7,False,-0.0381,1.4444,0.2364,1.4185,0.4841,0.0
8000,8750,-50,151,0.227,arada,2.1065,1.0,10.0,0.0,0,304.8926,1750.0,305.0,0.1074,True,307.0,106.0,7,False,-0.0463,2.0,0.3207,1.9243,0.6268,0.0
8000,8750,-50,151,0.227,arada,2.1065,1.0,10.0,0.0,1,304.8926,1825.0,305.2083,0.3157,True,307.0,106.0,7,False,-0.0456,1.7917,0.2916,1.7495,0.5699,0.0
8000,8750,-50,151,0.227,arada,2.1065,1.0,10.0,0.0,2,304.8926,1787.5,304.9062,0.0136,True,307.0,106.0,7,False,-0.0495,2.0937,0.3368,2.021,0.6583,0.0
8000,8750,-50,151,0.227,arada,2.1065,1.0,10.0,0.0,3,304.8926,1825.0,305.2083,0.3157,True,307.0,106.0,7,False,-0.0456,1.7917,0.2916,1.7495,0.5699,0.0
8000,8750,-50,151,0.227,arada,2.1065,1.0,10.0,0.0,4,304.8926,1800.0,304.963,0.0704,True,307.0,138.0,9,False,-0.0639,2.037,0.3254,1.9522,0.6359,0.0
8000,8750,-50,156,0.455,arada,1.4505,1.0,10.0,0.0,0,322.5459,1762.5,322.6621,0.1162,True,324.0,138.0,9,False,-0.0415,1.3379,0.2132,1.279,0.3948,0.0
8000,8750,-50,156,0.455,arada,1.4505,1.0,10.0,0.0,1,322.5459,1812.5,322.595,0.0491,True,324.0,122.0,8,False,-0.0368,1.405,0.2234,1.3404,0.4137,0.0
8000,8750,-50,156,0.455,arada,1.4505,1.0,10.0,0.0,2,322.5459,1837.5,322.7987,0.2528,True,324.0,90.0,6,False,-0.0242,1.2013,0.1945,1.1668,0.3601,0.0
8000,8750,-50,156,0.455,arada,1.4505,1.0,10.0,0.0,3,322.5459,1787.5,322.5495,0.0036,True,324.0,106.0,7,False,-0.0343,1.4505,0.2334,1.4001,0.4321,0.0
8000,8750,-50,156,0.455,arada,1.4505,1.0,10.0,0.0,4,322.5459,1800.0,322.5525,0.0066,True,324.0,90.0,6,False,-0.028,1.4475,0.2331,1.3986,0.4317,0.0
8000,8750,-50,161,0.682,arada,0.4232,1.0,10.0,0.0,0,340.5747,1875.0,340.7135,0.1388,True,341.0,90.0,6,False,-0.0055,0.2865,0.0461,0.2768,0.0812,0.0
8000,8750,-50,161,0.682,arada,0.4232,1.0,10.0,0.0,1,340.5747,1837.5,340.5768,0.0021,True,341.0,90.0,6,False,-0.0075,0.4232,0.0674,0.4043,0.1186,0.0
8000,8750,-50,161,0.682,arada,0.4232,1.0,10.0,0.0,2,340.5747,1850.0,340.5833,0.0086,True,341.0,74.0,5,False,-0.0057,0.4167,0.0666,0.3995,0.1172,0.0
8000,8750,-50,161,0.682,arada,0.4232,1.0,10.0,0.0,3,340.5747,1850.0,340.5833,0.0086,True,341.0,74.0,5,False,-0.0057,0.4167,0.0666,0.3995,0.1172,0.0
8000,8750,-50,161,0.682,arada,0.4232,1.0,10.0,0.0,4,340.5747,1812.5,340.681,0.1063,True,341.0,122.0,8,False,-0.0058,0.319,0.0481,0.2887,0.0847,0.0
8000,8750,-50,166,0.909,arada,0.9062,1.0,10.0,0.0,0,363.8437,1800.0,363.9444,0.1007,True,364.75,90.0,6,False,-0.0138,0.8056,0.1279,0.7674,0.2104,0.0
8000,8750,-50,166,0.909,arada,0.9062,1.0,10.0,0.0,1,363.8437,1800.0,363.9444,0.1007,True,364.75,90.0,6,False,-0.0138,0.8056,0.1279,0.7674,0.2104,0.0
8000,8750,-50,166,0.909,arada,0.9062,1.0,10.0,0.0,2,363.8437,1850.0,363.9444,0.1007,True,364.75,74.0,5,False,-0.0128,0.8056,0.1306,0.7835,0.2148,0.0
8000,8750,-50,166,0.909,arada,0.9062,1.0,10.0,0.0,3,363.8437,1850.0,363.9444,0.1007,True,364.75,74.0,5,False,-0.0128,0.8056,0.1306,0.7835,0.2148,0.0
8000,8750,-50,166,0.909,arada,0.9062,1.0,10.0,0.0,4,363.8437,1812.5,363.8689,0.0252,True,364.75,122.0,8,False,-0.0218,0.8811,0.1388,0.8326,0.2283,0.0
8000,8750,-50,168,1.0,arada,1.1562,1.0,10.0,0.0,0,373.09,1800.0,373.1667,0.0767,True,374.25,90.0,6,False,-0.0193,1.0833,0.1727,1.036,0.2768,0.0
8000,8750,-50,168,1.0,arada,1.1562,1.0,10.0,0.0,1,373.09,1850.0,373.25,0.16,True,374.25,74.0,5,False,-0.0163,1.0,0.1625,0.9749,0.2605,0.0
8000,8750,-50,168,1.0,arada,1.1562,1.0,10.0,0.0,2,373.09,1850.0,373.25,0.16,True,374.25,74.0,5,False,-0.0163,1.0,0.1625,0.9749,0.2605,0.0
8000,8750,-50,168,1.0,arada,1.1562,1.0,10.0,0.0,3,373.09,1800.0,373.1667,0.0767,True,374.25,90.0,6,False,-0.0193,1.0833,0.1727,1.036,0.2768,0.0
8000,8750,-50,168,1.0,arada,1.1562,1.0,10.0,0.0,4,373.09,1850.0,373.25,0.16,True,374.25,74.0,5,False,-0.0163,1.0,0.1625,0.9749,0.2605,0.0
8000,8750,-40,148,0.0,arada,0.5833,1.0,10.0,0.0,0,294.416,1850.0,294.5864,0.1704,True,295.0,122.0,8,False,-0.0137,0.4136,0.0687,0.4122,0.1397,0.0
8000,8750,-40,148,0.0,arada,0.5833,1.0,10.0,0.0,1,294.416,1875.0,294.7623,0.3463,True,295.0,90.0,6,False,-0.0068,0.2377,0.0405,0.243,0.0824,0.0
8000,8750,-40,148,0.0,arada,0.5833,1.0,10.0,0.0,2,294.416,1800.0,294.4198,0.0038,True,295.0,90.0,6,False,-0.0113,0.5802,0.0935,0.5608,0.1901,0.0
8000,8750,-40,148,0.0,arada,0.5833,1.0,10.0,0.0,3,294.416,1800.0,294.4198,0.0038,True,295.0,90.0,6,False,-0.0113,0.5802,0.0935,0.5608,0.1901,0.0
8000,8750,-40,148,0.0,arada,0.5833,1.0,10.0,0.0,4,294.416,1850.0,294.5864,0.1704,True,295.0,74.0,5,False,-0.0073,0.4136,0.0678,0.4068,0.1379,0.0
8000,8750,-40,153,0.227,arada,5.0,1.0,10.0,0.0,0,306.9987,1750.0,307.0,0.0013,True,312.0,106.0,7,False,-0.1151,5.0,0.8012,4.8071,1.5407,0.0
8000,8750,-40,153,0.227,arada,5.0,1.0,10.0,0.0,1,306.9987,1800.0,307.5185,0.5198,False,312.0,90.0,6,False,-0.0899,4.4815,0.7249,4.3495,1.3941,0.0
8000,8750,-40,153,0.227,arada,5.0,1.0,10.0,0.0,2,306.9987,1737.5,307.0498,0.0511,True,312.0,122.0,8,False,-0.1366,4.9502,0.7938,4.7631,1.5266,0.0
8000,8750,-40,153,0.227,arada,5.0,1.0,10.0,0.0,3,306.9987,1737.5,307.0498,0.0511,True,312.0,122.0,8,False,-0.1366,4.9502,0.7938,4.7631,1.5266,0.0
8000,8750,-40,153,0.227,arada,5.0,1.0,10.0,0.0,4,306.9987,1775.0,307.1157,0.117,True,312.0,122.0,8,False,-0.1351,4.8843,0.7837,4.7022,1.5071,0.0
8000,8750,-40,158,0.455,arada,2.388,1.0,10.0,0.0,0,324.6062,1800.0,324.6636,0.0574,True,327.0,90.0,6,False,-0.0459,2.3364,0.3769,2.2614,0.6916,0.0
8000,8750,-40,158,0.455,arada,2.388,1.0,10.0,0.0,1,324.6062,1800.0,324.6636,0.0574,True,327.0,90.0,6,False,-0.0459,2.3364,0.3769,2.2614,0.6916,0.0
8000,8750,-40,158,0.455,arada,2.388,1.0,10.0,0.0,2,324.6062,1825.0,324.9271,0.3209,True,327.0,106.0,7,False,-0.0524,2.0729,0.3369,2.0214,0.6182,0.0
8000,8750,-40,158,0.455,arada,2.388,1.0,10.0,0.0,3,324.6062,1787.5,324.612,0.0058,True,327.0,106.0,7,False,-0.0565,2.388,0.3842,2.3051,0.7049,0.0
8000,8750,-40,158,0.455,arada,2.388,1.0,10.0,0.0,4,324.6062,1800.0,324.6636,0.0574,True,327.0,90.0,6,False,-0.0459,2.3364,0.3769,2.2614,0.6916,0.0
8000,8750,-40,163,0.682,arada,0.1211,1.0,10.0,0.0,0,341.8747,1850.0,341.9167,0.042,True,342.0,74.0,5,False,0.0011,0.0833,0.011,0.0662,0.0193,47.9033
8000,8750,-40,163,0.682,arada,0.1211,1.0,10.0,0.0,1,341.8747,1850.0,341.9167,0.042,True,342.0,74.0,5,False,0.0011,0.0833,0.011,0.0662,0.0193,47.9033
8000,8750,-40,163,0.682,arada,0.1211,1.0,10.0,0.0,2,341.8747,1900.0,342.0,0.1253,True,342.0,42.0,3,False,-0.0007,0.0,0.0007,0.0043,0.0013,0.0
8000,8750,-40,163,0.682,arada,0.1211,1.0,10.0,0.0,3,341.8747,1850.0,341.9167,0.042,True,342.0,74.0,5,False,0.0011,0.0833,0.011,0.0662,0.0193,47.9033
8000,8750,-40,163,0.682,arada,0.1211,1.0,10.0,0.0,4,341.8747,1875.0,341.8802,0.0055,True,342.0,90.0,6,False,0.0007,0.1198,0.0163,0.0979,0.0286,19.884
8000,8750,-40,168,0.909,1900,0.0,1.0,10.0,0.0,0,363.1111,1887.5,363.2382,0.1271,True,363.1111,58.0,4,False,0.0048,-0.1271,-0.024,-0.1441,-0.0397,inf
8000,8750,-40,168,0.909,1900,0.0,1.0,10.0,0.0,1,363.1111,1887.5,363.2382,0.1271,True,363.1111,58.0,4,False,0.0048,-0.1271,-0.024,-0.1441,-0.0397,inf
8000,8750,-40,168,0.909,1900,0.0,1.0,10.0,0.0,2,363.1111,1900.0,363.1111,0.0,True,363.1111,42.0,3,False,0.0036,0.0,-0.0037,-0.0221,-0.0061,inf
8000,8750,-40,168,0.909,1900,0.0,1.0,10.0,0.0,3,363.1111,1900.0,363.1111,0.0,True,363.1111,42.0,3,False,0.0036,0.0,-0.0037,-0.0221,-0.0061,inf
8000,8750,-40,168,0.909,1900,0.0,1.0,10.0,0.0,4,363.1111,1875.0,363.3974,0.2863,True,363.1111,74.0,5,False,0.0068,-0.2863,-0.0487,-0.2925,-0.0805,inf
8000,8750,-40,170,1.0,1900,0.0,1.0,10.0,0.0,0,371.5556,1900.0,371.5556,-0.0,True,371.5556,42.0,3,False,0.0051,0.0,-0.0052,-0.0312,-0.0084,inf
8000,8750,-40,170,1.0,1900,0.0,1.0,10.0,0.0,1,371.5556,1900.0,371.5556,-0.0,True,371.5556,42.0,3,False,0.0051,0.0,-0.0052,-0.0312,-0.0084,inf
8000,8750,-40,170,1.0,1900,0.0,1.0,10.0,0.0,2,371.5556,1900.0,371.5556,-0.0,True,371.5556,42.0,3,False,0.0051,0.0,-0.0052,-0.0312,-0.0084,inf
8000,8750,-40,170,1.0,1900,0.0,1.0,10.0,0.0,3,371.5556,1900.0,371.5556,-0.0,True,371.5556,42.0,3,False,0.0051,0.0,-0.0052,-0.0312,-0.0084,inf
8000,8750,-40,170,1.0,1900,0.0,1.0,10.0,0.0,4,371.5556,1900.0,371.5556,-0.0,True,371.5556,42.0,3,False,0.0051,0.0,-0.0052,-0.0312,-0.0084,inf
8000,8750,-30,149,0.0,arada,0.9506,1.0,10.0,0.0,0,295.0484,1825.0,295.0972,0.0488,True,296.0,106.0,7,False,-0.0214,0.9028,0.1453,0.8715,0.2944,0.0
8000,8750,-30,149,0.0,arada,0.9506,1.0,10.0,0.0,1,295.0484,1750.0,295.3333,0.2849,True,296.0,106.0,7,False,-0.0158,0.6667,0.1072,0.643,0.2172,0.0
8000,8750,-30,149,0.0,arada,0.9506,1.0,10.0,0.0,2,295.0484,1825.0,295.0972,0.0488,True,296.0,106.0,7,False,-0.0214,0.9028,0.1453,0.8715,0.2944,0.0
8000,8750,-30,149,0.0,arada,0.9506,1.0,10.0,0.0,3,295.0484,1837.5,295.1686,0.1202,True,296.0,90.0,6,False,-0.0166,0.8314,0.1344,0.8064,0.2724,0.0
8000,8750,-30,149,0.0,arada,0.9506,1.0,10.0,0.0,4,295.0484,1787.5,295.0729,0.0245,True,296.0,106.0,7,False,-0.022,0.9271,0.1491,0.8949,0.3023,0.0
8000,8750,-30,154,0.217,arada,3.6497,1.0,10.0,0.0,0,307.3464,1787.5,307.3646,0.0182,True,311.0,106.0,7,False,-0.086,3.6354,0.5849,3.5092,1.1283,0.0
8000,8750,-30,154,0.217,arada,3.6497,1.0,10.0,0.0,1,307.3464,1787.5,307.3646,0.0182,True,311.0,106.0,7,False,-0.086,3.6354,0.5849,3.5092,1.1283,0.0
8000,8750,-30,154,0.217,arada,3.6497,1.0,10.0,0.0,2,307.3464,1800.0,307.4568,0.1104,True,311.0,90.0,6,False,-0.0698,3.5432,0.5718,3.4307,1.1031,0.0
8000,8750,-30,154,0.217,arada,3.6497,1.0,10.0,0.0,3,307.3464,1762.5,307.414,0.0676,True,311.0,138.0,9,False,-0.1124,3.586,0.5725,3.4351,1.1045,0.0
8000,8750,-30,154,0.217,arada,3.6497,1.0,10.0,0.0,4,307.3464,1800.0,307.4568,0.1104,True,311.0,90.0,6,False,-0.0698,3.5432,0.5718,3.4307,1.1031,0.0
8000,8750,-30,159,0.435,arada,2.3008,1.0,10.0,0.0,0,323.2443,1800.0,323.2447,0.0004,True,325.5455,90.0,6,False,-0.0441,2.3008,0.37,2.2202,0.682,0.0
8000,8750,-30,159,0.435,arada,2.3008,1.0,10.0,0.0,1,323.2443,1787.5,323.2727,0.0284,True,325.5455,106.0,7,False,-0.0538,2.2727,0.3656,2.1938,0.6739,0.0
8000,8750,-30,159,0.435,arada,2.3008,1.0,10.0,0.0,2,323.2443,1787.5,323.2727,0.0284,True,325.5455,106.0,7,False,-0.0538,2.2727,0.3656,2.1938,0.6739,0.0
8000,8750,-30,159,0.435,arada,2.3008,1.0,10.0,0.0,3,323.2443,1850.0,323.8339,0.5896,False,325.5455,74.0,5,False,-0.0299,1.7116,0.2801,1.6808,0.5163,0.0
8000,8750,-30,159,0.435,arada,2.3008,1.0,10.0,0.0,4,323.2443,1800.0,323.2447,0.0004,True,325.5455,90.0,6,False,-0.0441,2.3008,0.37,2.2202,0.682,0.0
8000,8750,-30,164,0.652,arada,0.591,1.0,10.0,0.0,0,339.4962,1800.0,339.8103,0.3141,True,340.0909,90.0,6,False,-0.0025,0.2806,0.0421,0.2526,0.0743,0.0
8000,8750,-30,164,0.652,arada,0.591,1.0,10.0,0.0,1,339.4962,1837.5,339.4999,0.0037,True,340.0909,90.0,6,False,-0.0104,0.591,0.0941,0.5644,0.166,0.0
8000,8750,-30,164,0.652,arada,0.591,1.0,10.0,0.0,2,339.4962,1850.0,339.5073,0.0111,True,340.0909,74.0,5,False,-0.0079,0.5836,0.0932,0.5593,0.1644,0.0
8000,8750,-30,164,0.652,arada,0.591,1.0,10.0,0.0,3,339.4962,1837.5,339.4999,0.0037,True,340.0909,90.0,6,False,-0.0104,0.591,0.0941,0.5644,0.166,0.0
8000,8750,-30,164,0.652,arada,0.591,1.0,10.0,0.0,4,339.4962,1850.0,339.5073,0.0111,True,340.0909,74.0,5,False,-0.0079,0.5836,0.0932,0.5593,0.1644,0.0
8000,8750,-30,169,0.87,1900,0.0,1.0,10.0,0.0,0,360.3333,1900.0,360.3333,0.0,True,360.3333,42.0,3,False,0.0058,0.0,-0.006,-0.0358,-0.0099,inf
8000,8750,-30,169,0.87,1900,0.0,1.0,10.0,0.0,1,360.3333,1900.0,360.3333,0.0,True,360.3333,42.0,3,False,0.0058,0.0,-0.006,-0.0358,-0.0099,inf
8000,8750,-30,169,0.87,1900,0.0,1.0,10.0,0.0,2,360.3333,1887.5,360.5741,0.2408,True,360.3333,58.0,4,False,0.0079,-0.2407,-0.0443,-0.2659,-0.0738,inf
8000,8750,-30,169,0.87,1900,0.0,1.0,10.0,0.0,3,360.3333,1900.0,360.3333,0.0,True,360.3333,42.0,3,False,0.0058,0.0,-0.006,-0.0358,-0.0099,inf
8000,8750,-30,169,0.87,1900,0.0,1.0,10.0,0.0,4,360.3333,1900.0,360.3333,0.0,True,360.3333,42.0,3,False,0.0058,0.0,-0.006,-0.0358,-0.0099,inf
8000,8750,-30,172,1.0,1900,0.0,1.0,10.0,0.0,0,373.3333,1900.0,373.3333,0.0,True,373.3333,42.0,3,False,0.0081,0.0,-0.0083,-0.0497,-0.0133,inf
8000,8750,-30,172,1.0,1900,0.0,1.0,10.0,0.0,1,373.3333,1900.0,373.3333,0.0,True,373.3333,42.0,3,False,0.0081,0.0,-0.0083,-0.0497,-0.0133,inf
8000,8750,-30,172,1.0,1900,0.0,1.0,10.0,0.0,2,373.3333,1887.5,373.6782,0.3449,True,373.3333,58.0,4,False,0.0111,-0.3449,-0.0632,-0.3791,-0.1016,inf
8000,8750,-30,172,1.0,1900,0.0,1.0,10.0,0.0,3,373.3333,1887.5,373.6782,0.3449,True,373.3333,58.0,4,False,0.0111,-0.3449,-0.0632,-0.3791,-0.1016,inf
8000,8750,-30,172,1.0,1900,0.0,1.0,10.0,0.0,4,373.3333,1900.0,373.3333,0.0,True,373.3333,42.0,3,False,0.0081,0.0,-0.0083,-0.0497,-0.0133,inf
8000,8750,-20,151,0.0,arada,1.2469,1.0,10.0,0.0,0,297.7515,1800.0,297.7531,0.0016,True,299.0,90.0,6,False,-0.024,1.2469,0.2006,1.2039,0.4026,0.0
8000,8750,-20,151,0.0,arada,1.2469,1.0,10.0,0.0,1,297.7515,1825.0,297.8472,0.0957,True,299.0,106.0,7,False,-0.028,1.1528,0.1862,1.1172,0.3737,0.0
8000,8750,-20,151,0.0,arada,1.2469,1.0,10.0,0.0,2,297.7515,1800.0,297.7531,0.0016,True,299.0,90.0,6,False,-0.024,1.2469,0.2006,1.2039,0.4026,0.0
8000,8750,-20,151,0.0,arada,1.2469,1.0,10.0,0.0,3,297.7515,1775.0,297.804,0.0525,True,299.0,122.0,8,False,-0.0344,1.196,0.1931,1.1586,0.3875,0.0
8000,8750,-20,151,0.0,arada,1.2469,1.0,10.0,0.0,4,297.7515,1825.0,297.8472,0.0957,True,299.0,106.0,7,False,-0.028,1.1528,0.1862,1.1172,0.3737,0.0
8000,8750,-20,156,0.217,arada,0.6667,1.0,10.0,0.0,0,312.3333,1825.0,312.3333,0.0,True,313.0,106.0,7,False,-0.0134,0.6667,0.1049,0.6292,0.201,0.0
8000,8750,-20,156,0.217,arada,0.6667,1.0,10.0,0.0,1,312.3333,1850.0,312.4074,0.0741,True,313.0,74.0,5,False,-0.0094,0.5926,0.0961,0.5763,0.1841,0.0
8000,8750,-20,156,0.217,arada,0.6667,1.0,10.0,0.0,2,312.3333,1825.0,312.3333,0.0,True,313.0,106.0,7,False,-0.0134,0.6667,0.1049,0.6292,0.201,0.0
8000,8750,-20,156,0.217,arada,0.6667,1.0,10.0,0.0,3,312.3333,1875.0,312.6296,0.2963,True,313.0,74.0,5,False,-0.0071,0.3704,0.0613,0.3679,0.1176,0.0
8000,8750,-20,156,0.217,arada,0.6667,1.0,10.0,0.0,4,312.3333,1825.0,312.3333,0.0,True,313.0,106.0,7,False,-0.0134,0.6667,0.1049,0.6292,0.201,0.0
8000,8750,-20,161,0.435,arada,0.4091,1.0,10.0,0.0,0,327.1349,1875.0,327.25,0.1151,True,327.5455,74.0,5,False,-0.0054,0.2955,0.0486,0.2914,0.089,0.0
8000,8750,-20,161,0.435,arada,0.4091,1.0,10.0,0.0,1,327.1349,1800.0,327.4545,0.3196,True,327.5455,90.0,6,False,0.0009,0.0909,0.0119,0.0712,0.0217,35.809
8000,8750,-20,161,0.435,arada,0.4091,1.0,10.0,0.0,2,327.1349,1875.0,327.25,0.1151,True,327.5455,90.0,6,False,-0.005,0.2955,0.0469,0.2814,0.0859,0.0
8000,8750,-20,161,0.435,arada,0.4091,1.0,10.0,0.0,3,327.1349,1837.5,327.1477,0.0128,True,327.5455,90.0,6,False,-0.0066,0.3977,0.0629,0.3777,0.1153,0.0
8000,8750,-20,161,0.435,arada,0.4091,1.0,10.0,0.0,4,327.1349,1887.5,327.375,0.2401,True,327.5455,58.0,4,False,-0.0037,0.1705,0.0295,0.1768,0.054,0.0
8000,8750,-20,166,0.652,arada,0.4848,1.0,10.0,0.0,0,341.6035,1850.0,341.6061,0.0026,True,342.0909,74.0,5,False,-0.0049,0.4848,0.0757,0.4541,0.1327,0.0
8000,8750,-20,166,0.652,arada,0.4848,1.0,10.0,0.0,1,341.6035,1837.5,341.66,0.0565,True,342.0909,90.0,6,False,-0.0063,0.4309,0.0673,0.4036,0.118,0.0
8000,8750,-20,166,0.652,arada,0.4848,1.0,10.0,0.0,2,341.6035,1875.0,341.7083,0.1048,True,342.0909,90.0,6,False,-0.005,0.3826,0.0593,0.3555,0.1039,0.0
8000,8750,-20,166,0.652,arada,0.4848,1.0,10.0,0.0,3,341.6035,1812.5,341.9782,0.3747,True,342.0909,122.0,8,False,0.0036,0.1127,0.0112,0.0675,0.0197,114.2195
8000,8750,-20,166,0.652,arada,0.4848,1.0,10.0,0.0,4,341.6035,1900.0,342.0909,0.4874,True,342.0909,42.0,3,False,-0.003,0.0,0.0032,0.019,0.0055,0.0
8000,8750,-20,171,0.87,1900,0.0,1.0,10.0,0.0,0,362.3333,1887.5,362.5892,0.2559,True,362.3333,58.0,4,False,0.0088,-0.2559,-0.0475,-0.2847,-0.0786,inf
8000,8750,-20,171,0.87,1900,0.0,1.0,10.0,0.0,1,362.3333,1900.0,362.3333,0.0,True,362.3333,42.0,3,False,0.0065,0.0,-0.0066,-0.0398,-0.011,inf
8000,8750,-20,171,0.87,1900,0.0,1.0,10.0,0.0,2,362.3333,1887.5,362.5892,0.2559,True,362.3333,58.0,4,False,0.0088,-0.2559,-0.0475,-0.2847,-0.0786,inf
8000,8750,-20,171,0.87,1900,0.0,1.0,10.0,0.0,3,362.3333,1887.5,362.5892,0.2559,True,362.3333,58.0,4,False,0.0088,-0.2559,-0.0475,-0.2847,-0.0786,inf
8000,8750,-20,171,0.87,1900,0.0,1.0,10.0,0.0,4,362.3333,1887.5,362.5892,0.2559,True,362.3333,58.0,4,False,0.0088,-0.2559,-0.0475,-0.2847,-0.0786,inf
8000,8750,-20,174,1.0,1900,0.0,1.0,10.0,0.0,0,375.3333,1900.0,375.3333,0.0,True,375.3333,42.0,3,False,0.0099,0.0,-0.0101,-0.0608,-0.0162,inf
8000,8750,-20,174,1.0,1900,0.0,1.0,10.0,0.0,1,375.3333,1900.0,375.3333,0.0,True,375.3333,42.0,3,False,0.0099,0.0,-0.0101,-0.0608,-0.0162,inf
8000,8750,-20,174,1.0,1900,0.0,1.0,10.0,0.0,2,375.3333,1900.0,375.3333,0.0,True,375.3333,42.0,3,False,0.0099,0.0,-0.0101,-0.0608,-0.0162,inf
8000,8750,-20,174,1.0,1900,0.0,1.0,10.0,0.0,3,375.3333,1900.0,375.3333,0.0,True,375.3333,42.0,3,False,0.0099,0.0,-0.0101,-0.0608,-0.0162,inf
8000,8750,-20,174,1.0,1900,0.0,1.0,10.0,0.0,4,375.3333,1900.0,375.3333,0.0,True,375.3333,42.0,3,False,0.0099,0.0,-0.0101,-0.0608,-0.0162,inf
8000,8750,-10,153,0.0,arada,1.2952,1.0,10.0,0.0,0,301.7008,1800.0,301.7048,0.004,True,303.0,90.0,6,False,-0.0245,1.2952,0.2079,1.2476,0.4118,0.0
8000,8750,-10,153,0.0,arada,1.2952,1.0,10.0,0.0,1,301.7008,1825.0,301.7571,0.0563,True,303.0,106.0,7,False,-0.0286,1.2429,0.1991,1.1948,0.3943,0.0
8000,8750,-10,153,0.0,arada,1.2952,1.0,10.0,0.0,2,301.7008,1787.5,301.7464,0.0456,True,303.0,106.0,7,False,-0.0297,1.2536,0.2017,1.21,0.3994,0.0
8000,8750,-10,153,0.0,arada,1.2952,1.0,10.0,0.0,3,301.7008,1750.0,302.1429,0.4421,True,303.0,106.0,7,False,-0.0204,0.8571,0.1379,0.8272,0.273,0.0
8000,8750,-10,153,0.0,arada,1.2952,1.0,10.0,0.0,4,301.7008,1750.0,302.1429,0.4421,True,303.0,106.0,7,False,-0.0204,0.8571,0.1379,0.8272,0.273,0.0
8000,8750,-10,158,0.217,arada,0.9125,1.0,10.0,0.0,0,314.0875,1800.0,314.1889,0.1014,True,315.0,90.0,6,False,-0.0139,0.8111,0.1288,0.7727,0.2453,0.0
8000,8750,-10,158,0.217,arada,0.9125,1.0,10.0,0.0,1,314.0875,1800.0,314.1889,0.1014,True,315.0,90.0,6,False,-0.0139,0.8111,0.1288,0.7727,0.2453,0.0
8000,8750,-10,158,0.217,arada,0.9125,1.0,10.0,0.0,2,314.0875,1837.5,314.1128,0.0253,True,315.0,90.0,6,False,-0.017,0.8872,0.1427,0.856,0.2717,0.0
8000,8750,-10,158,0.217,arada,0.9125,1.0,10.0,0.0,3,314.0875,1825.0,314.0875,-0.0,True,315.0,106.0,7,False,-0.0209,0.9125,0.1461,0.8768,0.2783,0.0
8000,8750,-10,158,0.217,arada,0.9125,1.0,10.0,0.0,4,314.0875,1825.0,314.0875,-0.0,True,315.0,106.0,7,False,-0.0183,0.9125,0.1435,0.8612,0.2734,0.0
8000,8750,-10,163,0.435,arada,0.4444,1.0,10.0,0.0,0,329.5536,1850.0,329.5556,0.002,True,330.0,74.0,5,False,-0.0056,0.4444,0.0705,0.4231,0.1282,0.0
8000,8750,-10,163,0.435,arada,0.4444,1.0,10.0,0.0,1,329.5536,1837.5,329.566,0.0124,True,330.0,90.0,6,False,-0.0073,0.434,0.0687,0.4124,0.125,0.0
8000,8750,-10,163,0.435,arada,0.4444,1.0,10.0,0.0,2,329.5536,1825.0,329.625,0.0714,True,330.0,106.0,7,False,-0.0027,0.375,0.0541,0.3247,0.0984,0.0
8000,8750,-10,163,0.435,arada,0.4444,1.0,10.0,0.0,3,329.5536,1875.0,329.6806,0.127,True,330.0,74.0,5,False,-0.0058,0.3194,0.0525,0.3151,0.0955,0.0
8000,8750,-10,163,0.435,arada,0.4444,1.0,10.0,0.0,4,329.5536,1850.0,329.5556,0.002,True,330.0,74.0,5,False,-0.0056,0.4444,0.0705,0.4231,0.1282,0.0
8000,8750,-10,168,0.652,arada,0.4444,1.0,10.0,0.0,0,344.55,1800.0,345.2222,0.6722,False,345.0,90.0,6,False,0.009,-0.2222,-0.0407,-0.2439,-0.0707,inf
8000,8750,-10,168,0.652,arada,0.4444,1.0,10.0,0.0,1,344.55,1875.0,344.6389,0.0889,True,345.0,90.0,6,False,-0.0043,0.3611,0.0555,0.333,0.0965,0.0
8000,8750,-10,168,0.652,arada,0.4444,1.0,10.0,0.0,2,344.55,1850.0,344.5556,0.0056,True,345.0,74.0,5,False,-0.0041,0.4444,0.069,0.4139,0.12,0.0
8000,8750,-10,168,0.652,arada,0.4444,1.0,10.0,0.0,3,344.55,1875.0,344.6389,0.0889,True,345.0,90.0,6,False,-0.0043,0.3611,0.0555,0.333,0.0965,0.0
8000,8750,-10,168,0.652,arada,0.4444,1.0,10.0,0.0,4,344.55,1862.5,344.5625,0.0125,True,345.0,106.0,7,False,-0.0063,0.4375,0.0663,0.3979,0.1153,0.0
8000,8750,-10,173,0.87,1900,0.0,1.0,10.0,0.0,0,364.8889,1900.0,364.8889,-0.0,True,364.8889,42.0,3,False,0.0057,0.0,-0.0058,-0.0346,-0.0095,inf
8000,8750,-10,173,0.87,1900,0.0,1.0,10.0,0.0,1,364.8889,1887.5,365.0989,0.21,True,364.8889,58.0,4,False,0.0076,-0.2101,-0.0393,-0.236,-0.0647,inf
8000,8750,-10,173,0.87,1900,0.0,1.0,10.0,0.0,2,364.8889,1887.5,365.0989,0.21,True,364.8889,58.0,4,False,0.0076,-0.2101,-0.0393,-0.236,-0.0647,inf
8000,8750,-10,173,0.87,1900,0.0,1.0,10.0,0.0,3,364.8889,1900.0,364.8889,-0.0,True,364.8889,42.0,3,False,0.0057,0.0,-0.0058,-0.0346,-0.0095,inf
8000,8750,-10,173,0.87,1900,0.0,1.0,10.0,0.0,4,364.8889,1900.0,364.8889,-0.0,True,364.8889,42.0,3,False,0.0057,0.0,-0.0058,-0.0346,-0.0095,inf
8000,8750,-10,176,1.0,1900,0.0,1.0,10.0,0.0,0,377.5556,1900.0,377.5556,-0.0,True,377.5556,42.0,3,False,0.0087,0.0,-0.0089,-0.0535,-0.0142,inf
8000,8750,-10,176,1.0,1900,0.0,1.0,10.0,0.0,1,377.5556,1900.0,377.5556,-0.0,True,377.5556,42.0,3,False,0.0087,0.0,-0.0089,-0.0535,-0.0142,inf
8000,8750,-10,176,1.0,1900,0.0,1.0,10.0,0.0,2,377.5556,1900.0,377.5556,-0.0,True,377.5556,42.0,3,False,0.0087,0.0,-0.0089,-0.0535,-0.0142,inf
8000,8750,-10,176,1.0,1900,0.0,1.0,10.0,0.0,3,377.5556,1900.0,377.5556,-0.0,True,377.5556,42.0,3,False,0.0087,0.0,-0.0089,-0.0535,-0.0142,inf
8000,8750,-10,176,1.0,1900,0.0,1.0,10.0,0.0,4,377.5556,1900.0,377.5556,-0.0,True,377.5556,42.0,3,False,0.0087,0.0,-0.0089,-0.0535,-0.0142,inf
8000,8750,0,156,0.0,arada,0.006,1.0,10.0,0.0,0,306.9931,1875.0,307.0139,0.0208,True,307.0,90.0,6,False,0.0039,-0.0139,-0.0059,-0.0353,-0.0115,inf
8000,8750,0,156,0.0,arada,0.006,1.0,10.0,0.0,1,306.9931,1850.0,307.1313,0.1382,True,307.0,74.0,5,False,0.0045,-0.1313,-0.0238,-0.1427,-0.0465,inf
8000,8750,0,156,0.0,arada,0.006,1.0,10.0,0.0,2,306.9931,1875.0,307.0139,0.0208,True,307.0,90.0,6,False,0.0039,-0.0139,-0.0059,-0.0353,-0.0115,inf
8000,8750,0,156,0.0,arada,0.006,1.0,10.0,0.0,3,306.9931,1850.0,307.1313,0.1382,True,307.0,74.0,5,False,0.0045,-0.1313,-0.0238,-0.1427,-0.0465,inf
8000,8750,0,156,0.0,arada,0.006,1.0,10.0,0.0,4,306.9931,1900.0,307.0,0.0069,True,307.0,42.0,3,False,0.0006,0.0,-0.0006,-0.0033,-0.0011,inf
8000,8750,0,161,0.238,arada,0.5734,1.0,10.0,0.0,0,321.4255,1875.0,321.6204,0.1949,True,322.0,90.0,6,False,-0.0075,0.3796,0.0614,0.3681,0.1143,0.0
8000,8750,0,161,0.238,arada,0.5734,1.0,10.0,0.0,1,321.4255,1862.5,321.5057,0.0802,True,322.0,106.0,7,False,-0.01,0.4943,0.0778,0.4669,0.145,0.0
8000,8750,0,161,0.238,arada,0.5734,1.0,10.0,0.0,2,321.4255,1850.0,321.4411,0.0156,True,322.0,74.0,5,False,-0.0078,0.5589,0.0895,0.5369,0.1667,0.0
8000,8750,0,161,0.238,arada,0.5734,1.0,10.0,0.0,3,321.4255,1850.0,321.4411,0.0156,True,322.0,74.0,5,False,-0.0078,0.5589,0.0895,0.5369,0.1667,0.0
8000,8750,0,161,0.238,arada,0.5734,1.0,10.0,0.0,4,321.4255,1850.0,321.4411,0.0156,True,322.0,74.0,5,False,-0.0078,0.5589,0.0895,0.5369,0.1667,0.0
8000,8750,0,166,0.476,arada,1.0269,1.0,10.0,0.0,0,336.0599,1850.0,336.1246,0.0647,True,337.0909,74.0,5,False,-0.0145,0.9663,0.1558,0.9346,0.2772,0.0
8000,8750,0,166,0.476,arada,1.0269,1.0,10.0,0.0,1,336.0599,1825.0,336.0758,0.0159,True,337.0909,106.0,7,False,-0.0176,1.0152,0.1569,0.9412,0.2792,0.0
8000,8750,0,166,0.476,arada,1.0269,1.0,10.0,0.0,2,336.0599,1837.5,336.064,0.0041,True,337.0909,138.0,9,False,-0.0253,1.0269,0.1571,0.9425,0.2796,0.0
8000,8750,0,166,0.476,arada,1.0269,1.0,10.0,0.0,3,336.0599,1837.5,336.064,0.0041,True,337.0909,90.0,6,False,-0.0191,1.0269,0.1645,0.9872,0.2929,0.0
8000,8750,0,166,0.476,arada,1.0269,1.0,10.0,0.0,4,336.0599,1825.0,336.0758,0.0159,True,337.0909,106.0,7,False,-0.0176,1.0152,0.1569,0.9412,0.2792,0.0
8000,8750,0,171,0.714,arada,0.0003,1.0,10.0,0.0,0,352.5388,1887.5,352.5451,0.0063,True,352.5455,58.0,4,False,0.0016,0.0003,-0.0016,-0.0094,-0.0027,18160.2394
8000,8750,0,171,0.714,arada,0.0003,1.0,10.0,0.0,1,352.5388,1900.0,352.5455,0.0067,True,352.5455,42.0,3,False,0.0014,0.0,-0.0014,-0.0083,-0.0024,inf
8000,8750,0,171,0.714,arada,0.0003,1.0,10.0,0.0,2,352.5388,1875.0,352.5972,0.0584,True,352.5455,74.0,5,False,0.0022,-0.0518,-0.0099,-0.0591,-0.0168,inf
8000,8750,0,171,0.714,arada,0.0003,1.0,10.0,0.0,3,352.5388,1900.0,352.5455,0.0067,True,352.5455,42.0,3,False,0.0014,0.0,-0.0014,-0.0083,-0.0024,inf
8000,8750,0,171,0.714,arada,0.0003,1.0,10.0,0.0,4,352.5388,1887.5,352.5451,0.0063,True,352.5455,58.0,4,False,0.0016,0.0003,-0.0016,-0.0094,-0.0027,18160.2394
8000,8750,0,176,0.952,1900,0.0,1.0,10.0,0.0,0,368.0,1887.5,368.4994,0.4994,True,368.0,58.0,4,False,0.0162,-0.4994,-0.0917,-0.5503,-0.1495,inf
8000,8750,0,176,0.952,1900,0.0,1.0,10.0,0.0,1,368.0,1900.0,368.0,-0.0,True,368.0,42.0,3,False,0.0119,0.0,-0.0122,-0.0731,-0.0199,inf
8000,8750,0,176,0.952,1900,0.0,1.0,10.0,0.0,2,368.0,1900.0,368.0,-0.0,True,368.0,42.0,3,False,0.0119,0.0,-0.0122,-0.0731,-0.0199,inf
8000,8750,0,176,0.952,1900,0.0,1.0,10.0,0.0,3,368.0,1900.0,368.0,-0.0,True,368.0,42.0,3,False,0.0119,0.0,-0.0122,-0.0731,-0.0199,inf
8000,8750,0,176,0.952,1900,0.0,1.0,10.0,0.0,4,368.0,1900.0,368.0,-0.0,True,368.0,42.0,3,False,0.0119,0.0,-0.0122,-0.0731,-0.0199,inf
8000,8750,0,177,1.0,1900,0.0,1.0,10.0,0.0,0,372.8333,1900.0,372.8333,0.0,True,372.8333,42.0,3,False,0.0119,0.0,-0.0122,-0.0731,-0.0196,inf
8000,8750,0,177,1.0,1900,0.0,1.0,10.0,0.0,1,372.8333,1900.0,372.8333,0.0,True,372.8333,42.0,3,False,0.0119,0.0,-0.0122,-0.0731,-0.0196,inf
8000,8750,0,177,1.0,1900,0.0,1.0,10.0,0.0,2,372.8333,1900.0,372.8333,0.0,True,372.8333,42.0,3,False,0.0119,0.0,-0.0122,-0.0731,-0.0196,inf
8000,8750,0,177,1.0,1900,0.0,1.0,10.0,0.0,3,372.8333,1900.0,372.8333,0.0,True,372.8333,42.0,3,False,0.0119,0.0,-0.0122,-0.0731,-0.0196,inf
8000,8750,0,177,1.0,1900,0.0,1.0,10.0,0.0,4,372.8333,1900.0,372.8333,0.0,True,372.8333,42.0,3,False,0.0119,0.0,-0.0122,-0.0731,-0.0196,inf
8000,8750,10,158,0.0,1900,0.0,1.0,10.0,0.0,0,311.0,1900.0,311.0,-0.0,True,311.0,42.0,3,False,0.0029,0.0,-0.003,-0.0178,-0.0057,inf
8000,8750,10,158,0.0,1900,0.0,1.0,10.0,0.0,1,311.0,1900.0,311.0,-0.0,True,311.0,42.0,3,False,0.0029,0.0,-0.003,-0.0178,-0.0057,inf
8000,8750,10,158,0.0,1900,0.0,1.0,10.0,0.0,2,311.0,1900.0,311.0,-0.0,True,311.0,42.0,3,False,0.0029,0.0,-0.003,-0.0178,-0.0057,inf
8000,8750,10,158,0.0,1900,0.0,1.0,10.0,0.0,3,311.0,1900.0,311.0,-0.0,True,311.0,42.0,3,False,0.0029,0.0,-0.003,-0.0178,-0.0057,inf
8000,8750,10,158,0.0,1900,0.0,1.0,10.0,0.0,4,311.0,1887.5,311.1071,0.1071,True,311.0,58.0,4,False,0.0039,-0.1071,-0.0201,-0.1205,-0.0387,inf
8000,8750,10,163,0.385,1900,0.0,1.0,10.0,0.0,0,324.8889,1900.0,324.8889,-0.0,True,324.8889,42.0,3,False,0.0045,0.0,-0.0046,-0.0279,-0.0086,inf
8000,8750,10,163,0.385,1900,0.0,1.0,10.0,0.0,1,324.8889,1900.0,324.8889,-0.0,True,324.8889,42.0,3,False,0.0045,0.0,-0.0046,-0.0279,-0.0086,inf
8000,8750,10,163,0.385,1900,0.0,1.0,10.0,0.0,2,324.8889,1900.0,324.8889,-0.0,True,324.8889,42.0,3,False,0.0045,0.0,-0.0046,-0.0279,-0.0086,inf
8000,8750,10,163,0.385,1900,0.0,1.0,10.0,0.0,3,324.8889,1900.0,324.8889,-0.0,True,324.8889,42.0,3,False,0.0045,0.0,-0.0046,-0.0279,-0.0086,inf
8000,8750,10,163,0.385,1900,0.0,1.0,10.0,0.0,4,324.8889,1887.5,325.0775,0.1886,True,324.8889,58.0,4,False,0.0062,-0.1887,-0.0347,-0.2082,-0.0641,inf
8000,8750,10,168,0.769,1900,0.0,1.0,10.0,0.0,0,339.1111,1887.5,339.3434,0.2323,True,339.1111,58.0,4,False,0.0078,-0.2323,-0.0429,-0.2577,-0.076,inf
8000,8750,10,168,0.769,1900,0.0,1.0,10.0,0.0,1,339.1111,1900.0,339.1111,0.0,True,339.1111,42.0,3,False,0.0058,0.0,-0.0059,-0.0355,-0.0105,inf
8000,8750,10,168,0.769,1900,0.0,1.0,10.0,0.0,2,339.1111,1900.0,339.1111,0.0,True,339.1111,42.0,3,False,0.0058,0.0,-0.0059,-0.0355,-0.0105,inf
8000,8750,10,168,0.769,1900,0.0,1.0,10.0,0.0,3,339.1111,1900.0,339.1111,0.0,True,339.1111,42.0,3,False,0.0058,0.0,-0.0059,-0.0355,-0.0105,inf
8000,8750,10,168,0.769,1900,0.0,1.0,10.0,0.0,4,339.1111,1887.5,339.3434,0.2323,True,339.1111,58.0,4,False,0.0078,-0.2323,-0.0429,-0.2577,-0.076,inf
8000,8750,10,171,1.0,1900,0.0,1.0,10.0,0.0,0,348.4444,1887.5,348.7177,0.2733,True,348.4444,58.0,4,False,0.0092,-0.2732,-0.0505,-0.303,-0.087,inf
8000,8750,10,171,1.0,1900,0.0,1.0,10.0,0.0,1,348.4444,1900.0,348.4444,0.0,True,348.4444,42.0,3,False,0.0068,0.0,-0.0069,-0.0416,-0.012,inf
8000,8750,10,171,1.0,1900,0.0,1.0,10.0,0.0,2,348.4444,1900.0,348.4444,0.0,True,348.4444,42.0,3,False,0.0068,0.0,-0.0069,-0.0416,-0.012,inf
8000,8750,10,171,1.0,1900,0.0,1.0,10.0,0.0,3,348.4444,1900.0,348.4444,0.0,True,348.4444,42.0,3,False,0.0068,0.0,-0.0069,-0.0416,-0.012,inf
8000,8750,10,171,1.0,1900,0.0,1.0,10.0,0.0,4,348.4444,1900.0,348.4444,0.0,True,348.4444,42.0,3,False,0.0068,0.0,-0.0069,-0.0416,-0.012,inf
8000,8750,20,161,0.0,1900,0.0,1.0,10.0,0.0,0,316.0,1900.0,316.0,-0.0,True,316.0,42.0,3,False,0.0061,0.0,-0.0062,-0.0373,-0.0118,inf
8000,8750,20,161,0.0,1900,0.0,1.0,10.0,0.0,1,316.0,1900.0,316.0,-0.0,True,316.0,42.0,3,False,0.0061,0.0,-0.0062,-0.0373,-0.0118,inf
8000,8750,20,161,0.0,1900,0.0,1.0,10.0,0.0,2,316.0,1900.0,316.0,-0.0,True,316.0,42.0,3,False,0.0061,0.0,-0.0062,-0.0373,-0.0118,inf
8000,8750,20,161,0.0,1900,0.0,1.0,10.0,0.0,3,316.0,1887.5,316.2509,0.2509,True,316.0,58.0,4,False,0.0083,-0.2509,-0.0462,-0.2772,-0.0877,inf
8000,8750,20,161,0.0,1900,0.0,1.0,10.0,0.0,4,316.0,1900.0,316.0,-0.0,True,316.0,42.0,3,False,0.0061,0.0,-0.0062,-0.0373,-0.0118,inf
8000,8750,20,164,1.0,1900,0.0,1.0,10.0,0.0,0,324.25,1887.5,324.5314,0.2814,True,324.25,58.0,4,False,0.0092,-0.2814,-0.0518,-0.3106,-0.0958,inf
8000,8750,20,164,1.0,1900,0.0,1.0,10.0,0.0,1,324.25,1900.0,324.25,-0.0,True,324.25,42.0,3,False,0.0068,0.0,-0.0069,-0.0416,-0.0128,inf
8000,8750,20,164,1.0,1900,0.0,1.0,10.0,0.0,2,324.25,1887.5,324.5314,0.2814,True,324.25,58.0,4,False,0.0092,-0.2814,-0.0518,-0.3106,-0.0958,inf
8000,8750,20,164,1.0,1900,0.0,1.0,10.0,0.0,3,324.25,1900.0,324.25,-0.0,True,324.25,42.0,3,False,0.0068,0.0,-0.0069,-0.0416,-0.0128,inf
8000,8750,20,164,1.0,1900,0.0,1.0,10.0,0.0,4,324.25,1887.5,324.5314,0.2814,True,324.25,58.0,4,False,0.0092,-0.2814,-0.0518,-0.3106,-0.0958,inf
10000,8750,-54,146,0.0,arada,0.4545,1.0,10.0,0.0,0,280.5455,1900.0,281.0,0.4545,True,281.0,42.0,3,False,-0.0014,0.0,0.0014,0.0087,0.0031,0.0
10000,8750,-54,146,0.0,arada,0.4545,1.0,10.0,0.0,1,280.5455,1900.0,281.0,0.4545,True,281.0,42.0,3,False,-0.0014,0.0,0.0014,0.0087,0.0031,0.0
10000,8750,-54,146,0.0,arada,0.4545,1.0,10.0,0.0,2,280.5455,1900.0,281.0,0.4545,True,281.0,42.0,3,False,-0.0014,0.0,0.0014,0.0087,0.0031,0.0
10000,8750,-54,146,0.0,arada,0.4545,1.0,10.0,0.0,3,280.5455,1900.0,281.0,0.4545,True,281.0,42.0,3,False,-0.0014,0.0,0.0014,0.0087,0.0031,0.0
10000,8750,-54,146,0.0,arada,0.4545,1.0,10.0,0.0,4,280.5455,1837.5,280.7001,0.1546,True,281.0,90.0,6,False,-0.0062,0.2999,0.0487,0.2922,0.104,0.0
10000,8750,-54,151,0.208,arada,1.156,1.0,10.0,0.0,0,293.4152,1825.0,293.482,0.0668,True,294.5714,106.0,7,False,-0.026,1.0895,0.1755,1.0529,0.3574,0.0
10000,8750,-54,151,0.208,arada,1.156,1.0,10.0,0.0,1,293.4152,1825.0,293.482,0.0668,True,294.5714,106.0,7,False,-0.026,1.0895,0.1755,1.0529,0.3574,0.0
10000,8750,-54,151,0.208,arada,1.156,1.0,10.0,0.0,2,293.4152,1750.0,293.7273,0.3121,True,294.5714,106.0,7,False,-0.0199,0.8442,0.1357,0.8139,0.2763,0.0
10000,8750,-54,151,0.208,arada,1.156,1.0,10.0,0.0,3,293.4152,1787.5,293.4378,0.0226,True,294.5714,106.0,7,False,-0.0268,1.1337,0.1824,1.0943,0.3715,0.0
10000,8750,-54,151,0.208,arada,1.156,1.0,10.0,0.0,4,293.4152,1850.0,293.6968,0.2816,True,294.5714,74.0,5,False,-0.0152,0.8746,0.1431,0.8584,0.2914,0.0
10000,8750,-54,156,0.417,arada,1.9333,1.0,10.0,0.0,0,309.4609,1800.0,309.4667,0.0058,True,311.4,90.0,6,False,-0.0374,1.9333,0.3112,1.8674,0.5997,0.0
10000,8750,-54,156,0.417,arada,1.9333,1.0,10.0,0.0,1,309.4609,1800.0,309.4667,0.0058,True,311.4,90.0,6,False,-0.0374,1.9333,0.3112,1.8674,0.5997,0.0
10000,8750,-54,156,0.417,arada,1.9333,1.0,10.0,0.0,2,309.4609,1787.5,309.4687,0.0078,True,311.4,106.0,7,False,-0.0457,1.9312,0.3107,1.8642,0.5986,0.0
10000,8750,-54,156,0.417,arada,1.9333,1.0,10.0,0.0,3,309.4609,1750.0,309.8,0.3391,True,311.4,106.0,7,False,-0.0374,1.6,0.2569,1.5412,0.4949,0.0
10000,8750,-54,156,0.417,arada,1.9333,1.0,10.0,0.0,4,309.4609,1825.0,309.625,0.1641,True,311.4,106.0,7,False,-0.0434,1.775,0.287,1.722,0.553,0.0
10000,8750,-54,161,0.625,arada,3.1417,1.0,10.0,0.0,0,327.249,1787.5,327.2617,0.0127,True,330.4,106.0,7,False,-0.0743,3.1383,0.5049,3.0293,0.9169,0.0
10000,8750,-54,161,0.625,arada,3.1417,1.0,10.0,0.0,1,327.249,1825.0,327.5156,0.2666,True,330.4,106.0,7,False,-0.0705,2.8844,0.4664,2.7983,0.8469,0.0
10000,8750,-54,161,0.625,arada,3.1417,1.0,10.0,0.0,2,327.249,1800.0,327.2583,0.0093,True,330.4,90.0,6,False,-0.0607,3.1417,0.5058,3.0346,0.9185,0.0
10000,8750,-54,161,0.625,arada,3.1417,1.0,10.0,0.0,3,327.249,1825.0,327.5156,0.2666,True,330.4,106.0,7,False,-0.0705,2.8844,0.4664,2.7983,0.8469,0.0
10000,8750,-54,161,0.625,arada,3.1417,1.0,10.0,0.0,4,327.249,1825.0,327.5156,0.2666,True,330.4,106.0,7,False,-0.0705,2.8844,0.4664,2.7983,0.8469,0.0
10000,8750,-54,166,0.833,arada,2.0145,1.0,10.0,0.0,0,347.6835,1800.0,347.7481,0.0646,True,349.7,90.0,6,False,-0.0357,1.9519,0.3121,1.8726,0.5355,0.0
10000,8750,-54,166,0.833,arada,2.0145,1.0,10.0,0.0,1,347.6835,1800.0,347.7481,0.0646,True,349.7,90.0,6,False,-0.0357,1.9519,0.3121,1.8726,0.5355,0.0
10000,8750,-54,166,0.833,arada,2.0145,1.0,10.0,0.0,2,347.6835,1850.0,348.0231,0.3396,True,349.7,74.0,5,False,-0.028,1.6769,0.2731,1.6384,0.4685,0.0
10000,8750,-54,166,0.833,arada,2.0145,1.0,10.0,0.0,3,347.6835,1825.0,347.7104,0.0269,True,349.7,106.0,7,False,-0.044,1.9896,0.317,1.9019,0.5439,0.0
10000,8750,-54,166,0.833,arada,2.0145,1.0,10.0,0.0,4,347.6835,1825.0,347.7104,0.0269,True,349.7,106.0,7,False,-0.044,1.9896,0.317,1.9019,0.5439,0.0
10000,8750,-54,170,1.0,arada,0.4806,1.0,10.0,0.0,0,364.8147,1875.0,364.9132,0.0985,True,365.3,90.0,6,False,-0.0048,0.3868,0.0596,0.3576,0.0979,0.0
10000,8750,-54,170,1.0,arada,0.4806,1.0,10.0,0.0,1,364.8147,1900.0,365.3,0.4853,True,365.3,42.0,3,False,-0.003,0.0,0.0032,0.0189,0.0052,0.0
10000,8750,-54,170,1.0,arada,0.4806,1.0,10.0,0.0,2,364.8147,1900.0,365.3,0.4853,True,365.3,42.0,3,False,-0.003,0.0,0.0032,0.0189,0.0052,0.0
10000,8750,-54,170,1.0,arada,0.4806,1.0,10.0,0.0,3,364.8147,1850.0,364.8194,0.0047,True,365.3,74.0,5,False,-0.0045,0.4806,0.0747,0.4484,0.1227,0.0
10000,8750,-54,170,1.0,arada,0.4806,1.0,10.0,0.0,4,364.8147,1850.0,364.8194,0.0047,True,365.3,74.0,5,False,-0.0045,0.4806,0.0747,0.4484,0.1227,0.0
10000,8750,-50,147,0.0,arada,1.6,1.0,10.0,0.0,0,280.3992,1700.0,280.6095,0.2103,True,282.0,122.0,8,False,-0.0391,1.3905,0.2237,1.3423,0.476,0.0
10000,8750,-50,147,0.0,arada,1.6,1.0,10.0,0.0,1,280.3992,1700.0,280.6095,0.2103,True,282.0,122.0,8,False,-0.0391,1.3905,0.2237,1.3423,0.476,0.0
10000,8750,-50,147,0.0,arada,1.6,1.0,10.0,0.0,2,280.3992,1800.0,280.5619,0.1627,True,282.0,90.0,6,False,-0.0288,1.4381,0.2326,1.3957,0.4949,0.0
10000,8750,-50,147,0.0,arada,1.6,1.0,10.0,0.0,3,280.3992,1750.0,280.4,0.0008,True,282.0,106.0,7,False,-0.0368,1.6,0.2564,1.5383,0.5455,0.0
10000,8750,-50,147,0.0,arada,1.6,1.0,10.0,0.0,4,280.3992,1800.0,280.5619,0.1627,True,282.0,90.0,6,False,-0.0288,1.4381,0.2326,1.3957,0.4949,0.0
10000,8750,-50,152,0.208,arada,1.3988,1.0,10.0,0.0,0,294.1684,1775.0,294.2099,0.0415,True,295.5714,122.0,8,False,-0.0389,1.3616,0.2196,1.3177,0.4458,0.0
10000,8750,-50,152,0.208,arada,1.3988,1.0,10.0,0.0,1,294.1684,1750.0,294.4,0.2316,True,295.5714,154.0,10,False,-0.0445,1.1714,0.1896,1.1373,0.3848,0.0
10000,8750,-50,152,0.208,arada,1.3988,1.0,10.0,0.0,2,294.1684,1800.0,294.1739,0.0055,True,295.5714,90.0,6,False,-0.027,1.3975,0.225,1.3501,0.4568,0.0
10000,8750,-50,152,0.208,arada,1.3988,1.0,10.0,0.0,3,294.1684,1837.5,294.409,0.2406,True,295.5714,90.0,6,False,-0.0234,1.1625,0.1882,1.129,0.382,0.0
10000,8750,-50,152,0.208,arada,1.3988,1.0,10.0,0.0,4,294.1684,1750.0,294.4,0.2316,True,295.5714,106.0,7,False,-0.0274,1.1714,0.188,1.1283,0.3817,0.0
10000,8750,-50,157,0.417,arada,1.8375,1.0,10.0,0.0,0,310.5618,1800.0,310.5778,0.016,True,312.4,90.0,6,False,-0.0354,1.8222,0.2936,1.7616,0.5639,0.0
10000,8750,-50,157,0.417,arada,1.8375,1.0,10.0,0.0,1,310.5618,1800.0,310.5778,0.016,True,312.4,90.0,6,False,-0.0354,1.8222,0.2936,1.7616,0.5639,0.0
10000,8750,-50,157,0.417,arada,1.8375,1.0,10.0,0.0,2,310.5618,1800.0,310.5778,0.016,True,312.4,138.0,9,False,-0.0543,1.8222,0.2882,1.7292,0.5535,0.0
10000,8750,-50,157,0.417,arada,1.8375,1.0,10.0,0.0,3,310.5618,1750.0,310.8,0.2382,True,312.4,106.0,7,False,-0.0373,1.6,0.2568,1.5405,0.4931,0.0
10000,8750,-50,157,0.417,arada,1.8375,1.0,10.0,0.0,4,310.5618,1787.5,310.5625,0.0007,True,312.4,106.0,7,False,-0.0435,1.8375,0.2956,1.7737,0.5678,0.0
10000,8750,-50,162,0.625,arada,3.1031,1.0,10.0,0.0,0,328.2877,1750.0,328.8,0.5123,False,331.4,106.0,7,False,-0.0608,2.6,0.4174,2.5042,0.7556,0.0
10000,8750,-50,162,0.625,arada,3.1031,1.0,10.0,0.0,1,328.2877,1800.0,328.3,0.0123,True,331.4,90.0,6,False,-0.06,3.1,0.4991,2.9949,0.9037,0.0
10000,8750,-50,162,0.625,arada,3.1031,1.0,10.0,0.0,2,328.2877,1800.0,328.3,0.0123,True,331.4,90.0,6,False,-0.06,3.1,0.4991,2.9949,0.9037,0.0
10000,8750,-50,162,0.625,arada,3.1031,1.0,10.0,0.0,3,328.2877,1825.0,328.5625,0.2748,True,331.4,106.0,7,False,-0.0695,2.8375,0.459,2.7541,0.831,0.0
10000,8750,-50,162,0.625,arada,3.1031,1.0,10.0,0.0,4,328.2877,1825.0,328.5625,0.2748,True,331.4,106.0,7,False,-0.0695,2.8375,0.459,2.7541,0.831,0.0
10000,8750,-50,167,0.833,arada,2.7037,1.0,10.0,0.0,0,348.9548,1800.0,348.963,0.0082,True,351.6667,90.0,6,False,-0.0511,2.7037,0.4341,2.6044,0.7406,0.0
10000,8750,-50,167,0.833,arada,2.7037,1.0,10.0,0.0,1,348.9548,1800.0,348.963,0.0082,True,351.6667,90.0,6,False,-0.0511,2.7037,0.4341,2.6044,0.7406,0.0
10000,8750,-50,167,0.833,arada,2.7037,1.0,10.0,0.0,2,348.9548,1800.0,348.963,0.0082,True,351.6667,90.0,6,False,-0.0511,2.7037,0.4341,2.6044,0.7406,0.0
10000,8750,-50,167,0.833,arada,2.7037,1.0,10.0,0.0,3,348.9548,1825.0,349.0729,0.1181,True,351.6667,106.0,7,False,-0.0608,2.5937,0.4167,2.5004,0.711,0.0
10000,8750,-50,167,0.833,arada,2.7037,1.0,10.0,0.0,4,348.9548,1825.0,349.0729,0.1181,True,351.6667,106.0,7,False,-0.0608,2.5937,0.4167,2.5004,0.711,0.0
10000,8750,-50,171,1.0,arada,1.691,1.0,10.0,0.0,0,366.8633,1850.0,367.0725,0.2092,True,368.5556,74.0,5,False,-0.0239,1.483,0.2407,1.444,0.3918,0.0
10000,8750,-50,171,1.0,arada,1.691,1.0,10.0,0.0,1,366.8633,1812.5,366.894,0.0307,True,368.5556,122.0,8,False,-0.0418,1.6616,0.2623,1.5739,0.4271,0.0
10000,8750,-50,171,1.0,arada,1.691,1.0,10.0,0.0,2,366.8633,1837.5,366.9241,0.0608,True,368.5556,90.0,6,False,-0.0314,1.6315,0.2625,1.5753,0.4274,0.0
10000,8750,-50,171,1.0,arada,1.691,1.0,10.0,0.0,3,366.8633,1837.5,366.9241,0.0608,True,368.5556,90.0,6,False,-0.0314,1.6315,0.2625,1.5753,0.4274,0.0
10000,8750,-50,171,1.0,arada,1.691,1.0,10.0,0.0,4,366.8633,1800.0,367.0123,0.149,True,368.5556,90.0,6,False,-0.027,1.5432,0.2455,1.4729,0.3997,0.0
10000,8750,-40,149,0.0,arada,1.2444,1.0,10.0,0.0,0,282.7552,1800.0,282.7556,0.0004,True,284.0,90.0,6,False,-0.0237,1.2444,0.2,1.1999,0.4225,0.0
10000,8750,-40,149,0.0,arada,1.2444,1.0,10.0,0.0,1,282.7552,1850.0,283.0556,0.3004,True,284.0,74.0,5,False,-0.0164,0.9444,0.1545,0.9268,0.3263,0.0
10000,8750,-40,149,0.0,arada,1.2444,1.0,10.0,0.0,2,282.7552,1775.0,282.8472,0.092,True,284.0,122.0,8,False,-0.0336,1.1528,0.1866,1.1195,0.3942,0.0
10000,8750,-40,149,0.0,arada,1.2444,1.0,10.0,0.0,3,282.7552,1800.0,282.7556,0.0004,True,284.0,90.0,6,False,-0.0237,1.2444,0.2,1.1999,0.4225,0.0
10000,8750,-40,149,0.0,arada,1.2444,1.0,10.0,0.0,4,282.7552,1850.0,283.0556,0.3004,True,284.0,74.0,5,False,-0.0164,0.9444,0.1545,0.9268,0.3263,0.0
10000,8750,-40,154,0.208,arada,1.5222,1.0,10.0,0.0,0,296.0419,1800.0,296.0492,0.0073,True,297.5714,90.0,6,False,-0.0287,1.5222,0.2443,1.4657,0.4926,0.0
10000,8750,-40,154,0.208,arada,1.5222,1.0,10.0,0.0,1,296.0419,1800.0,296.0492,0.0073,True,297.5714,90.0,6,False,-0.0287,1.5222,0.2443,1.4657,0.4926,0.0
10000,8750,-40,154,0.208,arada,1.5222,1.0,10.0,0.0,2,296.0419,1775.0,296.2153,0.1734,True,297.5714,122.0,8,False,-0.0318,1.3562,0.2118,1.2709,0.4271,0.0
10000,8750,-40,154,0.208,arada,1.5222,1.0,10.0,0.0,3,296.0419,1837.5,296.2101,0.1682,True,297.5714,90.0,6,False,-0.027,1.3614,0.2199,1.3197,0.4435,0.0
10000,8750,-40,154,0.208,arada,1.5222,1.0,10.0,0.0,4,296.0419,1837.5,296.2101,0.1682,True,297.5714,138.0,9,False,-0.0432,1.3614,0.218,1.3078,0.4395,0.0
10000,8750,-40,159,0.417,arada,0.9585,1.0,10.0,0.0,0,312.1276,1800.0,312.1758,0.0482,True,313.0909,90.0,6,False,-0.0165,0.9152,0.1461,0.8764,0.2799,0.0
10000,8750,-40,159,0.417,arada,0.9585,1.0,10.0,0.0,1,312.1276,1800.0,312.1758,0.0482,True,313.0909,90.0,6,False,-0.0165,0.9152,0.1461,0.8764,0.2799,0.0
10000,8750,-40,159,0.417,arada,0.9585,1.0,10.0,0.0,2,312.1276,1825.0,312.1341,0.0065,True,313.0909,106.0,7,False,-0.0206,0.9568,0.1519,0.9115,0.2911,0.0
10000,8750,-40,159,0.417,arada,0.9585,1.0,10.0,0.0,3,312.1276,1800.0,312.1758,0.0482,True,313.0909,90.0,6,False,-0.0165,0.9152,0.1461,0.8764,0.2799,0.0
10000,8750,-40,159,0.417,arada,0.9585,1.0,10.0,0.0,4,312.1276,1850.0,312.2727,0.1451,True,313.0909,74.0,5,False,-0.0135,0.8182,0.1331,0.7984,0.255,0.0
10000,8750,-40,164,0.625,arada,0.7449,1.0,10.0,0.0,0,329.1634,1825.0,329.2065,0.0431,True,329.9091,106.0,7,False,-0.0098,0.7026,0.1062,0.637,0.1931,0.0
10000,8750,-40,164,0.625,arada,0.7449,1.0,10.0,0.0,1,329.1634,1850.0,329.1856,0.0222,True,329.9091,74.0,5,False,-0.0102,0.7235,0.1159,0.6955,0.2108,0.0
10000,8750,-40,164,0.625,arada,0.7449,1.0,10.0,0.0,2,329.1634,1850.0,329.1856,0.0222,True,329.9091,74.0,5,False,-0.0102,0.7235,0.1159,0.6955,0.2108,0.0
10000,8750,-40,164,0.625,arada,0.7449,1.0,10.0,0.0,3,329.1634,1850.0,329.1856,0.0222,True,329.9091,74.0,5,False,-0.0102,0.7235,0.1159,0.6955,0.2108,0.0
10000,8750,-40,164,0.625,arada,0.7449,1.0,10.0,0.0,4,329.1634,1850.0,329.1856,0.0222,True,329.9091,74.0,5,False,-0.0102,0.7235,0.1159,0.6955,0.2108,0.0
10000,8750,-40,169,0.833,arada,0.026,1.0,10.0,0.0,0,348.6405,1850.0,348.9167,0.2762,True,348.6667,74.0,5,False,0.0094,-0.25,-0.046,-0.276,-0.0792,inf
10000,8750,-40,169,0.833,arada,0.026,1.0,10.0,0.0,1,348.6405,1887.5,348.6406,0.0001,True,348.6667,58.0,4,False,0.001,0.026,0.0029,0.0173,0.005,141.3474
10000,8750,-40,169,0.833,arada,0.026,1.0,10.0,0.0,2,348.6405,1887.5,348.6406,0.0001,True,348.6667,58.0,4,False,0.001,0.026,0.0029,0.0173,0.005,141.3474
10000,8750,-40,169,0.833,arada,0.026,1.0,10.0,0.0,3,348.6405,1850.0,348.9167,0.2762,True,348.6667,74.0,5,False,0.0094,-0.25,-0.046,-0.276,-0.0792,inf
10000,8750,-40,169,0.833,arada,0.026,1.0,10.0,0.0,4,348.6405,1900.0,348.6667,0.0262,True,348.6667,42.0,3,False,0.001,0.0,-0.001,-0.006,-0.0017,inf
10000,8750,-40,173,1.0,1900,0.0,1.0,10.0,0.0,0,366.0,1900.0,366.0,-0.0,True,366.0,90.0,6,False,0.0166,0.0,-0.0167,-0.1002,-0.0274,inf
10000,8750,-40,173,1.0,1900,0.0,1.0,10.0,0.0,1,366.0,1887.5,366.1128,0.1128,True,366.0,58.0,4,False,0.0052,-0.1128,-0.0223,-0.1337,-0.0365,inf
10000,8750,-40,173,1.0,1900,0.0,1.0,10.0,0.0,2,366.0,1900.0,366.0,-0.0,True,366.0,42.0,3,False,0.004,0.0,-0.0041,-0.0245,-0.0067,inf
10000,8750,-40,173,1.0,1900,0.0,1.0,10.0,0.0,3,366.0,1850.0,366.8056,0.8056,False,366.0,74.0,5,False,0.0207,-0.8056,-0.1386,-0.8316,-0.2272,inf
10000,8750,-40,173,1.0,1900,0.0,1.0,10.0,0.0,4,366.0,1875.0,366.2847,0.2847,True,366.0,74.0,5,False,0.0074,-0.2847,-0.0491,-0.2945,-0.0805,inf
10000,8750,-30,151,0.0,arada,0.6514,1.0,10.0,0.0,0,286.3455,1800.0,286.3778,0.0323,True,287.0,90.0,6,False,-0.0112,0.6222,0.0993,0.5959,0.2076,0.0
10000,8750,-30,151,0.0,arada,0.6514,1.0,10.0,0.0,1,286.3455,1825.0,286.35,0.0045,True,287.0,106.0,7,False,-0.0149,0.65,0.1041,0.6247,0.2177,0.0
10000,8750,-30,151,0.0,arada,0.6514,1.0,10.0,0.0,2,286.3455,1850.0,286.4444,0.0989,True,287.0,74.0,5,False,-0.0092,0.5556,0.0904,0.5422,0.1889,0.0
10000,8750,-30,151,0.0,arada,0.6514,1.0,10.0,0.0,3,286.3455,1800.0,286.3778,0.0323,True,287.0,90.0,6,False,-0.0112,0.6222,0.0993,0.5959,0.2076,0.0
10000,8750,-30,151,0.0,arada,0.6514,1.0,10.0,0.0,4,286.3455,1850.0,286.4444,0.0989,True,287.0,122.0,8,False,-0.0154,0.5556,0.0892,0.5352,0.1865,0.0
10000,8750,-30,156,0.208,arada,0.8107,1.0,10.0,0.0,0,299.0462,1900.0,299.8571,0.8109,False,299.8571,42.0,3,False,-0.0041,0.0,0.0043,0.0255,0.0085,0.0
10000,8750,-30,156,0.208,arada,0.8107,1.0,10.0,0.0,1,299.0462,1825.0,299.0464,0.0002,True,299.8571,106.0,7,False,-0.0166,0.8107,0.1278,0.7668,0.2557,0.0
10000,8750,-30,156,0.208,arada,0.8107,1.0,10.0,0.0,2,299.0462,1800.0,299.1238,0.0776,True,299.8571,90.0,6,False,-0.0127,0.7333,0.1166,0.6995,0.2333,0.0
10000,8750,-30,156,0.208,arada,0.8107,1.0,10.0,0.0,3,299.0462,1800.0,299.1238,0.0776,True,299.8571,90.0,6,False,-0.0127,0.7333,0.1166,0.6995,0.2333,0.0
10000,8750,-30,156,0.208,arada,0.8107,1.0,10.0,0.0,4,299.0462,1800.0,299.1238,0.0776,True,299.8571,90.0,6,False,-0.0127,0.7333,0.1166,0.6995,0.2333,0.0
10000,8750,-30,161,0.417,arada,0.2626,1.0,10.0,0.0,0,314.8281,1837.5,314.8406,0.0125,True,315.0909,90.0,6,False,-0.0041,0.2503,0.0395,0.237,0.0752,0.0
10000,8750,-30,161,0.417,arada,0.2626,1.0,10.0,0.0,1,314.8281,1800.0,315.0646,0.2365,True,315.0909,90.0,6,False,0.0014,0.0263,0.0023,0.0136,0.0043,189.2796
10000,8750,-30,161,0.417,arada,0.2626,1.0,10.0,0.0,2,314.8281,1900.0,315.0909,0.2628,True,315.0909,42.0,3,False,-0.0016,0.0,0.0017,0.01,0.0032,0.0
10000,8750,-30,161,0.417,arada,0.2626,1.0,10.0,0.0,3,314.8281,1850.0,314.8283,0.0002,True,315.0909,74.0,5,False,-0.0031,0.2626,0.0415,0.2489,0.079,0.0
10000,8750,-30,161,0.417,arada,0.2626,1.0,10.0,0.0,4,314.8281,1837.5,314.8406,0.0125,True,315.0909,90.0,6,False,-0.0041,0.2503,0.0395,0.237,0.0752,0.0
10000,8750,-30,166,0.625,arada,0.2374,1.0,10.0,0.0,0,331.6495,1850.0,331.6717,0.0222,True,331.9091,74.0,5,False,-0.0009,0.2374,0.0356,0.2135,0.0643,0.0
10000,8750,-30,166,0.625,arada,0.2374,1.0,10.0,0.0,1,331.6495,1875.0,331.6819,0.0324,True,331.9091,74.0,5,False,-0.0037,0.2271,0.0369,0.2214,0.0667,0.0
10000,8750,-30,166,0.625,arada,0.2374,1.0,10.0,0.0,2,331.6495,1862.5,331.6497,0.0002,True,331.9091,106.0,7,False,-0.0024,0.2594,0.038,0.2279,0.0687,0.0
10000,8750,-30,166,0.625,arada,0.2374,1.0,10.0,0.0,3,331.6495,1850.0,331.6717,0.0222,True,331.9091,74.0,5,False,-0.0009,0.2374,0.0356,0.2135,0.0643,0.0
10000,8750,-30,166,0.625,arada,0.2374,1.0,10.0,0.0,4,331.6495,1887.5,331.7684,0.1189,True,331.9091,58.0,4,False,-0.0026,0.1407,0.0238,0.1428,0.043,0.0
10000,8750,-30,171,0.833,1900,0.0,1.0,10.0,0.0,0,350.6667,1900.0,350.6667,-0.0,True,350.6667,42.0,3,False,0.0032,0.0,-0.0033,-0.0197,-0.0056,inf
10000,8750,-30,171,0.833,1900,0.0,1.0,10.0,0.0,1,350.6667,1900.0,350.6667,-0.0,True,350.6667,42.0,3,False,0.0032,0.0,-0.0033,-0.0197,-0.0056,inf
10000,8750,-30,171,0.833,1900,0.0,1.0,10.0,0.0,2,350.6667,1887.5,350.7494,0.0827,True,350.6667,58.0,4,False,0.0041,-0.0828,-0.0167,-0.1001,-0.0285,inf
10000,8750,-30,171,0.833,1900,0.0,1.0,10.0,0.0,3,350.6667,1887.5,350.7494,0.0827,True,350.6667,58.0,4,False,0.0041,-0.0828,-0.0167,-0.1001,-0.0285,inf
10000,8750,-30,171,0.833,1900,0.0,1.0,10.0,0.0,4,350.6667,1875.0,350.8866,0.2199,True,350.6667,74.0,5,False,0.0059,-0.2199,-0.0381,-0.2286,-0.0652,inf
10000,8750,-30,175,1.0,1900,0.0,1.0,10.0,0.0,0,368.0,1900.0,368.0,-0.0,True,368.0,42.0,3,False,0.0058,0.0,-0.0059,-0.0356,-0.0097,inf
10000,8750,-30,175,1.0,1900,0.0,1.0,10.0,0.0,1,368.0,1900.0,368.0,-0.0,True,368.0,42.0,3,False,0.0058,0.0,-0.0059,-0.0356,-0.0097,inf
10000,8750,-30,175,1.0,1900,0.0,1.0,10.0,0.0,2,368.0,1887.5,368.1962,0.1962,True,368.0,58.0,4,False,0.0077,-0.1962,-0.0374,-0.2242,-0.0609,inf
10000,8750,-30,175,1.0,1900,0.0,1.0,10.0,0.0,3,368.0,1900.0,368.0,-0.0,True,368.0,42.0,3,False,0.0058,0.0,-0.0059,-0.0356,-0.0097,inf
10000,8750,-30,175,1.0,1900,0.0,1.0,10.0,0.0,4,368.0,1875.0,368.4514,0.4514,True,368.0,74.0,5,False,0.0109,-0.4514,-0.0771,-0.4623,-0.1256,inf
10000,8750,-20,153,0.0,arada,1.5679,1.0,10.0,0.0,0,288.4133,1775.0,288.6497,0.2364,True,290.0,122.0,8,False,-0.0306,1.3503,0.2098,1.2589,0.4341,0.0
10000,8750,-20,153,0.0,arada,1.5679,1.0,10.0,0.0,1,288.4133,1825.0,288.4583,0.045,True,290.0,106.0,7,False,-0.0353,1.5417,0.2468,1.481,0.5107,0.0
10000,8750,-20,153,0.0,arada,1.5679,1.0,10.0,0.0,2,288.4133,1812.5,288.4147,0.0014,True,290.0,122.0,8,False,-0.0424,1.5853,0.2529,1.5172,0.5232,0.0
10000,8750,-20,153,0.0,arada,1.5679,1.0,10.0,0.0,3,288.4133,1825.0,288.4583,0.045,True,290.0,106.0,7,False,-0.0353,1.5417,0.2468,1.481,0.5107,0.0
10000,8750,-20,153,0.0,arada,1.5679,1.0,10.0,0.0,4,288.4133,1800.0,288.4321,0.0188,True,290.0,90.0,6,False,-0.0292,1.5679,0.2513,1.5079,0.52,0.0
10000,8750,-20,158,0.208,arada,1.8765,1.0,10.0,0.0,0,300.9458,1800.0,300.9806,0.0348,True,302.8571,90.0,6,False,-0.0347,1.8765,0.3005,1.8032,0.5954,0.0
10000,8750,-20,158,0.208,arada,1.8765,1.0,10.0,0.0,1,300.9458,1825.0,300.9881,0.0423,True,302.8571,106.0,7,False,-0.0429,1.869,0.2994,1.7965,0.5932,0.0
10000,8750,-20,158,0.208,arada,1.8765,1.0,10.0,0.0,2,300.9458,1787.5,301.0923,0.1465,True,302.8571,106.0,7,False,-0.0419,1.7649,0.2839,1.7036,0.5625,0.0
10000,8750,-20,158,0.208,arada,1.8765,1.0,10.0,0.0,3,300.9458,1800.0,300.9806,0.0348,True,302.8571,90.0,6,False,-0.0347,1.8765,0.3005,1.8032,0.5954,0.0
10000,8750,-20,158,0.208,arada,1.8765,1.0,10.0,0.0,4,300.9458,1850.0,301.3034,0.3576,True,302.8571,74.0,5,False,-0.0262,1.5538,0.2533,1.5201,0.5019,0.0
10000,8750,-20,163,0.417,arada,0.3659,1.0,10.0,0.0,0,317.1775,1837.5,317.221,0.0435,True,317.5455,90.0,6,False,-0.0047,0.3244,0.0506,0.3038,0.0957,0.0
10000,8750,-20,163,0.417,arada,0.3659,1.0,10.0,0.0,1,317.1775,1900.0,317.5455,0.368,True,317.5455,90.0,6,False,-0.0031,0.0,0.0031,0.0189,0.0059,0.0
10000,8750,-20,163,0.417,arada,0.3659,1.0,10.0,0.0,2,317.1775,1900.0,317.5455,0.368,True,317.5455,42.0,3,False,-0.0023,0.0,0.0024,0.0143,0.0045,0.0
10000,8750,-20,163,0.417,arada,0.3659,1.0,10.0,0.0,3,317.1775,1850.0,317.1796,0.0021,True,317.5455,74.0,5,False,-0.0036,0.3659,0.0571,0.3425,0.1079,0.0
10000,8750,-20,163,0.417,arada,0.3659,1.0,10.0,0.0,4,317.1775,1850.0,317.1796,0.0021,True,317.5455,74.0,5,False,-0.0036,0.3659,0.0571,0.3425,0.1079,0.0
10000,8750,-20,168,0.625,1900,0.0,1.0,10.0,0.0,0,333.4545,1900.0,333.4545,0.0,True,333.4545,42.0,3,False,0.0074,0.0,-0.0075,-0.0452,-0.0136,inf
10000,8750,-20,168,0.625,1900,0.0,1.0,10.0,0.0,1,333.4545,1900.0,333.4545,0.0,True,333.4545,42.0,3,False,0.0074,0.0,-0.0075,-0.0452,-0.0136,inf
10000,8750,-20,168,0.625,1900,0.0,1.0,10.0,0.0,2,333.4545,1900.0,333.4545,0.0,True,333.4545,42.0,3,False,0.0074,0.0,-0.0075,-0.0452,-0.0136,inf
10000,8750,-20,168,0.625,1900,0.0,1.0,10.0,0.0,3,333.4545,1900.0,333.4545,0.0,True,333.4545,42.0,3,False,0.0074,0.0,-0.0075,-0.0452,-0.0136,inf
10000,8750,-20,168,0.625,1900,0.0,1.0,10.0,0.0,4,333.4545,1900.0,333.4545,0.0,True,333.4545,42.0,3,False,0.0074,0.0,-0.0075,-0.0452,-0.0136,inf
10000,8750,-20,173,0.833,1900,0.0,1.0,10.0,0.0,0,351.8889,1900.0,351.8889,-0.0,True,351.8889,42.0,3,False,0.012,0.0,-0.0123,-0.0738,-0.021,inf
10000,8750,-20,173,0.833,1900,0.0,1.0,10.0,0.0,1,351.8889,1900.0,351.8889,-0.0,True,351.8889,42.0,3,False,0.012,0.0,-0.0123,-0.0738,-0.021,inf
10000,8750,-20,173,0.833,1900,0.0,1.0,10.0,0.0,2,351.8889,1887.5,352.4113,0.5224,False,351.8889,58.0,4,False,0.0165,-0.5224,-0.0954,-0.5726,-0.1627,inf
10000,8750,-20,173,0.833,1900,0.0,1.0,10.0,0.0,3,351.8889,1900.0,351.8889,-0.0,True,351.8889,42.0,3,False,0.012,0.0,-0.0123,-0.0738,-0.021,inf
10000,8750,-20,173,0.833,1900,0.0,1.0,10.0,0.0,4,351.8889,1900.0,351.8889,-0.0,True,351.8889,42.0,3,False,0.012,0.0,-0.0123,-0.0738,-0.021,inf
10000,8750,-20,177,1.0,1900,0.0,1.0,10.0,0.0,0,369.6667,1900.0,369.6667,-0.0,True,369.6667,42.0,3,False,0.007,0.0,-0.0071,-0.0427,-0.0116,inf
10000,8750,-20,177,1.0,1900,0.0,1.0,10.0,0.0,1,369.6667,1900.0,369.6667,-0.0,True,369.6667,42.0,3,False,0.007,0.0,-0.0071,-0.0427,-0.0116,inf
10000,8750,-20,177,1.0,1900,0.0,1.0,10.0,0.0,2,369.6667,1900.0,369.6667,-0.0,True,369.6667,42.0,3,False,0.007,0.0,-0.0071,-0.0427,-0.0116,inf
10000,8750,-20,177,1.0,1900,0.0,1.0,10.0,0.0,3,369.6667,1900.0,369.6667,-0.0,True,369.6667,42.0,3,False,0.007,0.0,-0.0071,-0.0427,-0.0116,inf
10000,8750,-20,177,1.0,1900,0.0,1.0,10.0,0.0,4,369.6667,1887.5,369.9113,0.2446,True,369.6667,58.0,4,False,0.0093,-0.2446,-0.0463,-0.2776,-0.0751,inf
10000,8750,-10,155,0.0,arada,0.0417,1.0,10.0,0.0,0,293.9583,1900.0,294.0,0.0417,True,294.0,42.0,3,False,-0.0001,0.0,0.0001,0.0008,0.0003,0.0
10000,8750,-10,155,0.0,arada,0.0417,1.0,10.0,0.0,1,293.9583,1900.0,294.0,0.0417,True,294.0,42.0,3,False,-0.0001,0.0,0.0001,0.0008,0.0003,0.0
10000,8750,-10,155,0.0,arada,0.0417,1.0,10.0,0.0,2,293.9583,1837.5,294.0521,0.0938,True,294.0,90.0,6,False,0.002,-0.0521,-0.0094,-0.0566,-0.0193,inf
10000,8750,-10,155,0.0,arada,0.0417,1.0,10.0,0.0,3,293.9583,1850.0,294.0,0.0417,True,294.0,74.0,5,False,0.0015,-0.0,-0.0015,-0.0092,-0.0031,inf
10000,8750,-10,155,0.0,arada,0.0417,1.0,10.0,0.0,4,293.9583,1887.5,293.9687,0.0104,True,294.0,58.0,4,False,-0.0003,0.0312,0.005,0.0301,0.0102,0.0
10000,8750,-10,160,0.208,1900,0.0,1.0,10.0,0.0,0,307.3333,1900.0,307.3333,0.0,True,307.3333,42.0,3,False,0.0011,0.0,-0.0012,-0.007,-0.0023,inf
10000,8750,-10,160,0.208,1900,0.0,1.0,10.0,0.0,1,307.3333,1900.0,307.3333,0.0,True,307.3333,42.0,3,False,0.0011,0.0,-0.0012,-0.007,-0.0023,inf
10000,8750,-10,160,0.208,1900,0.0,1.0,10.0,0.0,2,307.3333,1850.0,307.569,0.2357,True,307.3333,74.0,5,False,0.0064,-0.2357,-0.0409,-0.2453,-0.0798,inf
10000,8750,-10,160,0.208,1900,0.0,1.0,10.0,0.0,3,307.3333,1875.0,307.4074,0.0741,True,307.3333,90.0,6,False,0.0056,-0.0741,-0.0161,-0.0967,-0.0315,inf
10000,8750,-10,160,0.208,1900,0.0,1.0,10.0,0.0,4,307.3333,1900.0,307.3333,0.0,True,307.3333,42.0,3,False,0.0011,0.0,-0.0012,-0.007,-0.0023,inf
10000,8750,-10,165,0.417,1900,0.0,1.0,10.0,0.0,0,320.6667,1900.0,320.6667,-0.0,True,320.6667,42.0,3,False,0.0016,0.0,-0.0017,-0.0099,-0.0031,inf
10000,8750,-10,165,0.417,1900,0.0,1.0,10.0,0.0,1,320.6667,1887.5,320.7034,0.0367,True,320.6667,58.0,4,False,0.0021,-0.0368,-0.0076,-0.0458,-0.0143,inf
10000,8750,-10,165,0.417,1900,0.0,1.0,10.0,0.0,2,320.6667,1887.5,320.7034,0.0367,True,320.6667,58.0,4,False,0.0021,-0.0368,-0.0076,-0.0458,-0.0143,inf
10000,8750,-10,165,0.417,1900,0.0,1.0,10.0,0.0,3,320.6667,1900.0,320.6667,-0.0,True,320.6667,90.0,6,False,0.0073,0.0,-0.0073,-0.044,-0.0137,inf
10000,8750,-10,165,0.417,1900,0.0,1.0,10.0,0.0,4,320.6667,1875.0,320.7716,0.1049,True,320.6667,90.0,6,False,0.008,-0.1049,-0.0229,-0.1374,-0.0428,inf
10000,8750,-10,170,0.625,1900,0.0,1.0,10.0,0.0,0,336.6364,1875.0,337.1324,0.496,True,336.6364,74.0,5,False,0.0113,-0.496,-0.084,-0.5038,-0.1497,inf
10000,8750,-10,170,0.625,1900,0.0,1.0,10.0,0.0,1,336.6364,1887.5,336.8678,0.2314,True,336.6364,58.0,4,False,0.008,-0.2315,-0.043,-0.2577,-0.0766,inf
10000,8750,-10,170,0.625,1900,0.0,1.0,10.0,0.0,2,336.6364,1900.0,336.6364,-0.0,True,336.6364,42.0,3,False,0.0059,0.0,-0.006,-0.0362,-0.0107,inf
10000,8750,-10,170,0.625,1900,0.0,1.0,10.0,0.0,3,336.6364,1887.5,336.8678,0.2314,True,336.6364,58.0,4,False,0.008,-0.2315,-0.043,-0.2577,-0.0766,inf
10000,8750,-10,170,0.625,1900,0.0,1.0,10.0,0.0,4,336.6364,1887.5,336.8678,0.2314,True,336.6364,58.0,4,False,0.008,-0.2315,-0.043,-0.2577,-0.0766,inf
10000,8750,-10,175,0.833,1900,0.0,1.0,10.0,0.0,0,354.3636,1900.0,354.3636,0.0,True,354.3636,42.0,3,False,0.0082,0.0,-0.0084,-0.0503,-0.0142,inf
10000,8750,-10,175,0.833,1900,0.0,1.0,10.0,0.0,1,354.3636,1900.0,354.3636,0.0,True,354.3636,42.0,3,False,0.0082,0.0,-0.0084,-0.0503,-0.0142,inf
10000,8750,-10,175,0.833,1900,0.0,1.0,10.0,0.0,2,354.3636,1900.0,354.3636,0.0,True,354.3636,42.0,3,False,0.0082,0.0,-0.0084,-0.0503,-0.0142,inf
10000,8750,-10,175,0.833,1900,0.0,1.0,10.0,0.0,3,354.3636,1887.5,354.6896,0.326,True,354.3636,58.0,4,False,0.0111,-0.3259,-0.0604,-0.3622,-0.1022,inf
10000,8750,-10,175,0.833,1900,0.0,1.0,10.0,0.0,4,354.3636,1900.0,354.3636,0.0,True,354.3636,42.0,3,False,0.0082,0.0,-0.0084,-0.0503,-0.0142,inf
10000,8750,-10,179,1.0,1900,0.0,1.0,10.0,0.0,0,369.8333,1900.0,369.8333,0.0,True,369.8333,42.0,3,False,0.0144,0.0,-0.0147,-0.0882,-0.0238,inf
10000,8750,-10,179,1.0,1900,0.0,1.0,10.0,0.0,1,369.8333,1900.0,369.8333,0.0,True,369.8333,42.0,3,False,0.0144,0.0,-0.0147,-0.0882,-0.0238,inf
10000,8750,-10,179,1.0,1900,0.0,1.0,10.0,0.0,2,369.8333,1900.0,369.8333,0.0,True,369.8333,42.0,3,False,0.0144,0.0,-0.0147,-0.0882,-0.0238,inf
10000,8750,-10,179,1.0,1900,0.0,1.0,10.0,0.0,3,369.8333,1900.0,369.8333,0.0,True,369.8333,42.0,3,False,0.0144,0.0,-0.0147,-0.0882,-0.0238,inf
10000,8750,-10,179,1.0,1900,0.0,1.0,10.0,0.0,4,369.8333,1887.5,370.4543,0.621,False,369.8333,58.0,4,False,0.0197,-0.6209,-0.1135,-0.6811,-0.1842,inf
10000,8750,0,158,0.0,1900,0.0,1.0,10.0,0.0,0,298.0,1887.5,298.0712,0.0712,True,298.0,58.0,4,False,0.0031,-0.0712,-0.0139,-0.0832,-0.0279,inf
10000,8750,0,158,0.0,1900,0.0,1.0,10.0,0.0,1,298.0,1887.5,298.0712,0.0712,True,298.0,58.0,4,False,0.0031,-0.0712,-0.0139,-0.0832,-0.0279,inf
10000,8750,0,158,0.0,1900,0.0,1.0,10.0,0.0,2,298.0,1900.0,298.0,-0.0,True,298.0,42.0,3,False,0.0024,0.0,-0.0024,-0.0145,-0.0049,inf
10000,8750,0,158,0.0,1900,0.0,1.0,10.0,0.0,3,298.0,1887.5,298.0712,0.0712,True,298.0,58.0,4,False,0.0031,-0.0712,-0.0139,-0.0832,-0.0279,inf
10000,8750,0,158,0.0,1900,0.0,1.0,10.0,0.0,4,298.0,1900.0,298.0,-0.0,True,298.0,42.0,3,False,0.0024,0.0,-0.0024,-0.0145,-0.0049,inf
10000,8750,0,163,0.312,1900,0.0,1.0,10.0,0.0,0,311.6364,1900.0,311.6364,-0.0,True,311.6364,42.0,3,False,0.004,0.0,-0.0041,-0.0244,-0.0078,inf
10000,8750,0,163,0.312,1900,0.0,1.0,10.0,0.0,1,311.6364,1900.0,311.6364,-0.0,True,311.6364,42.0,3,False,0.004,0.0,-0.0041,-0.0244,-0.0078,inf
10000,8750,0,163,0.312,1900,0.0,1.0,10.0,0.0,2,311.6364,1900.0,311.6364,-0.0,True,311.6364,42.0,3,False,0.004,0.0,-0.0041,-0.0244,-0.0078,inf
10000,8750,0,163,0.312,1900,0.0,1.0,10.0,0.0,3,311.6364,1900.0,311.6364,-0.0,True,311.6364,42.0,3,False,0.004,0.0,-0.0041,-0.0244,-0.0078,inf
10000,8750,0,163,0.312,1900,0.0,1.0,10.0,0.0,4,311.6364,1887.5,311.7816,0.1452,True,311.6364,58.0,4,False,0.0053,-0.1453,-0.0273,-0.1637,-0.0525,inf
10000,8750,0,168,0.625,1900,0.0,1.0,10.0,0.0,0,325.2727,1900.0,325.2727,0.0,True,325.2727,42.0,3,False,0.0043,0.0,-0.0044,-0.0262,-0.0081,inf
10000,8750,0,168,0.625,1900,0.0,1.0,10.0,0.0,1,325.2727,1887.5,325.4144,0.1417,True,325.2727,58.0,4,False,0.0057,-0.1416,-0.0271,-0.1625,-0.05,inf
10000,8750,0,168,0.625,1900,0.0,1.0,10.0,0.0,2,325.2727,1900.0,325.2727,0.0,True,325.2727,42.0,3,False,0.0043,0.0,-0.0044,-0.0262,-0.0081,inf
10000,8750,0,168,0.625,1900,0.0,1.0,10.0,0.0,3,325.2727,1887.5,325.4144,0.1417,True,325.2727,58.0,4,False,0.0057,-0.1416,-0.0271,-0.1625,-0.05,inf
10000,8750,0,168,0.625,1900,0.0,1.0,10.0,0.0,4,325.2727,1900.0,325.2727,0.0,True,325.2727,42.0,3,False,0.0043,0.0,-0.0044,-0.0262,-0.0081,inf
10000,8750,0,173,0.938,1900,0.0,1.0,10.0,0.0,0,342.4,1900.0,342.4,-0.0,True,342.4,42.0,3,False,0.0086,0.0,-0.0088,-0.0528,-0.0154,inf
10000,8750,0,173,0.938,1900,0.0,1.0,10.0,0.0,1,342.4,1900.0,342.4,-0.0,True,342.4,42.0,3,False,0.0086,0.0,-0.0088,-0.0528,-0.0154,inf
10000,8750,0,173,0.938,1900,0.0,1.0,10.0,0.0,2,342.4,1900.0,342.4,-0.0,True,342.4,42.0,3,False,0.0086,0.0,-0.0088,-0.0528,-0.0154,inf
10000,8750,0,173,0.938,1900,0.0,1.0,10.0,0.0,3,342.4,1900.0,342.4,-0.0,True,342.4,42.0,3,False,0.0086,0.0,-0.0088,-0.0528,-0.0154,inf
10000,8750,0,173,0.938,1900,0.0,1.0,10.0,0.0,4,342.4,1900.0,342.4,-0.0,True,342.4,42.0,3,False,0.0086,0.0,-0.0088,-0.0528,-0.0154,inf
10000,8750,0,174,1.0,1900,0.0,1.0,10.0,0.0,0,346.0,1900.0,346.0,-0.0,True,346.0,42.0,3,False,0.009,0.0,-0.0092,-0.0555,-0.016,inf
10000,8750,0,174,1.0,1900,0.0,1.0,10.0,0.0,1,346.0,1900.0,346.0,-0.0,True,346.0,42.0,3,False,0.009,0.0,-0.0092,-0.0555,-0.016,inf
10000,8750,0,174,1.0,1900,0.0,1.0,10.0,0.0,2,346.0,1900.0,346.0,-0.0,True,346.0,42.0,3,False,0.009,0.0,-0.0092,-0.0555,-0.016,inf
10000,8750,0,174,1.0,1900,0.0,1.0,10.0,0.0,3,346.0,1900.0,346.0,-0.0,True,346.0,42.0,3,False,0.009,0.0,-0.0092,-0.0555,-0.016,inf
10000,8750,0,174,1.0,1900,0.0,1.0,10.0,0.0,4,346.0,1900.0,346.0,-0.0,True,346.0,42.0,3,False,0.009,0.0,-0.0092,-0.0555,-0.016,inf
10000,8750,10,160,0.0,arada,0.011,1.0,10.0,0.0,0,302.9884,1900.0,303.0,0.0116,True,303.0,42.0,3,False,0.0007,0.0,-0.0007,-0.004,-0.0013,inf
10000,8750,10,160,0.0,arada,0.011,1.0,10.0,0.0,1,302.9884,1900.0,303.0,0.0116,True,303.0,42.0,3,False,0.0007,0.0,-0.0007,-0.004,-0.0013,inf
10000,8750,10,160,0.0,arada,0.011,1.0,10.0,0.0,2,302.9884,1875.0,303.0124,0.024,True,303.0,74.0,5,False,0.001,-0.0124,-0.0028,-0.0171,-0.0056,inf
10000,8750,10,160,0.0,arada,0.011,1.0,10.0,0.0,3,302.9884,1900.0,303.0,0.0116,True,303.0,42.0,3,False,0.0007,0.0,-0.0007,-0.004,-0.0013,inf
10000,8750,10,160,0.0,arada,0.011,1.0,10.0,0.0,4,302.9884,1900.0,303.0,0.0116,True,303.0,42.0,3,False,0.0007,0.0,-0.0007,-0.004,-0.0013,inf
10000,8750,10,165,0.714,1900,0.0,1.0,10.0,0.0,0,314.0,1900.0,314.0,-0.0,True,314.0,42.0,3,False,0.0067,0.0,-0.0069,-0.0412,-0.0131,inf
10000,8750,10,165,0.714,1900,0.0,1.0,10.0,0.0,1,314.0,1900.0,314.0,-0.0,True,314.0,42.0,3,False,0.0067,0.0,-0.0069,-0.0412,-0.0131,inf
10000,8750,10,165,0.714,1900,0.0,1.0,10.0,0.0,2,314.0,1900.0,314.0,-0.0,True,314.0,42.0,3,False,0.0067,0.0,-0.0069,-0.0412,-0.0131,inf
10000,8750,10,165,0.714,1900,0.0,1.0,10.0,0.0,3,314.0,1900.0,314.0,-0.0,True,314.0,42.0,3,False,0.0067,0.0,-0.0069,-0.0412,-0.0131,inf
10000,8750,10,165,0.714,1900,0.0,1.0,10.0,0.0,4,314.0,1900.0,314.0,-0.0,True,314.0,42.0,3,False,0.0067,0.0,-0.0069,-0.0412,-0.0131,inf
10000,8750,10,167,1.0,1900,0.0,1.0,10.0,0.0,0,319.7143,1900.0,319.7143,-0.0,True,319.7143,42.0,3,False,0.0072,0.0,-0.0073,-0.0439,-0.0137,inf
10000,8750,10,167,1.0,1900,0.0,1.0,10.0,0.0,1,319.7143,1900.0,319.7143,-0.0,True,319.7143,42.0,3,False,0.0072,0.0,-0.0073,-0.0439,-0.0137,inf
10000,8750,10,167,1.0,1900,0.0,1.0,10.0,0.0,2,319.7143,1900.0,319.7143,-0.0,True,319.7143,42.0,3,False,0.0072,0.0,-0.0073,-0.0439,-0.0137,inf
10000,8750,10,167,1.0,1900,0.0,1.0,10.0,0.0,3,319.7143,1900.0,319.7143,-0.0,True,319.7143,42.0,3,False,0.0072,0.0,-0.0073,-0.0439,-0.0137,inf
10000,8750,10,167,1.0,1900,0.0,1.0,10.0,0.0,4,319.7143,1900.0,319.7143,-0.0,True,319.7143,42.0,3,False,0.0072,0.0,-0.0073,-0.0439,-0.0137,inf
12000,8750,-54,148,0.0,arada,0.5859,1.0,10.0,0.0,0,272.4132,1850.0,272.5833,0.1701,True,273.0,74.0,5,False,-0.0074,0.4167,0.0683,0.4098,0.1501,0.0
12000,8750,-54,148,0.0,arada,0.5859,1.0,10.0,0.0,1,272.4132,1850.0,272.5833,0.1701,True,273.0,74.0,5,False,-0.0074,0.4167,0.0683,0.4098,0.1501,0.0
12000,8750,-54,148,0.0,arada,0.5859,1.0,10.0,0.0,2,272.4132,1875.0,272.7604,0.3472,True,273.0,74.0,5,False,-0.0048,0.2396,0.0399,0.2391,0.0876,0.0
12000,8750,-54,148,0.0,arada,0.5859,1.0,10.0,0.0,3,272.4132,1750.0,272.5,0.0868,True,273.0,106.0,7,False,-0.0117,0.5,0.0802,0.4815,0.1764,0.0
12000,8750,-54,148,0.0,arada,0.5859,1.0,10.0,0.0,4,272.4132,1800.0,272.4167,0.0035,True,273.0,90.0,6,False,-0.0113,0.5833,0.094,0.5637,0.2065,0.0
12000,8750,-54,153,0.192,arada,1.0309,1.0,10.0,0.0,0,286.4136,1800.0,286.4136,-0.0,True,287.4444,90.0,6,False,-0.0197,1.0309,0.1658,0.9945,0.346,0.0
12000,8750,-54,153,0.192,arada,1.0309,1.0,10.0,0.0,1,286.4136,1800.0,286.4136,-0.0,True,287.4444,90.0,6,False,-0.0197,1.0309,0.1658,0.9945,0.346,0.0
12000,8750,-54,153,0.192,arada,1.0309,1.0,10.0,0.0,2,286.4136,1825.0,286.4792,0.0656,True,287.4444,106.0,7,False,-0.0231,0.9653,0.1556,0.9338,0.3249,0.0
12000,8750,-54,153,0.192,arada,1.0309,1.0,10.0,0.0,3,286.4136,1787.5,286.4288,0.0152,True,287.4444,106.0,7,False,-0.0241,1.0156,0.1634,0.9804,0.3411,0.0
12000,8750,-54,153,0.192,arada,1.0309,1.0,10.0,0.0,4,286.4136,1825.0,286.4792,0.0656,True,287.4444,106.0,7,False,-0.0231,0.9653,0.1556,0.9338,0.3249,0.0
12000,8750,-54,158,0.385,arada,1.1901,1.0,10.0,0.0,0,301.5973,1850.0,301.8395,0.2422,True,302.8,74.0,5,False,-0.0163,0.9605,0.1567,0.9405,0.3106,0.0
12000,8750,-54,158,0.385,arada,1.1901,1.0,10.0,0.0,1,301.5973,1812.5,301.5988,0.0015,True,302.8,122.0,8,False,-0.0321,1.2012,0.1915,1.1493,0.3796,0.0
12000,8750,-54,158,0.385,arada,1.1901,1.0,10.0,0.0,2,301.5973,1800.0,301.6099,0.0126,True,302.8,90.0,6,False,-0.0222,1.1901,0.1908,1.1448,0.3781,0.0
12000,8750,-54,158,0.385,arada,1.1901,1.0,10.0,0.0,3,301.5973,1800.0,301.6099,0.0126,True,302.8,90.0,6,False,-0.0222,1.1901,0.1908,1.1448,0.3781,0.0
12000,8750,-54,158,0.385,arada,1.1901,1.0,10.0,0.0,4,301.5973,1837.5,301.7136,0.1163,True,302.8,90.0,6,False,-0.0215,1.0864,0.1754,1.0526,0.3476,0.0
12000,8750,-54,163,0.577,arada,0.263,1.0,10.0,0.0,0,321.5369,1825.0,321.6125,0.0756,True,321.8,106.0,7,False,0.0004,0.1875,0.0253,0.1516,0.0471,7.9438
12000,8750,-54,163,0.577,arada,0.263,1.0,10.0,0.0,1,321.5369,1850.0,321.537,0.0001,True,321.8,74.0,5,False,-0.0029,0.263,0.0413,0.2478,0.077,0.0
12000,8750,-54,163,0.577,arada,0.263,1.0,10.0,0.0,2,321.5369,1887.5,321.6825,0.1456,True,321.8,106.0,7,False,-0.0032,0.1175,0.0194,0.1165,0.0362,0.0
12000,8750,-54,163,0.577,arada,0.263,1.0,10.0,0.0,3,321.5369,1900.0,321.8,0.2631,True,321.8,42.0,3,False,-0.0016,0.0,0.0017,0.0101,0.0032,0.0
12000,8750,-54,163,0.577,arada,0.263,1.0,10.0,0.0,4,321.5369,1900.0,321.8,0.2631,True,321.8,42.0,3,False,-0.0016,0.0,0.0017,0.0101,0.0032,0.0
12000,8750,-54,168,0.769,arada,0.0149,1.0,10.0,0.0,0,340.8849,1850.0,341.0679,0.183,True,340.9,74.0,5,False,0.0062,-0.1679,-0.0308,-0.1846,-0.0541,inf
12000,8750,-54,168,0.769,arada,0.0149,1.0,10.0,0.0,1,340.8849,1900.0,340.9,0.0151,True,340.9,42.0,3,False,0.0007,0.0,-0.0007,-0.0041,-0.0012,inf
12000,8750,-54,168,0.769,arada,0.0149,1.0,10.0,0.0,2,340.8849,1875.0,340.9082,0.0233,True,340.9,74.0,5,False,0.001,-0.0082,-0.0022,-0.0133,-0.0039,inf
12000,8750,-54,168,0.769,arada,0.0149,1.0,10.0,0.0,3,340.8849,1900.0,340.9,0.0151,True,340.9,42.0,3,False,0.0007,0.0,-0.0007,-0.0041,-0.0012,inf
12000,8750,-54,168,0.769,arada,0.0149,1.0,10.0,0.0,4,340.8849,1900.0,340.9,0.0151,True,340.9,42.0,3,False,0.0007,0.0,-0.0007,-0.0041,-0.0012,inf
12000,8750,-54,173,0.962,arada,0.167,1.0,10.0,0.0,0,360.2323,1850.0,360.358,0.1257,True,360.4,74.0,5,False,0.0044,0.042,0.0016,0.0099,0.0027,377.0516
12000,8750,-54,173,0.962,arada,0.167,1.0,10.0,0.0,1,360.2323,1875.0,360.233,0.0007,True,360.4,90.0,6,False,0.0033,0.167,0.0203,0.1218,0.0338,71.9825
12000,8750,-54,173,0.962,arada,0.167,1.0,10.0,0.0,2,360.2323,1875.0,360.233,0.0007,True,360.4,90.0,6,False,0.0033,0.167,0.0203,0.1218,0.0338,71.9825
12000,8750,-54,173,0.962,arada,0.167,1.0,10.0,0.0,3,360.2323,1875.0,360.233,0.0007,True,360.4,90.0,6,False,0.0033,0.167,0.0203,0.1218,0.0338,71.9825
12000,8750,-54,173,0.962,arada,0.167,1.0,10.0,0.0,4,360.2323,1900.0,360.4,0.1677,True,360.4,42.0,3,False,-0.0007,0.0,0.0007,0.0043,0.0012,0.0
12000,8750,-54,174,1.0,arada,0.202,1.0,10.0,0.0,0,364.0953,1887.5,364.159,0.0637,True,364.3,58.0,4,False,-0.0018,0.141,0.0231,0.1383,0.038,0.0
12000,8750,-54,174,1.0,arada,0.202,1.0,10.0,0.0,1,364.0953,1900.0,364.3,0.2047,True,364.3,42.0,3,False,-0.0009,0.0,0.001,0.006,0.0016,0.0
12000,8750,-54,174,1.0,arada,0.202,1.0,10.0,0.0,2,364.0953,1837.5,364.3951,0.2998,True,364.3,90.0,6,False,0.0055,-0.0951,-0.0191,-0.1145,-0.0314,inf
12000,8750,-54,174,1.0,arada,0.202,1.0,10.0,0.0,3,364.0953,1862.5,364.117,0.0217,True,364.3,90.0,6,False,-0.003,0.183,0.0289,0.1734,0.0476,0.0
12000,8750,-54,174,1.0,arada,0.202,1.0,10.0,0.0,4,364.0953,1887.5,364.159,0.0637,True,364.3,58.0,4,False,-0.0018,0.141,0.0231,0.1383,0.038,0.0
12000,8750,-50,149,0.0,arada,0.7012,1.0,10.0,0.0,0,272.2907,1800.0,272.2988,0.0081,True,273.0,90.0,6,False,-0.0131,0.7012,0.1124,0.6744,0.247,0.0
12000,8750,-50,149,0.0,arada,0.7012,1.0,10.0,0.0,1,272.2907,1837.5,272.358,0.0673,True,273.0,90.0,6,False,-0.0127,0.642,0.1037,0.6219,0.2278,0.0
12000,8750,-50,149,0.0,arada,0.7012,1.0,10.0,0.0,2,272.2907,1825.0,272.3111,0.0204,True,273.0,106.0,7,False,-0.0158,0.6889,0.1103,0.6619,0.2424,0.0
12000,8750,-50,149,0.0,arada,0.7012,1.0,10.0,0.0,3,272.2907,1850.0,272.4321,0.1414,True,273.0,122.0,8,False,-0.017,0.5679,0.0925,0.5547,0.2032,0.0
12000,8750,-50,149,0.0,arada,0.7012,1.0,10.0,0.0,4,272.2907,1837.5,272.358,0.0673,True,273.0,90.0,6,False,-0.0127,0.642,0.1037,0.6219,0.2278,0.0
12000,8750,-50,154,0.192,1900,0.0,1.0,10.0,0.0,0,287.4444,1887.5,287.5094,0.065,True,287.4444,58.0,4,False,0.0024,-0.065,-0.0122,-0.0731,-0.0254,inf
12000,8750,-50,154,0.192,1900,0.0,1.0,10.0,0.0,1,287.4444,1887.5,287.5094,0.065,True,287.4444,58.0,4,False,0.0024,-0.065,-0.0122,-0.0731,-0.0254,inf
12000,8750,-50,154,0.192,1900,0.0,1.0,10.0,0.0,2,287.4444,1887.5,287.5094,0.065,True,287.4444,58.0,4,False,0.0024,-0.065,-0.0122,-0.0731,-0.0254,inf
12000,8750,-50,154,0.192,1900,0.0,1.0,10.0,0.0,3,287.4444,1900.0,287.4444,0.0,True,287.4444,42.0,3,False,0.0018,0.0,-0.0018,-0.0108,-0.0038,inf
12000,8750,-50,154,0.192,1900,0.0,1.0,10.0,0.0,4,287.4444,1887.5,287.5094,0.065,True,287.4444,58.0,4,False,0.0024,-0.065,-0.0122,-0.0731,-0.0254,inf
12000,8750,-50,159,0.385,1900,0.0,1.0,10.0,0.0,0,302.9,1887.5,303.1072,0.2072,True,302.9,58.0,4,False,0.0067,-0.2072,-0.038,-0.2281,-0.0753,inf
12000,8750,-50,159,0.385,1900,0.0,1.0,10.0,0.0,1,302.9,1900.0,302.9,-0.0,True,302.9,42.0,3,False,0.0049,0.0,-0.005,-0.0301,-0.0099,inf
12000,8750,-50,159,0.385,1900,0.0,1.0,10.0,0.0,2,302.9,1900.0,302.9,-0.0,True,302.9,42.0,3,False,0.0049,0.0,-0.005,-0.0301,-0.0099,inf
12000,8750,-50,159,0.385,1900,0.0,1.0,10.0,0.0,3,302.9,1900.0,302.9,-0.0,True,302.9,42.0,3,False,0.0049,0.0,-0.005,-0.0301,-0.0099,inf
12000,8750,-50,159,0.385,1900,0.0,1.0,10.0,0.0,4,302.9,1900.0,302.9,-0.0,True,302.9,42.0,3,False,0.0049,0.0,-0.005,-0.0301,-0.0099,inf
12000,8750,-50,164,0.577,1900,0.0,1.0,10.0,0.0,0,322.4,1887.5,322.4326,0.0326,True,322.4,58.0,4,False,0.002,-0.0326,-0.0069,-0.0414,-0.0129,inf
12000,8750,-50,164,0.577,1900,0.0,1.0,10.0,0.0,1,322.4,1887.5,322.4326,0.0326,True,322.4,58.0,4,False,0.002,-0.0326,-0.0069,-0.0414,-0.0129,inf
12000,8750,-50,164,0.577,1900,0.0,1.0,10.0,0.0,2,322.4,1900.0,322.4,-0.0,True,322.4,42.0,3,False,0.0016,0.0,-0.0016,-0.0095,-0.0029,inf
12000,8750,-50,164,0.577,1900,0.0,1.0,10.0,0.0,3,322.4,1900.0,322.4,-0.0,True,322.4,42.0,3,False,0.0016,0.0,-0.0016,-0.0095,-0.0029,inf
12000,8750,-50,164,0.577,1900,0.0,1.0,10.0,0.0,4,322.4,1887.5,322.4326,0.0326,True,322.4,58.0,4,False,0.002,-0.0326,-0.0069,-0.0414,-0.0129,inf
12000,8750,-50,169,0.769,arada,0.0027,1.0,10.0,0.0,0,341.7939,1900.0,341.8,0.0061,True,341.8,42.0,3,False,0.0009,0.0,-0.0009,-0.0056,-0.0016,inf
12000,8750,-50,169,0.769,arada,0.0027,1.0,10.0,0.0,1,341.7939,1887.5,341.7973,0.0034,True,341.8,58.0,4,False,0.0011,0.0027,-0.0007,-0.004,-0.0012,1407.4491
12000,8750,-50,169,0.769,arada,0.0027,1.0,10.0,0.0,2,341.7939,1900.0,341.8,0.0061,True,341.8,42.0,3,False,0.0009,0.0,-0.0009,-0.0056,-0.0016,inf
12000,8750,-50,169,0.769,arada,0.0027,1.0,10.0,0.0,3,341.7939,1850.0,342.0123,0.2184,True,341.8,122.0,8,False,0.0084,-0.2123,-0.0367,-0.2202,-0.0644,inf
12000,8750,-50,169,0.769,arada,0.0027,1.0,10.0,0.0,4,341.7939,1900.0,341.8,0.0061,True,341.8,42.0,3,False,0.0009,0.0,-0.0009,-0.0056,-0.0016,inf
12000,8750,-50,174,0.962,arada,0.0471,1.0,10.0,0.0,0,360.7518,1900.0,360.8,0.0482,True,360.8,42.0,3,False,0.0008,0.0,-0.0008,-0.0047,-0.0013,inf
12000,8750,-50,174,0.962,arada,0.0471,1.0,10.0,0.0,1,360.7518,1900.0,360.8,0.0482,True,360.8,42.0,3,False,0.0008,0.0,-0.0008,-0.0047,-0.0013,inf
12000,8750,-50,174,0.962,arada,0.0471,1.0,10.0,0.0,2,360.7518,1900.0,360.8,0.0482,True,360.8,90.0,6,False,0.0076,0.0,-0.0076,-0.0454,-0.0126,inf
12000,8750,-50,174,0.962,arada,0.0471,1.0,10.0,0.0,3,360.7518,1900.0,360.8,0.0482,True,360.8,42.0,3,False,0.0008,0.0,-0.0008,-0.0047,-0.0013,inf
12000,8750,-50,174,0.962,arada,0.0471,1.0,10.0,0.0,4,360.7518,1900.0,360.8,0.0482,True,360.8,42.0,3,False,0.0008,0.0,-0.0008,-0.0047,-0.0013,inf
12000,8750,-50,175,1.0,arada,0.0559,1.0,10.0,0.0,0,364.5419,1875.0,364.5633,0.0214,True,364.6,90.0,6,False,0.0084,0.0367,-0.0033,-0.0197,-0.0054,826.7553
12000,8750,-50,175,1.0,arada,0.0559,1.0,10.0,0.0,1,364.5419,1900.0,364.6,0.0581,True,364.6,42.0,3,False,0.0008,0.0,-0.0008,-0.0046,-0.0013,inf
12000,8750,-50,175,1.0,arada,0.0559,1.0,10.0,0.0,2,364.5419,1900.0,364.6,0.0581,True,364.6,42.0,3,False,0.0008,0.0,-0.0008,-0.0046,-0.0013,inf
12000,8750,-50,175,1.0,arada,0.0559,1.0,10.0,0.0,3,364.5419,1850.0,364.8272,0.2853,True,364.6,74.0,5,False,0.0101,-0.2272,-0.0434,-0.2602,-0.0714,inf
12000,8750,-50,175,1.0,arada,0.0559,1.0,10.0,0.0,4,364.5419,1850.0,364.8272,0.2853,True,364.6,74.0,5,False,0.0101,-0.2272,-0.0434,-0.2602,-0.0714,inf
12000,8750,-40,151,0.0,1900,0.0,1.0,10.0,0.0,0,276.0,1900.0,276.0,-0.0,True,276.0,42.0,3,False,0.001,0.0,-0.0011,-0.0063,-0.0023,inf
12000,8750,-40,151,0.0,1900,0.0,1.0,10.0,0.0,1,276.0,1900.0,276.0,-0.0,True,276.0,42.0,3,False,0.001,0.0,-0.0011,-0.0063,-0.0023,inf
12000,8750,-40,151,0.0,1900,0.0,1.0,10.0,0.0,2,276.0,1850.0,276.2109,0.2109,True,276.0,74.0,5,False,0.0055,-0.2109,-0.0364,-0.2184,-0.0791,inf
12000,8750,-40,151,0.0,1900,0.0,1.0,10.0,0.0,3,276.0,1887.5,276.027,0.027,True,276.0,58.0,4,False,0.0013,-0.027,-0.0054,-0.0326,-0.0118,inf
12000,8750,-40,151,0.0,1900,0.0,1.0,10.0,0.0,4,276.0,1900.0,276.0,-0.0,True,276.0,42.0,3,False,0.001,0.0,-0.0011,-0.0063,-0.0023,inf
12000,8750,-40,156,0.192,arada,0.4908,1.0,10.0,0.0,0,290.5089,1850.0,290.5253,0.0164,True,291.0,74.0,5,False,-0.0067,0.4747,0.0761,0.4567,0.157,0.0
12000,8750,-40,156,0.192,arada,0.4908,1.0,10.0,0.0,1,290.5089,1837.5,290.5092,0.0003,True,291.0,90.0,6,False,-0.0088,0.4908,0.0784,0.4701,0.1616,0.0
12000,8750,-40,156,0.192,arada,0.4908,1.0,10.0,0.0,2,290.5089,1850.0,290.5253,0.0164,True,291.0,74.0,5,False,-0.0067,0.4747,0.0761,0.4567,0.157,0.0
12000,8750,-40,156,0.192,arada,0.4908,1.0,10.0,0.0,3,290.5089,1825.0,290.5341,0.0252,True,291.0,106.0,7,False,-0.0067,0.4659,0.0706,0.4238,0.1456,0.0
12000,8750,-40,156,0.192,arada,0.4908,1.0,10.0,0.0,4,290.5089,1900.0,291.0,0.4911,True,291.0,42.0,3,False,-0.0028,0.0,0.0029,0.0175,0.006,0.0
12000,8750,-40,161,0.385,arada,0.6861,1.0,10.0,0.0,0,306.4041,1900.0,307.0909,0.6868,False,307.0909,42.0,3,False,-0.0038,0.0,0.004,0.0238,0.0077,0.0
12000,8750,-40,161,0.385,arada,0.6861,1.0,10.0,0.0,1,306.4041,1900.0,307.0909,0.6868,False,307.0909,42.0,3,False,-0.0038,0.0,0.004,0.0238,0.0077,0.0
12000,8750,-40,161,0.385,arada,0.6861,1.0,10.0,0.0,2,306.4041,1850.0,306.4394,0.0353,True,307.0909,122.0,8,False,-0.015,0.6515,0.1016,0.6093,0.1984,0.0
12000,8750,-40,161,0.385,arada,0.6861,1.0,10.0,0.0,3,306.4041,1837.5,306.4048,0.0007,True,307.0909,90.0,6,False,-0.0126,0.6861,0.1098,0.6587,0.2145,0.0
12000,8750,-40,161,0.385,arada,0.6861,1.0,10.0,0.0,4,306.4041,1800.0,306.6091,0.205,True,307.0909,90.0,6,False,-0.007,0.4818,0.0751,0.4508,0.1468,0.0
12000,8750,-40,166,0.577,arada,0.175,1.0,10.0,0.0,0,324.642,1837.5,324.7563,0.1143,True,324.8182,90.0,6,False,0.0006,0.0619,0.0081,0.0484,0.0149,36.8523
12000,8750,-40,166,0.577,arada,0.175,1.0,10.0,0.0,1,324.642,1850.0,324.6768,0.0348,True,324.8182,74.0,5,False,0.0004,0.1414,0.0202,0.1212,0.0373,10.6538
12000,8750,-40,166,0.577,arada,0.175,1.0,10.0,0.0,2,324.642,1875.0,324.6556,0.0136,True,324.8182,90.0,6,False,-0.0,0.1626,0.0231,0.1384,0.0426,0.0
12000,8750,-40,166,0.577,arada,0.175,1.0,10.0,0.0,3,324.642,1900.0,324.8182,0.1762,True,324.8182,42.0,3,False,-0.001,0.0,0.0011,0.0066,0.002,0.0
12000,8750,-40,166,0.577,arada,0.175,1.0,10.0,0.0,4,324.642,1900.0,324.8182,0.1762,True,324.8182,42.0,3,False,-0.001,0.0,0.0011,0.0066,0.002,0.0
12000,8750,-40,171,0.769,1900,0.0,1.0,10.0,0.0,0,342.9,1900.0,342.9,-0.0,True,342.9,42.0,3,False,0.0032,0.0,-0.0032,-0.0194,-0.0057,inf
12000,8750,-40,171,0.769,1900,0.0,1.0,10.0,0.0,1,342.9,1900.0,342.9,-0.0,True,342.9,42.0,3,False,0.0032,0.0,-0.0032,-0.0194,-0.0057,inf
12000,8750,-40,171,0.769,1900,0.0,1.0,10.0,0.0,2,342.9,1900.0,342.9,-0.0,True,342.9,42.0,3,False,0.0032,0.0,-0.0032,-0.0194,-0.0057,inf
12000,8750,-40,171,0.769,1900,0.0,1.0,10.0,0.0,3,342.9,1900.0,342.9,-0.0,True,342.9,42.0,3,False,0.0032,0.0,-0.0032,-0.0194,-0.0057,inf
12000,8750,-40,171,0.769,1900,0.0,1.0,10.0,0.0,4,342.9,1900.0,342.9,-0.0,True,342.9,42.0,3,False,0.0032,0.0,-0.0032,-0.0194,-0.0057,inf
12000,8750,-40,176,0.962,1900,0.0,1.0,10.0,0.0,0,362.4,1900.0,362.4,-0.0,True,362.4,42.0,3,False,0.003,0.0,-0.0031,-0.0183,-0.0051,inf
12000,8750,-40,176,0.962,1900,0.0,1.0,10.0,0.0,1,362.4,1900.0,362.4,-0.0,True,362.4,42.0,3,False,0.003,0.0,-0.0031,-0.0183,-0.0051,inf
12000,8750,-40,176,0.962,1900,0.0,1.0,10.0,0.0,2,362.4,1900.0,362.4,-0.0,True,362.4,42.0,3,False,0.003,0.0,-0.0031,-0.0183,-0.0051,inf
12000,8750,-40,176,0.962,1900,0.0,1.0,10.0,0.0,3,362.4,1887.5,362.4557,0.0557,True,362.4,58.0,4,False,0.0038,-0.0557,-0.0122,-0.0733,-0.0202,inf
12000,8750,-40,176,0.962,1900,0.0,1.0,10.0,0.0,4,362.4,1887.5,362.4557,0.0557,True,362.4,58.0,4,False,0.0038,-0.0557,-0.0122,-0.0733,-0.0202,inf
12000,8750,-40,177,1.0,1900,0.0,1.0,10.0,0.0,0,366.3,1900.0,366.3,-0.0,True,366.3,42.0,3,False,0.003,0.0,-0.003,-0.0181,-0.0049,inf
12000,8750,-40,177,1.0,1900,0.0,1.0,10.0,0.0,1,366.3,1900.0,366.3,-0.0,True,366.3,42.0,3,False,0.003,0.0,-0.003,-0.0181,-0.0049,inf
12000,8750,-40,177,1.0,1900,0.0,1.0,10.0,0.0,2,366.3,1900.0,366.3,-0.0,True,366.3,42.0,3,False,0.003,0.0,-0.003,-0.0181,-0.0049,inf
12000,8750,-40,177,1.0,1900,0.0,1.0,10.0,0.0,3,366.3,1900.0,366.3,-0.0,True,366.3,42.0,3,False,0.003,0.0,-0.003,-0.0181,-0.0049,inf
12000,8750,-40,177,1.0,1900,0.0,1.0,10.0,0.0,4,366.3,1900.0,366.3,-0.0,True,366.3,42.0,3,False,0.003,0.0,-0.003,-0.0181,-0.0049,inf
12000,8750,-30,154,0.0,arada,0.0056,1.0,10.0,0.0,0,280.9938,1850.0,281.1111,0.1173,True,281.0,74.0,5,False,0.0039,-0.1111,-0.0201,-0.1209,-0.043,inf
12000,8750,-30,154,0.0,arada,0.0056,1.0,10.0,0.0,1,280.9938,1850.0,281.1111,0.1173,True,281.0,74.0,5,False,0.0039,-0.1111,-0.0201,-0.1209,-0.043,inf
12000,8750,-30,154,0.0,arada,0.0056,1.0,10.0,0.0,2,280.9938,1875.0,281.0111,0.0173,True,281.0,90.0,6,False,0.0033,-0.0111,-0.0049,-0.0294,-0.0105,inf
12000,8750,-30,154,0.0,arada,0.0056,1.0,10.0,0.0,3,280.9938,1900.0,281.0,0.0062,True,281.0,42.0,3,False,0.0005,0.0,-0.0005,-0.0028,-0.001,inf
12000,8750,-30,154,0.0,arada,0.0056,1.0,10.0,0.0,4,280.9938,1850.0,281.1111,0.1173,True,281.0,74.0,5,False,0.0039,-0.1111,-0.0201,-0.1209,-0.043,inf
12000,8750,-30,159,0.2,arada,0.7083,1.0,10.0,0.0,0,295.2889,1787.5,295.625,0.3361,True,296.0,106.0,7,False,-0.009,0.375,0.0603,0.362,0.1223,0.0
12000,8750,-30,159,0.2,arada,0.7083,1.0,10.0,0.0,1,295.2889,1837.5,295.2917,0.0028,True,296.0,90.0,6,False,-0.0131,0.7083,0.1135,0.6809,0.23,0.0
12000,8750,-30,159,0.2,arada,0.7083,1.0,10.0,0.0,2,295.2889,1887.5,295.7583,0.4694,True,296.0,58.0,4,False,-0.0057,0.2417,0.0422,0.2533,0.0856,0.0
12000,8750,-30,159,0.2,arada,0.7083,1.0,10.0,0.0,3,295.2889,1850.0,295.3333,0.0444,True,296.0,74.0,5,False,-0.01,0.6667,0.1075,0.6447,0.2178,0.0
12000,8750,-30,159,0.2,arada,0.7083,1.0,10.0,0.0,4,295.2889,1800.0,295.4667,0.1778,True,296.0,138.0,9,False,-0.0163,0.5333,0.0847,0.508,0.1716,0.0
12000,8750,-30,164,0.4,arada,0.3384,1.0,10.0,0.0,0,312.298,1800.0,312.6525,0.3545,True,312.6364,90.0,6,False,0.003,-0.0162,-0.0054,-0.0325,-0.0104,inf
12000,8750,-30,164,0.4,arada,0.3384,1.0,10.0,0.0,1,312.298,1875.0,312.3806,0.0826,True,312.6364,90.0,6,False,-0.0038,0.2558,0.0401,0.2405,0.0769,0.0
12000,8750,-30,164,0.4,arada,0.3384,1.0,10.0,0.0,2,312.298,1850.0,312.298,-0.0,True,312.6364,74.0,5,False,-0.0038,0.3384,0.0532,0.3194,0.1021,0.0
12000,8750,-30,164,0.4,arada,0.3384,1.0,10.0,0.0,3,312.298,1837.5,312.3217,0.0237,True,312.6364,90.0,6,False,-0.0049,0.3147,0.0495,0.2969,0.095,0.0
12000,8750,-30,164,0.4,arada,0.3384,1.0,10.0,0.0,4,312.298,1850.0,312.298,-0.0,True,312.6364,74.0,5,False,-0.0038,0.3384,0.0532,0.3194,0.1021,0.0
12000,8750,-30,169,0.6,arada,0.0,1.0,10.0,0.0,0,330.3603,1887.5,330.368,0.0077,True,330.3636,58.0,4,False,0.0014,-0.0043,-0.0021,-0.0126,-0.0038,inf
12000,8750,-30,169,0.6,arada,0.0,1.0,10.0,0.0,1,330.3603,1900.0,330.3636,0.0033,True,330.3636,42.0,3,False,0.0012,0.0,-0.0012,-0.0073,-0.0022,inf
12000,8750,-30,169,0.6,arada,0.0,1.0,10.0,0.0,2,330.3603,1900.0,330.3636,0.0033,True,330.3636,90.0,6,False,0.0068,0.0,-0.0069,-0.0411,-0.0124,inf
12000,8750,-30,169,0.6,arada,0.0,1.0,10.0,0.0,3,330.3603,1887.5,330.368,0.0077,True,330.3636,58.0,4,False,0.0014,-0.0043,-0.0021,-0.0126,-0.0038,inf
12000,8750,-30,169,0.6,arada,0.0,1.0,10.0,0.0,4,330.3603,1900.0,330.3636,0.0033,True,330.3636,42.0,3,False,0.0012,0.0,-0.0012,-0.0073,-0.0022,inf
12000,8750,-30,174,0.8,1900,0.0,1.0,10.0,0.0,0,348.8,1900.0,348.8,-0.0,True,348.8,42.0,3,False,0.004,0.0,-0.0041,-0.0246,-0.0071,inf
12000,8750,-30,174,0.8,1900,0.0,1.0,10.0,0.0,1,348.8,1900.0,348.8,-0.0,True,348.8,42.0,3,False,0.004,0.0,-0.0041,-0.0246,-0.0071,inf
12000,8750,-30,174,0.8,1900,0.0,1.0,10.0,0.0,2,348.8,1887.5,348.9308,0.1308,True,348.8,58.0,4,False,0.0053,-0.1308,-0.0251,-0.1505,-0.0432,inf
12000,8750,-30,174,0.8,1900,0.0,1.0,10.0,0.0,3,348.8,1850.0,349.5926,0.7926,False,348.8,74.0,5,False,0.0194,-0.7926,-0.1354,-0.8124,-0.2329,inf
12000,8750,-30,174,0.8,1900,0.0,1.0,10.0,0.0,4,348.8,1887.5,348.9308,0.1308,True,348.8,58.0,4,False,0.0053,-0.1308,-0.0251,-0.1505,-0.0432,inf
12000,8750,-30,179,1.0,arada,0.0,1.0,10.0,0.0,0,368.2987,1887.5,368.3257,0.027,True,368.3,58.0,4,False,0.0032,-0.0257,-0.0071,-0.0428,-0.0116,inf
12000,8750,-30,179,1.0,arada,0.0,1.0,10.0,0.0,1,368.2987,1850.0,368.8827,0.584,False,368.3,74.0,5,False,0.0177,-0.5827,-0.103,-0.618,-0.1678,inf
12000,8750,-30,179,1.0,arada,0.0,1.0,10.0,0.0,2,368.2987,1900.0,368.3,0.0013,True,368.3,42.0,3,False,0.0027,0.0,-0.0027,-0.0162,-0.0044,inf
12000,8750,-30,179,1.0,arada,0.0,1.0,10.0,0.0,3,368.2987,1887.5,368.3257,0.027,True,368.3,58.0,4,False,0.0032,-0.0257,-0.0071,-0.0428,-0.0116,inf
12000,8750,-30,179,1.0,arada,0.0,1.0,10.0,0.0,4,368.2987,1887.5,368.3257,0.027,True,368.3,58.0,4,False,0.0032,-0.0257,-0.0071,-0.0428,-0.0116,inf
12000,8750,-20,156,0.0,arada,0.691,1.0,10.0,0.0,0,284.3081,1850.0,284.3444,0.0363,True,285.0,122.0,8,False,-0.0134,0.6556,0.1005,0.6027,0.2115,0.0
12000,8750,-20,156,0.0,arada,0.691,1.0,10.0,0.0,1,284.3081,1825.0,284.325,0.0169,True,285.0,106.0,7,False,-0.0111,0.675,0.1037,0.6224,0.2184,0.0
12000,8750,-20,156,0.0,arada,0.691,1.0,10.0,0.0,2,284.3081,1850.0,284.3444,0.0363,True,285.0,74.0,5,False,-0.0097,0.6556,0.1055,0.633,0.2221,0.0
12000,8750,-20,156,0.0,arada,0.691,1.0,10.0,0.0,3,284.3081,1800.0,284.5111,0.203,True,285.0,138.0,9,False,-0.0149,0.4889,0.0775,0.4653,0.1633,0.0
12000,8750,-20,156,0.0,arada,0.691,1.0,10.0,0.0,4,284.3081,1812.5,284.3924,0.0843,True,285.0,122.0,8,False,-0.0134,0.6076,0.094,0.564,0.1979,0.0
12000,8750,-20,161,0.217,arada,0.3786,1.0,10.0,0.0,0,299.235,1875.0,299.3173,0.0823,True,299.6154,90.0,6,False,-0.0039,0.2981,0.0462,0.2772,0.0925,0.0
12000,8750,-20,161,0.217,arada,0.3786,1.0,10.0,0.0,1,299.235,1850.0,299.2368,0.0018,True,299.6154,74.0,5,False,-0.0038,0.3786,0.0591,0.3547,0.1184,0.0
12000,8750,-20,161,0.217,arada,0.3786,1.0,10.0,0.0,2,299.235,1850.0,299.2368,0.0018,True,299.6154,74.0,5,False,-0.0038,0.3786,0.0591,0.3547,0.1184,0.0
12000,8750,-20,161,0.217,arada,0.3786,1.0,10.0,0.0,3,299.235,1837.5,299.2782,0.0432,True,299.6154,90.0,6,False,-0.0049,0.3372,0.0527,0.316,0.1055,0.0
12000,8750,-20,161,0.217,arada,0.3786,1.0,10.0,0.0,4,299.235,1837.5,299.2782,0.0432,True,299.6154,90.0,6,False,-0.0049,0.3372,0.0527,0.316,0.1055,0.0
12000,8750,-20,166,0.435,arada,0.0034,1.0,10.0,0.0,0,314.2228,1900.0,314.2308,0.008,True,314.2308,42.0,3,False,0.0012,0.0,-0.0012,-0.0075,-0.0024,inf
12000,8750,-20,166,0.435,arada,0.0034,1.0,10.0,0.0,1,314.2228,1887.5,314.2274,0.0046,True,314.2308,58.0,4,False,0.0014,0.0034,-0.0009,-0.0056,-0.0018,1511.4834
12000,8750,-20,166,0.435,arada,0.0034,1.0,10.0,0.0,2,314.2228,1900.0,314.2308,0.008,True,314.2308,42.0,3,False,0.0012,0.0,-0.0012,-0.0075,-0.0024,inf
12000,8750,-20,166,0.435,arada,0.0034,1.0,10.0,0.0,3,314.2228,1875.0,314.2735,0.0507,True,314.2308,90.0,6,False,0.008,-0.0427,-0.0141,-0.0848,-0.027,inf
12000,8750,-20,166,0.435,arada,0.0034,1.0,10.0,0.0,4,314.2228,1850.0,314.5141,0.2913,True,314.2308,74.0,5,False,0.0093,-0.2833,-0.0508,-0.3051,-0.0971,inf
12000,8750,-20,171,0.652,1900,0.0,1.0,10.0,0.0,0,330.0909,1887.5,330.3007,0.2098,True,330.0909,58.0,4,False,0.0076,-0.2098,-0.0393,-0.2359,-0.0715,inf
12000,8750,-20,171,0.652,1900,0.0,1.0,10.0,0.0,1,330.0909,1900.0,330.0909,0.0,True,330.0909,42.0,3,False,0.0057,0.0,-0.0058,-0.0347,-0.0105,inf
12000,8750,-20,171,0.652,1900,0.0,1.0,10.0,0.0,2,330.0909,1887.5,330.3007,0.2098,True,330.0909,58.0,4,False,0.0076,-0.2098,-0.0393,-0.2359,-0.0715,inf
12000,8750,-20,171,0.652,1900,0.0,1.0,10.0,0.0,3,330.0909,1900.0,330.0909,0.0,True,330.0909,42.0,3,False,0.0057,0.0,-0.0058,-0.0347,-0.0105,inf
12000,8750,-20,171,0.652,1900,0.0,1.0,10.0,0.0,4,330.0909,1900.0,330.0909,0.0,True,330.0909,42.0,3,False,0.0057,0.0,-0.0058,-0.0347,-0.0105,inf
12000,8750,-20,176,0.87,1900,0.0,1.0,10.0,0.0,0,347.8182,1887.5,348.1177,0.2995,True,347.8182,58.0,4,False,0.0104,-0.2995,-0.0557,-0.334,-0.096,inf
12000,8750,-20,176,0.87,1900,0.0,1.0,10.0,0.0,1,347.8182,1900.0,347.8182,-0.0,True,347.8182,42.0,3,False,0.0077,0.0,-0.0079,-0.0472,-0.0136,inf
12000,8750,-20,176,0.87,1900,0.0,1.0,10.0,0.0,2,347.8182,1900.0,347.8182,-0.0,True,347.8182,42.0,3,False,0.0077,0.0,-0.0079,-0.0472,-0.0136,inf
12000,8750,-20,176,0.87,1900,0.0,1.0,10.0,0.0,3,347.8182,1900.0,347.8182,-0.0,True,347.8182,42.0,3,False,0.0077,0.0,-0.0079,-0.0472,-0.0136,inf
12000,8750,-20,176,0.87,1900,0.0,1.0,10.0,0.0,4,347.8182,1887.5,348.1177,0.2995,True,347.8182,58.0,4,False,0.0104,-0.2995,-0.0557,-0.334,-0.096,inf
12000,8750,-20,179,1.0,1900,0.0,1.0,10.0,0.0,0,358.4545,1887.5,358.9236,0.4691,True,358.4545,58.0,4,False,0.0157,-0.4691,-0.0866,-0.5194,-0.1449,inf
12000,8750,-20,179,1.0,1900,0.0,1.0,10.0,0.0,1,358.4545,1900.0,358.4545,0.0,True,358.4545,42.0,3,False,0.0115,0.0,-0.0118,-0.0708,-0.0198,inf
12000,8750,-20,179,1.0,1900,0.0,1.0,10.0,0.0,2,358.4545,1887.5,358.9236,0.4691,True,358.4545,58.0,4,False,0.0157,-0.4691,-0.0866,-0.5194,-0.1449,inf
12000,8750,-20,179,1.0,1900,0.0,1.0,10.0,0.0,3,358.4545,1900.0,358.4545,0.0,True,358.4545,42.0,3,False,0.0115,0.0,-0.0118,-0.0708,-0.0198,inf
12000,8750,-20,179,1.0,1900,0.0,1.0,10.0,0.0,4,358.4545,1900.0,358.4545,0.0,True,358.4545,42.0,3,False,0.0115,0.0,-0.0118,-0.0708,-0.0198,inf
12000,8750,-10,159,0.0,1900,0.0,1.0,10.0,0.0,0,288.0,1900.0,288.0,-0.0,True,288.0,42.0,3,False,0.0068,0.0,-0.0069,-0.0414,-0.0144,inf
12000,8750,-10,159,0.0,1900,0.0,1.0,10.0,0.0,1,288.0,1900.0,288.0,-0.0,True,288.0,42.0,3,False,0.0068,0.0,-0.0069,-0.0414,-0.0144,inf
12000,8750,-10,159,0.0,1900,0.0,1.0,10.0,0.0,2,288.0,1900.0,288.0,-0.0,True,288.0,42.0,3,False,0.0068,0.0,-0.0069,-0.0414,-0.0144,inf
12000,8750,-10,159,0.0,1900,0.0,1.0,10.0,0.0,3,288.0,1900.0,288.0,-0.0,True,288.0,42.0,3,False,0.0068,0.0,-0.0069,-0.0414,-0.0144,inf
12000,8750,-10,159,0.0,1900,0.0,1.0,10.0,0.0,4,288.0,1900.0,288.0,-0.0,True,288.0,42.0,3,False,0.0068,0.0,-0.0069,-0.0414,-0.0144,inf
12000,8750,-10,164,0.312,1900,0.0,1.0,10.0,0.0,0,303.0,1900.0,303.0,-0.0,True,303.0,42.0,3,False,0.0062,0.0,-0.0063,-0.0378,-0.0125,inf
12000,8750,-10,164,0.312,1900,0.0,1.0,10.0,0.0,1,303.0,1900.0,303.0,-0.0,True,303.0,42.0,3,False,0.0062,0.0,-0.0063,-0.0378,-0.0125,inf
12000,8750,-10,164,0.312,1900,0.0,1.0,10.0,0.0,2,303.0,1887.5,303.2465,0.2465,True,303.0,58.0,4,False,0.0083,-0.2465,-0.0456,-0.2737,-0.0903,inf
12000,8750,-10,164,0.312,1900,0.0,1.0,10.0,0.0,3,303.0,1900.0,303.0,-0.0,True,303.0,42.0,3,False,0.0062,0.0,-0.0063,-0.0378,-0.0125,inf
12000,8750,-10,164,0.312,1900,0.0,1.0,10.0,0.0,4,303.0,1887.5,303.2465,0.2465,True,303.0,58.0,4,False,0.0083,-0.2465,-0.0456,-0.2737,-0.0903,inf
12000,8750,-10,169,0.625,1900,0.0,1.0,10.0,0.0,0,318.0,1900.0,318.0,-0.0,True,318.0,42.0,3,False,0.0042,0.0,-0.0043,-0.0257,-0.0081,inf
12000,8750,-10,169,0.625,1900,0.0,1.0,10.0,0.0,1,318.0,1900.0,318.0,-0.0,True,318.0,42.0,3,False,0.0042,0.0,-0.0043,-0.0257,-0.0081,inf
12000,8750,-10,169,0.625,1900,0.0,1.0,10.0,0.0,2,318.0,1887.5,318.1302,0.1302,True,318.0,58.0,4,False,0.0055,-0.1302,-0.0252,-0.1512,-0.0476,inf
12000,8750,-10,169,0.625,1900,0.0,1.0,10.0,0.0,3,318.0,1900.0,318.0,-0.0,True,318.0,42.0,3,False,0.0042,0.0,-0.0043,-0.0257,-0.0081,inf
12000,8750,-10,169,0.625,1900,0.0,1.0,10.0,0.0,4,318.0,1900.0,318.0,-0.0,True,318.0,42.0,3,False,0.0042,0.0,-0.0043,-0.0257,-0.0081,inf
12000,8750,-10,174,0.938,1900,0.0,1.0,10.0,0.0,0,335.1,1900.0,335.1,-0.0,True,335.1,42.0,3,False,0.006,0.0,-0.0062,-0.0369,-0.011,inf
12000,8750,-10,174,0.938,1900,0.0,1.0,10.0,0.0,1,335.1,1900.0,335.1,-0.0,True,335.1,42.0,3,False,0.006,0.0,-0.0062,-0.0369,-0.011,inf
12000,8750,-10,174,0.938,1900,0.0,1.0,10.0,0.0,2,335.1,1900.0,335.1,-0.0,True,335.1,42.0,3,False,0.006,0.0,-0.0062,-0.0369,-0.011,inf
12000,8750,-10,174,0.938,1900,0.0,1.0,10.0,0.0,3,335.1,1887.5,335.3042,0.2042,True,335.1,58.0,4,False,0.008,-0.2042,-0.0389,-0.2332,-0.0696,inf
12000,8750,-10,174,0.938,1900,0.0,1.0,10.0,0.0,4,335.1,1900.0,335.1,-0.0,True,335.1,42.0,3,False,0.006,0.0,-0.0062,-0.0369,-0.011,inf
12000,8750,-10,175,1.0,1900,0.0,1.0,10.0,0.0,0,338.8,1900.0,338.8,-0.0,True,338.8,42.0,3,False,0.0063,0.0,-0.0064,-0.0383,-0.0113,inf
12000,8750,-10,175,1.0,1900,0.0,1.0,10.0,0.0,1,338.8,1900.0,338.8,-0.0,True,338.8,42.0,3,False,0.0063,0.0,-0.0064,-0.0383,-0.0113,inf
12000,8750,-10,175,1.0,1900,0.0,1.0,10.0,0.0,2,338.8,1900.0,338.8,-0.0,True,338.8,42.0,3,False,0.0063,0.0,-0.0064,-0.0383,-0.0113,inf
12000,8750,-10,175,1.0,1900,0.0,1.0,10.0,0.0,3,338.8,1900.0,338.8,-0.0,True,338.8,42.0,3,False,0.0063,0.0,-0.0064,-0.0383,-0.0113,inf
12000,8750,-10,175,1.0,1900,0.0,1.0,10.0,0.0,4,338.8,1900.0,338.8,-0.0,True,338.8,42.0,3,False,0.0063,0.0,-0.0064,-0.0383,-0.0113,inf
12000,8750,0,161,0.0,1900,0.0,1.0,10.0,0.0,0,293.0,1900.0,293.0,-0.0,True,293.0,42.0,3,False,0.002,0.0,-0.002,-0.0119,-0.0041,inf
12000,8750,0,161,0.0,1900,0.0,1.0,10.0,0.0,1,293.0,1850.0,293.4074,0.4074,True,293.0,74.0,5,False,0.0113,-0.4074,-0.071,-0.4258,-0.1453,inf
12000,8750,0,161,0.0,1900,0.0,1.0,10.0,0.0,2,293.0,1887.5,293.0394,0.0394,True,293.0,58.0,4,False,0.0025,-0.0394,-0.0084,-0.0505,-0.0173,inf
12000,8750,0,161,0.0,1900,0.0,1.0,10.0,0.0,3,293.0,1887.5,293.0394,0.0394,True,293.0,58.0,4,False,0.0025,-0.0394,-0.0084,-0.0505,-0.0173,inf
12000,8750,0,161,0.0,1900,0.0,1.0,10.0,0.0,4,293.0,1850.0,293.4074,0.4074,True,293.0,74.0,5,False,0.0113,-0.4074,-0.071,-0.4258,-0.1453,inf
12000,8750,0,166,0.625,1900,0.0,1.0,10.0,0.0,0,303.8333,1900.0,303.8333,0.0,True,303.8333,42.0,3,False,0.0043,0.0,-0.0044,-0.0262,-0.0086,inf
12000,8750,0,166,0.625,1900,0.0,1.0,10.0,0.0,1,303.8333,1887.5,303.9647,0.1314,True,303.8333,58.0,4,False,0.0056,-0.1314,-0.0255,-0.1529,-0.0503,inf
12000,8750,0,166,0.625,1900,0.0,1.0,10.0,0.0,2,303.8333,1900.0,303.8333,0.0,True,303.8333,42.0,3,False,0.0043,0.0,-0.0044,-0.0262,-0.0086,inf
12000,8750,0,166,0.625,1900,0.0,1.0,10.0,0.0,3,303.8333,1900.0,303.8333,0.0,True,303.8333,42.0,3,False,0.0043,0.0,-0.0044,-0.0262,-0.0086,inf
12000,8750,0,166,0.625,1900,0.0,1.0,10.0,0.0,4,303.8333,1900.0,303.8333,0.0,True,303.8333,42.0,3,False,0.0043,0.0,-0.0044,-0.0262,-0.0086,inf
12000,8750,0,169,1.0,1900,0.0,1.0,10.0,0.0,0,312.75,1887.5,313.0205,0.2705,True,312.75,58.0,4,False,0.0096,-0.2705,-0.0505,-0.3032,-0.097,inf
12000,8750,0,169,1.0,1900,0.0,1.0,10.0,0.0,1,312.75,1900.0,312.75,-0.0,True,312.75,42.0,3,False,0.0072,0.0,-0.0073,-0.044,-0.0141,inf
12000,8750,0,169,1.0,1900,0.0,1.0,10.0,0.0,2,312.75,1900.0,312.75,-0.0,True,312.75,42.0,3,False,0.0072,0.0,-0.0073,-0.044,-0.0141,inf
12000,8750,0,169,1.0,1900,0.0,1.0,10.0,0.0,3,312.75,1900.0,312.75,-0.0,True,312.75,42.0,3,False,0.0072,0.0,-0.0073,-0.044,-0.0141,inf
12000,8750,0,169,1.0,1900,0.0,1.0,10.0,0.0,4,312.75,1900.0,312.75,-0.0,True,312.75,42.0,3,False,0.0072,0.0,-0.0073,-0.044,-0.0141,inf
14000,8750,-54,148,0.0,arada,2.1562,1.0,10.0,0.0,0,259.8393,1775.0,259.8472,0.0079,True,262.0,122.0,8,False,-0.0568,2.1528,0.3426,2.0555,0.7846,0.0
14000,8750,-54,148,0.0,arada,2.1562,1.0,10.0,0.0,1,259.8393,1800.0,259.8889,0.0496,True,262.0,138.0,9,False,-0.0653,2.1111,0.3363,2.0177,0.7701,0.0
14000,8750,-54,148,0.0,arada,2.1562,1.0,10.0,0.0,2,259.8393,1787.5,259.8437,0.0044,True,262.0,154.0,10,False,-0.0749,2.1562,0.342,2.0522,0.7833,0.0
14000,8750,-54,148,0.0,arada,2.1562,1.0,10.0,0.0,3,259.8393,1750.0,260.0,0.1607,True,262.0,106.0,7,False,-0.0464,2.0,0.3208,1.9247,0.7346,0.0
14000,8750,-54,148,0.0,arada,2.1562,1.0,10.0,0.0,4,259.8393,1800.0,259.8889,0.0496,True,262.0,90.0,6,False,-0.0414,2.1111,0.3405,2.0432,0.7799,0.0
14000,8750,-54,153,0.167,arada,1.4167,1.0,10.0,0.0,0,275.1629,1837.5,275.3984,0.2355,True,276.5833,90.0,6,False,-0.0239,1.1849,0.1918,1.1506,0.416,0.0
14000,8750,-54,153,0.167,arada,1.4167,1.0,10.0,0.0,1,275.1629,1775.0,275.2118,0.0489,True,276.5833,122.0,8,False,-0.0347,1.3715,0.2168,1.3006,0.4702,0.0
14000,8750,-54,153,0.167,arada,1.4167,1.0,10.0,0.0,2,275.1629,1787.5,275.1693,0.0064,True,276.5833,106.0,7,False,-0.0335,1.4141,0.2275,1.3649,0.4935,0.0
14000,8750,-54,153,0.167,arada,1.4167,1.0,10.0,0.0,3,275.1629,1812.5,275.204,0.0411,True,276.5833,122.0,8,False,-0.0381,1.3793,0.2212,1.3274,0.4799,0.0
14000,8750,-54,153,0.167,arada,1.4167,1.0,10.0,0.0,4,275.1629,1800.0,275.1667,0.0038,True,276.5833,90.0,6,False,-0.0274,1.4167,0.228,1.3683,0.4947,0.0
14000,8750,-54,158,0.333,arada,1.1059,1.0,10.0,0.0,0,290.0551,1825.0,290.0625,0.0074,True,291.1667,154.0,10,False,-0.0266,1.1042,0.1634,0.9804,0.3367,0.0
14000,8750,-54,158,0.333,arada,1.1059,1.0,10.0,0.0,1,290.0551,1850.0,290.2222,0.1671,True,291.1667,122.0,8,False,-0.0261,0.9444,0.1516,0.9096,0.3124,0.0
14000,8750,-54,158,0.333,arada,1.1059,1.0,10.0,0.0,2,290.0551,1800.0,290.1111,0.056,True,291.1667,90.0,6,False,-0.019,1.0556,0.1685,1.0109,0.3472,0.0
14000,8750,-54,158,0.333,arada,1.1059,1.0,10.0,0.0,3,290.0551,1787.5,290.2135,0.1584,True,291.1667,106.0,7,False,-0.0226,0.9531,0.1533,0.92,0.316,0.0
14000,8750,-54,158,0.333,arada,1.1059,1.0,10.0,0.0,4,290.0551,1837.5,290.1163,0.0612,True,291.1667,90.0,6,False,-0.0204,1.0503,0.1693,1.0155,0.3488,0.0
14000,8750,-54,163,0.5,arada,0.5126,1.0,10.0,0.0,0,307.121,1875.0,307.2889,0.1679,True,307.6364,90.0,6,False,-0.0067,0.3475,0.0559,0.3356,0.1091,0.0
14000,8750,-54,163,0.5,arada,0.5126,1.0,10.0,0.0,1,307.121,1837.5,307.1237,0.0027,True,307.6364,90.0,6,False,-0.009,0.5126,0.0816,0.4898,0.1592,0.0
14000,8750,-54,163,0.5,arada,0.5126,1.0,10.0,0.0,2,307.121,1800.0,307.3859,0.2649,True,307.6364,90.0,6,False,-0.0023,0.2505,0.0377,0.2263,0.0736,0.0
14000,8750,-54,163,0.5,arada,0.5126,1.0,10.0,0.0,3,307.121,1837.5,307.1237,0.0027,True,307.6364,90.0,6,False,-0.009,0.5126,0.0816,0.4898,0.1592,0.0
14000,8750,-54,163,0.5,arada,0.5126,1.0,10.0,0.0,4,307.121,1800.0,307.3859,0.2649,True,307.6364,90.0,6,False,-0.0023,0.2505,0.0377,0.2263,0.0736,0.0
14000,8750,-54,168,0.667,arada,0.3283,1.0,10.0,0.0,0,325.0201,1850.0,325.0354,0.0153,True,325.3636,74.0,5,False,-0.0022,0.3283,0.0501,0.3006,0.0924,0.0
14000,8750,-54,168,0.667,arada,0.3283,1.0,10.0,0.0,1,325.0201,1875.0,325.0736,0.0535,True,325.3636,90.0,6,False,-0.0025,0.29,0.0436,0.2618,0.0805,0.0
14000,8750,-54,168,0.667,arada,0.3283,1.0,10.0,0.0,2,325.0201,1900.0,325.3636,0.3435,True,325.3636,42.0,3,False,-0.0021,0.0,0.0022,0.0135,0.0041,0.0
14000,8750,-54,168,0.667,arada,0.3283,1.0,10.0,0.0,3,325.0201,1850.0,325.0354,0.0153,True,325.3636,74.0,5,False,-0.0022,0.3283,0.0501,0.3006,0.0924,0.0
14000,8750,-54,168,0.667,arada,0.3283,1.0,10.0,0.0,4,325.0201,1887.5,325.1872,0.1671,True,325.3636,58.0,4,False,-0.0034,0.1765,0.03,0.18,0.0553,0.0
14000,8750,-54,173,0.833,arada,0.0,1.0,10.0,0.0,0,344.3961,1900.0,344.4,0.0039,True,344.4,42.0,3,False,0.0019,0.0,-0.0019,-0.0113,-0.0033,inf
14000,8750,-54,173,0.833,arada,0.0,1.0,10.0,0.0,1,344.3961,1900.0,344.4,0.0039,True,344.4,42.0,3,False,0.0019,0.0,-0.0019,-0.0113,-0.0033,inf
14000,8750,-54,173,0.833,arada,0.0,1.0,10.0,0.0,2,344.3961,1900.0,344.4,0.0039,True,344.4,42.0,3,False,0.0019,0.0,-0.0019,-0.0113,-0.0033,inf
14000,8750,-54,173,0.833,arada,0.0,1.0,10.0,0.0,3,344.3961,1887.5,344.4093,0.0132,True,344.4,58.0,4,False,0.0022,-0.0093,-0.0036,-0.0218,-0.0063,inf
14000,8750,-54,173,0.833,arada,0.0,1.0,10.0,0.0,4,344.3961,1887.5,344.4093,0.0132,True,344.4,58.0,4,False,0.0022,-0.0093,-0.0036,-0.0218,-0.0063,inf
14000,8750,-54,178,1.0,1900,0.0,1.0,10.0,0.0,0,365.4,1900.0,365.4,-0.0,True,365.4,42.0,3,False,0.0048,0.0,-0.0049,-0.0293,-0.008,inf
14000,8750,-54,178,1.0,1900,0.0,1.0,10.0,0.0,1,365.4,1900.0,365.4,-0.0,True,365.4,42.0,3,False,0.0048,0.0,-0.0049,-0.0293,-0.008,inf
14000,8750,-54,178,1.0,1900,0.0,1.0,10.0,0.0,2,365.4,1900.0,365.4,-0.0,True,365.4,42.0,3,False,0.0048,0.0,-0.0049,-0.0293,-0.008,inf
14000,8750,-54,178,1.0,1900,0.0,1.0,10.0,0.0,3,365.4,1887.5,365.5404,0.1404,True,365.4,58.0,4,False,0.0062,-0.1404,-0.0275,-0.1649,-0.0451,inf
14000,8750,-54,178,1.0,1900,0.0,1.0,10.0,0.0,4,365.4,1900.0,365.4,-0.0,True,365.4,42.0,3,False,0.0048,0.0,-0.0049,-0.0293,-0.008,inf
14000,8750,-50,150,0.0,arada,0.0107,1.0,10.0,0.0,0,263.989,1862.5,264.0577,0.0687,True,264.0,90.0,6,False,0.0014,-0.0577,-0.0096,-0.0576,-0.0218,inf
14000,8750,-50,150,0.0,arada,0.0107,1.0,10.0,0.0,1,263.989,1862.5,264.0577,0.0687,True,264.0,106.0,7,False,0.0048,-0.0577,-0.0127,-0.0764,-0.029,inf
14000,8750,-50,150,0.0,arada,0.0107,1.0,10.0,0.0,2,263.989,1875.0,264.0085,0.0195,True,264.0,90.0,6,False,0.0042,-0.0085,-0.0055,-0.0327,-0.0124,inf
14000,8750,-50,150,0.0,arada,0.0107,1.0,10.0,0.0,3,263.989,1900.0,264.0,0.011,True,264.0,42.0,3,False,0.0006,0.0,-0.0006,-0.0034,-0.0013,inf
14000,8750,-50,150,0.0,arada,0.0107,1.0,10.0,0.0,4,263.989,1850.0,264.1368,0.1478,True,264.0,74.0,5,False,0.0049,-0.1368,-0.025,-0.1499,-0.0568,inf
14000,8750,-50,155,0.172,arada,0.3901,1.0,10.0,0.0,0,279.064,1850.0,279.0645,0.0005,True,279.4545,74.0,5,False,-0.0047,0.3901,0.0617,0.3701,0.1324,0.0
14000,8750,-50,155,0.172,arada,0.3901,1.0,10.0,0.0,1,279.064,1837.5,279.0804,0.0164,True,279.4545,90.0,6,False,-0.0061,0.3742,0.0591,0.3546,0.1269,0.0
14000,8750,-50,155,0.172,arada,0.3901,1.0,10.0,0.0,2,279.064,1862.5,279.094,0.03,True,279.4545,106.0,7,False,-0.0064,0.3606,0.0559,0.3352,0.1199,0.0
14000,8750,-50,155,0.172,arada,0.3901,1.0,10.0,0.0,3,279.064,1850.0,279.0645,0.0005,True,279.4545,74.0,5,False,-0.0047,0.3901,0.0617,0.3701,0.1324,0.0
14000,8750,-50,155,0.172,arada,0.3901,1.0,10.0,0.0,4,279.064,1850.0,279.0645,0.0005,True,279.4545,74.0,5,False,-0.0047,0.3901,0.0617,0.3701,0.1324,0.0
14000,8750,-50,160,0.345,arada,1.198,1.0,10.0,0.0,0,293.7098,1825.0,293.7111,0.0013,True,294.9091,106.0,7,False,-0.0233,1.198,0.1876,1.1257,0.3817,0.0
14000,8750,-50,160,0.345,arada,1.198,1.0,10.0,0.0,1,293.7098,1800.0,293.8815,0.1717,True,294.9091,90.0,6,False,-0.0172,1.0276,0.1627,0.9762,0.331,0.0
14000,8750,-50,160,0.345,arada,1.198,1.0,10.0,0.0,2,293.7098,1825.0,293.7111,0.0013,True,294.9091,106.0,7,False,-0.0275,1.198,0.1918,1.1509,0.3903,0.0
14000,8750,-50,160,0.345,arada,1.198,1.0,10.0,0.0,3,293.7098,1850.0,293.8256,0.1158,True,294.9091,74.0,5,False,-0.017,1.0835,0.1754,1.0523,0.3568,0.0
14000,8750,-50,160,0.345,arada,1.198,1.0,10.0,0.0,4,293.7098,1837.5,293.7327,0.0229,True,294.9091,90.0,6,False,-0.0223,1.1764,0.189,1.1339,0.3845,0.0
14000,8750,-50,165,0.517,arada,0.8597,1.0,10.0,0.0,0,310.9579,1850.0,310.9854,0.0275,True,311.8182,74.0,5,False,-0.0118,0.8328,0.1335,0.8009,0.2569,0.0
14000,8750,-50,165,0.517,arada,0.8597,1.0,10.0,0.0,1,310.9579,1875.0,311.2568,0.2989,True,311.8182,90.0,6,False,-0.0113,0.5614,0.0909,0.5456,0.175,0.0
14000,8750,-50,165,0.517,arada,0.8597,1.0,10.0,0.0,2,310.9579,1800.0,311.3127,0.3548,True,311.8182,90.0,6,False,-0.0061,0.5055,0.0776,0.4657,0.1494,0.0
14000,8750,-50,165,0.517,arada,0.8597,1.0,10.0,0.0,3,310.9579,1800.0,311.3127,0.3548,True,311.8182,90.0,6,False,-0.0061,0.5055,0.0776,0.4657,0.1494,0.0
14000,8750,-50,165,0.517,arada,0.8597,1.0,10.0,0.0,4,310.9579,1850.0,310.9854,0.0275,True,311.8182,122.0,8,False,-0.0148,0.8328,0.1253,0.7521,0.2412,0.0
14000,8750,-50,170,0.69,arada,0.5157,1.0,10.0,0.0,0,328.5704,1850.0,328.5752,0.0048,True,329.0909,74.0,5,False,-0.0049,0.5157,0.0802,0.4813,0.1463,0.0
14000,8750,-50,170,0.69,arada,0.5157,1.0,10.0,0.0,1,328.5704,1837.5,328.6419,0.0715,True,329.0909,90.0,6,False,-0.0063,0.449,0.0699,0.4192,0.1274,0.0
14000,8750,-50,170,0.69,arada,0.5157,1.0,10.0,0.0,2,328.5704,1875.0,328.6765,0.1061,True,329.0909,90.0,6,False,-0.0051,0.4144,0.0639,0.3832,0.1165,0.0
14000,8750,-50,170,0.69,arada,0.5157,1.0,10.0,0.0,3,328.5704,1850.0,328.5752,0.0048,True,329.0909,74.0,5,False,-0.0049,0.5157,0.0802,0.4813,0.1463,0.0
14000,8750,-50,170,0.69,arada,0.5157,1.0,10.0,0.0,4,328.5704,1900.0,329.0909,0.5205,False,329.0909,42.0,3,False,-0.0033,0.0,0.0034,0.0203,0.0062,0.0
14000,8750,-50,175,0.862,arada,0.0191,1.0,10.0,0.0,0,348.5789,1900.0,348.6,0.0211,True,348.6,42.0,3,False,0.0015,0.0,-0.0015,-0.0092,-0.0026,inf
14000,8750,-50,175,0.862,arada,0.0191,1.0,10.0,0.0,1,348.5789,1900.0,348.6,0.0211,True,348.6,42.0,3,False,0.0015,0.0,-0.0015,-0.0092,-0.0026,inf
14000,8750,-50,175,0.862,arada,0.0191,1.0,10.0,0.0,2,348.5789,1900.0,348.6,0.0211,True,348.6,42.0,3,False,0.0015,0.0,-0.0015,-0.0092,-0.0026,inf
14000,8750,-50,175,0.862,arada,0.0191,1.0,10.0,0.0,3,348.5789,1875.0,348.6354,0.0565,True,348.6,74.0,5,False,0.0023,-0.0354,-0.0076,-0.0454,-0.013,inf
14000,8750,-50,175,0.862,arada,0.0191,1.0,10.0,0.0,4,348.5789,1900.0,348.6,0.0211,True,348.6,42.0,3,False,0.0015,0.0,-0.0015,-0.0092,-0.0026,inf
14000,8750,-50,179,1.0,1900,0.0,1.0,10.0,0.0,0,365.4,1887.5,365.464,0.064,True,365.4,58.0,4,False,0.0044,-0.064,-0.0141,-0.0845,-0.0231,inf
14000,8750,-50,179,1.0,1900,0.0,1.0,10.0,0.0,1,365.4,1850.0,366.1358,0.7358,False,365.4,74.0,5,False,0.0208,-0.7358,-0.1285,-0.771,-0.211,inf
14000,8750,-50,179,1.0,1900,0.0,1.0,10.0,0.0,2,365.4,1900.0,365.4,-0.0,True,365.4,42.0,3,False,0.0035,0.0,-0.0036,-0.0213,-0.0058,inf
14000,8750,-50,179,1.0,1900,0.0,1.0,10.0,0.0,3,365.4,1900.0,365.4,-0.0,True,365.4,90.0,6,False,0.0167,0.0,-0.0167,-0.1002,-0.0274,inf
14000,8750,-50,179,1.0,1900,0.0,1.0,10.0,0.0,4,365.4,1850.0,366.1358,0.7358,False,365.4,74.0,5,False,0.0208,-0.7358,-0.1285,-0.771,-0.211,inf
14000,8750,-40,153,0.0,arada,0.5932,1.0,10.0,0.0,0,268.4065,1875.0,268.6134,0.2069,True,269.0,90.0,6,False,-0.0078,0.3866,0.0626,0.3758,0.1397,0.0
14000,8750,-40,153,0.0,arada,0.5932,1.0,10.0,0.0,1,268.4065,1850.0,268.4259,0.0194,True,269.0,74.0,5,False,-0.0081,0.5741,0.092,0.5522,0.2053,0.0
14000,8750,-40,153,0.0,arada,0.5932,1.0,10.0,0.0,2,268.4065,1850.0,268.4259,0.0194,True,269.0,74.0,5,False,-0.0081,0.5741,0.092,0.5522,0.2053,0.0
14000,8750,-40,153,0.0,arada,0.5932,1.0,10.0,0.0,3,268.4065,1850.0,268.4259,0.0194,True,269.0,74.0,5,False,-0.0081,0.5741,0.092,0.5522,0.2053,0.0
14000,8750,-40,153,0.0,arada,0.5932,1.0,10.0,0.0,4,268.4065,1850.0,268.4259,0.0194,True,269.0,74.0,5,False,-0.0081,0.5741,0.092,0.5522,0.2053,0.0
14000,8750,-40,158,0.179,arada,2.2404,1.0,10.0,0.0,0,283.7563,1800.0,283.7596,0.0033,True,286.0,90.0,6,False,-0.0425,2.2404,0.3598,2.1591,0.7549,0.0
14000,8750,-40,158,0.179,arada,2.2404,1.0,10.0,0.0,1,283.7563,1800.0,283.7596,0.0033,True,286.0,90.0,6,False,-0.0425,2.2404,0.3598,2.1591,0.7549,0.0
14000,8750,-40,158,0.179,arada,2.2404,1.0,10.0,0.0,2,283.7563,1812.5,283.7749,0.0186,True,286.0,122.0,8,False,-0.0603,2.2251,0.3557,2.1344,0.7463,0.0
14000,8750,-40,158,0.179,arada,2.2404,1.0,10.0,0.0,3,283.7563,1812.5,283.7749,0.0186,True,286.0,122.0,8,False,-0.0603,2.2251,0.3557,2.1344,0.7463,0.0
14000,8750,-40,158,0.179,arada,2.2404,1.0,10.0,0.0,4,283.7563,1787.5,283.8199,0.0636,True,286.0,106.0,7,False,-0.0516,2.1801,0.3507,2.1044,0.7358,0.0
14000,8750,-40,163,0.357,arada,0.8327,1.0,10.0,0.0,0,300.1672,1850.0,300.204,0.0368,True,301.0,74.0,5,False,-0.0116,0.796,0.1279,0.7675,0.255,0.0
14000,8750,-40,163,0.357,arada,0.8327,1.0,10.0,0.0,1,300.1672,1875.0,300.4722,0.305,True,301.0,90.0,6,False,-0.0111,0.5278,0.0859,0.5155,0.1713,0.0
14000,8750,-40,163,0.357,arada,0.8327,1.0,10.0,0.0,2,300.1672,1900.0,301.0,0.8328,False,301.0,42.0,3,False,-0.0047,0.0,0.0049,0.0291,0.0097,0.0
14000,8750,-40,163,0.357,arada,0.8327,1.0,10.0,0.0,3,300.1672,1850.0,300.204,0.0368,True,301.0,74.0,5,False,-0.0116,0.796,0.1279,0.7675,0.255,0.0
14000,8750,-40,163,0.357,arada,0.8327,1.0,10.0,0.0,4,300.1672,1850.0,300.204,0.0368,True,301.0,74.0,5,False,-0.0116,0.796,0.1279,0.7675,0.255,0.0
14000,8750,-40,168,0.536,arada,0.1713,1.0,10.0,0.0,0,315.8262,1837.5,316.0752,0.249,True,316.0,90.0,6,False,0.0045,-0.0752,-0.0153,-0.0916,-0.029,inf
14000,8750,-40,168,0.536,arada,0.1713,1.0,10.0,0.0,1,315.8262,1850.0,315.9259,0.0997,True,316.0,74.0,5,False,0.0033,0.0741,0.0074,0.0445,0.0141,161.2713
14000,8750,-40,168,0.536,arada,0.1713,1.0,10.0,0.0,2,315.8262,1875.0,315.8287,0.0025,True,316.0,74.0,5,False,-0.0022,0.1713,0.0273,0.1635,0.0517,0.0
14000,8750,-40,168,0.536,arada,0.1713,1.0,10.0,0.0,3,315.8262,1900.0,316.0,0.1738,True,316.0,90.0,6,False,0.0026,0.0,-0.0025,-0.015,-0.0047,inf
14000,8750,-40,168,0.536,arada,0.1713,1.0,10.0,0.0,4,315.8262,1900.0,316.0,0.1738,True,316.0,42.0,3,False,-0.0008,0.0,0.0009,0.0052,0.0016,0.0
14000,8750,-40,173,0.714,1900,0.0,1.0,10.0,0.0,0,334.6,1900.0,334.6,-0.0,True,334.6,42.0,3,False,0.0054,0.0,-0.0055,-0.0327,-0.0098,inf
14000,8750,-40,173,0.714,1900,0.0,1.0,10.0,0.0,1,334.6,1900.0,334.6,-0.0,True,334.6,42.0,3,False,0.0054,0.0,-0.0055,-0.0327,-0.0098,inf
14000,8750,-40,173,0.714,1900,0.0,1.0,10.0,0.0,2,334.6,1900.0,334.6,-0.0,True,334.6,42.0,3,False,0.0054,0.0,-0.0055,-0.0327,-0.0098,inf
14000,8750,-40,173,0.714,1900,0.0,1.0,10.0,0.0,3,334.6,1900.0,334.6,-0.0,True,334.6,42.0,3,False,0.0054,0.0,-0.0055,-0.0327,-0.0098,inf
14000,8750,-40,173,0.714,1900,0.0,1.0,10.0,0.0,4,334.6,1900.0,334.6,-0.0,True,334.6,42.0,3,False,0.0054,0.0,-0.0055,-0.0327,-0.0098,inf
14000,8750,-40,178,0.893,1900,0.0,1.0,10.0,0.0,0,354.1,1900.0,354.1,-0.0,True,354.1,42.0,3,False,0.0083,0.0,-0.0085,-0.0509,-0.0144,inf
14000,8750,-40,178,0.893,1900,0.0,1.0,10.0,0.0,1,354.1,1900.0,354.1,-0.0,True,354.1,42.0,3,False,0.0083,0.0,-0.0085,-0.0509,-0.0144,inf
14000,8750,-40,178,0.893,1900,0.0,1.0,10.0,0.0,2,354.1,1900.0,354.1,-0.0,True,354.1,42.0,3,False,0.0083,0.0,-0.0085,-0.0509,-0.0144,inf
14000,8750,-40,178,0.893,1900,0.0,1.0,10.0,0.0,3,354.1,1900.0,354.1,-0.0,True,354.1,42.0,3,False,0.0083,0.0,-0.0085,-0.0509,-0.0144,inf
14000,8750,-40,178,0.893,1900,0.0,1.0,10.0,0.0,4,354.1,1875.0,354.7821,0.6821,False,354.1,74.0,5,False,0.0158,-0.6821,-0.1157,-0.6944,-0.1961,inf
14000,8750,-40,181,1.0,1900,0.0,1.0,10.0,0.0,0,367.3333,1900.0,367.3333,0.0,True,367.3333,42.0,3,False,0.0093,0.0,-0.0095,-0.0568,-0.0155,inf
14000,8750,-40,181,1.0,1900,0.0,1.0,10.0,0.0,1,367.3333,1875.0,368.0972,0.7639,False,367.3333,74.0,5,False,0.0177,-0.7639,-0.1296,-0.7774,-0.2116,inf
14000,8750,-40,181,1.0,1900,0.0,1.0,10.0,0.0,2,367.3333,1900.0,367.3333,0.0,True,367.3333,42.0,3,False,0.0093,0.0,-0.0095,-0.0568,-0.0155,inf
14000,8750,-40,181,1.0,1900,0.0,1.0,10.0,0.0,3,367.3333,1900.0,367.3333,0.0,True,367.3333,42.0,3,False,0.0093,0.0,-0.0095,-0.0568,-0.0155,inf
14000,8750,-40,181,1.0,1900,0.0,1.0,10.0,0.0,4,367.3333,1887.5,367.684,0.3507,True,367.3333,58.0,4,False,0.0124,-0.3507,-0.0655,-0.3928,-0.1069,inf
14000,8750,-30,156,0.0,1900,0.0,1.0,10.0,0.0,0,273.0,1900.0,273.0,-0.0,True,273.0,42.0,3,False,0.0076,0.0,-0.0078,-0.0466,-0.0171,inf
14000,8750,-30,156,0.0,1900,0.0,1.0,10.0,0.0,1,273.0,1900.0,273.0,-0.0,True,273.0,42.0,3,False,0.0076,0.0,-0.0078,-0.0466,-0.0171,inf
14000,8750,-30,156,0.0,1900,0.0,1.0,10.0,0.0,2,273.0,1900.0,273.0,-0.0,True,273.0,42.0,3,False,0.0076,0.0,-0.0078,-0.0466,-0.0171,inf
14000,8750,-30,156,0.0,1900,0.0,1.0,10.0,0.0,3,273.0,1900.0,273.0,-0.0,True,273.0,42.0,3,False,0.0076,0.0,-0.0078,-0.0466,-0.0171,inf
14000,8750,-30,156,0.0,1900,0.0,1.0,10.0,0.0,4,273.0,1900.0,273.0,-0.0,True,273.0,42.0,3,False,0.0076,0.0,-0.0078,-0.0466,-0.0171,inf
14000,8750,-30,161,0.217,1900,0.0,1.0,10.0,0.0,0,288.0,1900.0,288.0,-0.0,True,288.0,42.0,3,False,0.0077,0.0,-0.0079,-0.0474,-0.0165,inf
14000,8750,-30,161,0.217,1900,0.0,1.0,10.0,0.0,1,288.0,1900.0,288.0,-0.0,True,288.0,42.0,3,False,0.0077,0.0,-0.0079,-0.0474,-0.0165,inf
14000,8750,-30,161,0.217,1900,0.0,1.0,10.0,0.0,2,288.0,1900.0,288.0,-0.0,True,288.0,42.0,3,False,0.0077,0.0,-0.0079,-0.0474,-0.0165,inf
14000,8750,-30,161,0.217,1900,0.0,1.0,10.0,0.0,3,288.0,1900.0,288.0,-0.0,True,288.0,42.0,3,False,0.0077,0.0,-0.0079,-0.0474,-0.0165,inf
14000,8750,-30,161,0.217,1900,0.0,1.0,10.0,0.0,4,288.0,1900.0,288.0,-0.0,True,288.0,42.0,3,False,0.0077,0.0,-0.0079,-0.0474,-0.0165,inf
14000,8750,-30,166,0.435,1900,0.0,1.0,10.0,0.0,0,303.6364,1900.0,303.6364,-0.0,True,303.6364,42.0,3,False,0.0069,0.0,-0.0071,-0.0426,-0.014,inf
14000,8750,-30,166,0.435,1900,0.0,1.0,10.0,0.0,1,303.6364,1900.0,303.6364,-0.0,True,303.6364,42.0,3,False,0.0069,0.0,-0.0071,-0.0426,-0.014,inf
14000,8750,-30,166,0.435,1900,0.0,1.0,10.0,0.0,2,303.6364,1900.0,303.6364,-0.0,True,303.6364,42.0,3,False,0.0069,0.0,-0.0071,-0.0426,-0.014,inf
14000,8750,-30,166,0.435,1900,0.0,1.0,10.0,0.0,3,303.6364,1900.0,303.6364,-0.0,True,303.6364,42.0,3,False,0.0069,0.0,-0.0071,-0.0426,-0.014,inf
14000,8750,-30,166,0.435,1900,0.0,1.0,10.0,0.0,4,303.6364,1900.0,303.6364,-0.0,True,303.6364,42.0,3,False,0.0069,0.0,-0.0071,-0.0426,-0.014,inf
14000,8750,-30,171,0.652,1900,0.0,1.0,10.0,0.0,0,321.8182,1887.5,321.9277,0.1095,True,321.8182,58.0,4,False,0.0047,-0.1095,-0.0213,-0.1276,-0.0396,inf
14000,8750,-30,171,0.652,1900,0.0,1.0,10.0,0.0,1,321.8182,1900.0,321.8182,-0.0,True,321.8182,42.0,3,False,0.0036,0.0,-0.0037,-0.022,-0.0068,inf
14000,8750,-30,171,0.652,1900,0.0,1.0,10.0,0.0,2,321.8182,1900.0,321.8182,-0.0,True,321.8182,42.0,3,False,0.0036,0.0,-0.0037,-0.022,-0.0068,inf
14000,8750,-30,171,0.652,1900,0.0,1.0,10.0,0.0,3,321.8182,1900.0,321.8182,-0.0,True,321.8182,42.0,3,False,0.0036,0.0,-0.0037,-0.022,-0.0068,inf
14000,8750,-30,171,0.652,1900,0.0,1.0,10.0,0.0,4,321.8182,1900.0,321.8182,-0.0,True,321.8182,42.0,3,False,0.0036,0.0,-0.0037,-0.022,-0.0068,inf
14000,8750,-30,176,0.87,arada,0.0,1.0,10.0,0.0,0,339.9977,1900.0,340.0,0.0023,True,340.0,42.0,3,False,0.0023,0.0,-0.0023,-0.0136,-0.004,inf
14000,8750,-30,176,0.87,arada,0.0,1.0,10.0,0.0,1,339.9977,1900.0,340.0,0.0023,True,340.0,42.0,3,False,0.0023,0.0,-0.0023,-0.0136,-0.004,inf
14000,8750,-30,176,0.87,arada,0.0,1.0,10.0,0.0,2,339.9977,1887.5,340.0174,0.0197,True,340.0,58.0,4,False,0.0027,-0.0174,-0.0053,-0.032,-0.0094,inf
14000,8750,-30,176,0.87,arada,0.0,1.0,10.0,0.0,3,339.9977,1900.0,340.0,0.0023,True,340.0,42.0,3,False,0.0023,0.0,-0.0023,-0.0136,-0.004,inf
14000,8750,-30,176,0.87,arada,0.0,1.0,10.0,0.0,4,339.9977,1887.5,340.0174,0.0197,True,340.0,58.0,4,False,0.0027,-0.0174,-0.0053,-0.032,-0.0094,inf
14000,8750,-30,179,1.0,1900,0.0,1.0,10.0,0.0,0,351.3333,1900.0,351.3333,0.0,True,351.3333,42.0,3,False,0.0105,0.0,-0.0107,-0.0642,-0.0183,inf
14000,8750,-30,179,1.0,1900,0.0,1.0,10.0,0.0,1,351.3333,1900.0,351.3333,0.0,True,351.3333,42.0,3,False,0.0105,0.0,-0.0107,-0.0642,-0.0183,inf
14000,8750,-30,179,1.0,1900,0.0,1.0,10.0,0.0,2,351.3333,1900.0,351.3333,0.0,True,351.3333,42.0,3,False,0.0105,0.0,-0.0107,-0.0642,-0.0183,inf
14000,8750,-30,179,1.0,1900,0.0,1.0,10.0,0.0,3,351.3333,1900.0,351.3333,0.0,True,351.3333,42.0,3,False,0.0105,0.0,-0.0107,-0.0642,-0.0183,inf
14000,8750,-30,179,1.0,1900,0.0,1.0,10.0,0.0,4,351.3333,1900.0,351.3333,0.0,True,351.3333,42.0,3,False,0.0105,0.0,-0.0107,-0.0642,-0.0183,inf
14000,8750,-20,158,0.0,arada,0.4444,1.0,10.0,0.0,0,277.5536,1900.0,278.0,0.4464,True,278.0,42.0,3,False,-0.0027,0.0,0.0028,0.0168,0.006,0.0
14000,8750,-20,158,0.0,arada,0.4444,1.0,10.0,0.0,1,277.5536,1850.0,277.5556,0.002,True,278.0,74.0,5,False,-0.0056,0.4444,0.0705,0.4231,0.1522,0.0
14000,8750,-20,158,0.0,arada,0.4444,1.0,10.0,0.0,2,277.5536,1850.0,277.5556,0.002,True,278.0,74.0,5,False,-0.0056,0.4444,0.0705,0.4231,0.1522,0.0
14000,8750,-20,158,0.0,arada,0.4444,1.0,10.0,0.0,3,277.5536,1887.5,277.816,0.2624,True,278.0,58.0,4,False,-0.004,0.184,0.0318,0.1909,0.0687,0.0
14000,8750,-20,158,0.0,arada,0.4444,1.0,10.0,0.0,4,277.5536,1850.0,277.5556,0.002,True,278.0,74.0,5,False,-0.0056,0.4444,0.0705,0.4231,0.1522,0.0
14000,8750,-20,163,0.294,1900,0.0,1.0,10.0,0.0,0,291.2308,1850.0,291.5979,0.3671,True,291.2308,74.0,5,False,0.0108,-0.3671,-0.0645,-0.387,-0.1329,inf
14000,8750,-20,163,0.294,1900,0.0,1.0,10.0,0.0,1,291.2308,1875.0,291.324,0.0932,True,291.2308,74.0,5,False,0.003,-0.0932,-0.0166,-0.0999,-0.0343,inf
14000,8750,-20,163,0.294,1900,0.0,1.0,10.0,0.0,2,291.2308,1887.5,291.2548,0.024,True,291.2308,58.0,4,False,0.0021,-0.024,-0.0058,-0.0346,-0.0119,inf
14000,8750,-20,163,0.294,1900,0.0,1.0,10.0,0.0,3,291.2308,1875.0,291.324,0.0932,True,291.2308,74.0,5,False,0.003,-0.0932,-0.0166,-0.0999,-0.0343,inf
14000,8750,-20,163,0.294,1900,0.0,1.0,10.0,0.0,4,291.2308,1900.0,291.2308,-0.0,True,291.2308,42.0,3,False,0.0017,0.0,-0.0017,-0.0104,-0.0036,inf
14000,8750,-20,168,0.588,arada,0.0,1.0,10.0,0.0,0,306.6154,1875.0,306.7146,0.0992,True,306.6154,90.0,6,False,0.0104,-0.0992,-0.0246,-0.1475,-0.0481,inf
14000,8750,-20,168,0.588,arada,0.0,1.0,10.0,0.0,1,306.6154,1900.0,306.6154,-0.0,True,306.6154,42.0,3,False,0.0019,0.0,-0.0019,-0.0115,-0.0037,inf
14000,8750,-20,168,0.588,arada,0.0,1.0,10.0,0.0,2,306.6154,1900.0,306.6154,-0.0,True,306.6154,42.0,3,False,0.0019,0.0,-0.0019,-0.0115,-0.0037,inf
14000,8750,-20,168,0.588,arada,0.0,1.0,10.0,0.0,3,306.6154,1887.5,306.639,0.0236,True,306.6154,58.0,4,False,0.0023,-0.0236,-0.0059,-0.0354,-0.0115,inf
14000,8750,-20,168,0.588,arada,0.0,1.0,10.0,0.0,4,306.6154,1900.0,306.6154,-0.0,True,306.6154,42.0,3,False,0.0019,0.0,-0.0019,-0.0115,-0.0037,inf
14000,8750,-20,173,0.882,arada,0.0,1.0,10.0,0.0,0,321.9979,1900.0,322.0,0.0021,True,322.0,42.0,3,False,0.0024,0.0,-0.0024,-0.0145,-0.0045,inf
14000,8750,-20,173,0.882,arada,0.0,1.0,10.0,0.0,1,321.9979,1875.0,322.1131,0.1152,True,322.0,74.0,5,False,0.004,-0.1131,-0.0206,-0.1238,-0.0384,inf
14000,8750,-20,173,0.882,arada,0.0,1.0,10.0,0.0,2,321.9979,1900.0,322.0,0.0021,True,322.0,42.0,3,False,0.0024,0.0,-0.0024,-0.0145,-0.0045,inf
14000,8750,-20,173,0.882,arada,0.0,1.0,10.0,0.0,3,321.9979,1875.0,322.1131,0.1152,True,322.0,90.0,6,False,0.0139,-0.1131,-0.03,-0.1799,-0.0559,inf
14000,8750,-20,173,0.882,arada,0.0,1.0,10.0,0.0,4,321.9979,1887.5,322.0193,0.0214,True,322.0,58.0,4,False,0.0029,-0.0193,-0.0058,-0.0349,-0.0108,inf
14000,8750,-20,175,1.0,1900,0.0,1.0,10.0,0.0,0,329.5,1887.5,329.5875,0.0875,True,329.5,58.0,4,False,0.0049,-0.0875,-0.0182,-0.1089,-0.0331,inf
14000,8750,-20,175,1.0,1900,0.0,1.0,10.0,0.0,1,329.5,1900.0,329.5,-0.0,True,329.5,42.0,3,False,0.0039,0.0,-0.0039,-0.0235,-0.0071,inf
14000,8750,-20,175,1.0,1900,0.0,1.0,10.0,0.0,2,329.5,1875.0,329.749,0.249,True,329.5,74.0,5,False,0.0069,-0.249,-0.0434,-0.2605,-0.0791,inf
14000,8750,-20,175,1.0,1900,0.0,1.0,10.0,0.0,3,329.5,1900.0,329.5,-0.0,True,329.5,42.0,3,False,0.0039,0.0,-0.0039,-0.0235,-0.0071,inf
14000,8750,-20,175,1.0,1900,0.0,1.0,10.0,0.0,4,329.5,1900.0,329.5,-0.0,True,329.5,42.0,3,False,0.0039,0.0,-0.0039,-0.0235,-0.0071,inf
14000,8750,-10,161,0.0,1900,0.0,1.0,10.0,0.0,0,281.0,1900.0,281.0,-0.0,True,281.0,42.0,3,False,0.0111,0.0,-0.0114,-0.0684,-0.0243,inf
14000,8750,-10,161,0.0,1900,0.0,1.0,10.0,0.0,1,281.0,1900.0,281.0,-0.0,True,281.0,42.0,3,False,0.0111,0.0,-0.0114,-0.0684,-0.0243,inf
14000,8750,-10,161,0.0,1900,0.0,1.0,10.0,0.0,2,281.0,1900.0,281.0,-0.0,True,281.0,42.0,3,False,0.0111,0.0,-0.0114,-0.0684,-0.0243,inf
14000,8750,-10,161,0.0,1900,0.0,1.0,10.0,0.0,3,281.0,1900.0,281.0,-0.0,True,281.0,42.0,3,False,0.0111,0.0,-0.0114,-0.0684,-0.0243,inf
14000,8750,-10,161,0.0,1900,0.0,1.0,10.0,0.0,4,281.0,1900.0,281.0,-0.0,True,281.0,42.0,3,False,0.0111,0.0,-0.0114,-0.0684,-0.0243,inf
14000,8750,-10,166,0.5,1900,0.0,1.0,10.0,0.0,0,296.7143,1887.5,297.1153,0.401,True,296.7143,58.0,4,False,0.0127,-0.401,-0.0733,-0.44,-0.1483,inf
14000,8750,-10,166,0.5,1900,0.0,1.0,10.0,0.0,1,296.7143,1887.5,297.1153,0.401,True,296.7143,58.0,4,False,0.0127,-0.401,-0.0733,-0.44,-0.1483,inf
14000,8750,-10,166,0.5,1900,0.0,1.0,10.0,0.0,2,296.7143,1900.0,296.7143,-0.0,True,296.7143,42.0,3,False,0.0093,0.0,-0.0095,-0.057,-0.0192,inf
14000,8750,-10,166,0.5,1900,0.0,1.0,10.0,0.0,3,296.7143,1900.0,296.7143,-0.0,True,296.7143,42.0,3,False,0.0093,0.0,-0.0095,-0.057,-0.0192,inf
14000,8750,-10,166,0.5,1900,0.0,1.0,10.0,0.0,4,296.7143,1887.5,297.1153,0.401,True,296.7143,58.0,4,False,0.0127,-0.401,-0.0733,-0.44,-0.1483,inf
14000,8750,-10,171,1.0,1900,0.0,1.0,10.0,0.0,0,312.0,1900.0,312.0,-0.0,True,312.0,42.0,3,False,0.0123,0.0,-0.0126,-0.0755,-0.0242,inf
14000,8750,-10,171,1.0,1900,0.0,1.0,10.0,0.0,1,312.0,1900.0,312.0,-0.0,True,312.0,42.0,3,False,0.0123,0.0,-0.0126,-0.0755,-0.0242,inf
14000,8750,-10,171,1.0,1900,0.0,1.0,10.0,0.0,2,312.0,1900.0,312.0,-0.0,True,312.0,42.0,3,False,0.0123,0.0,-0.0126,-0.0755,-0.0242,inf
14000,8750,-10,171,1.0,1900,0.0,1.0,10.0,0.0,3,312.0,1900.0,312.0,-0.0,True,312.0,42.0,3,False,0.0123,0.0,-0.0126,-0.0755,-0.0242,inf
14000,8750,-10,171,1.0,1900,0.0,1.0,10.0,0.0,4,312.0,1900.0,312.0,-0.0,True,312.0,42.0,3,False,0.0123,0.0,-0.0126,-0.0755,-0.0242,inf
14000,8750,0,164,0.0,1900,0.0,1.0,10.0,0.0,0,287.0,1900.0,287.0,-0.0,True,287.0,42.0,3,False,0.0092,0.0,-0.0094,-0.0563,-0.0196,inf
14000,8750,0,164,0.0,1900,0.0,1.0,10.0,0.0,1,287.0,1900.0,287.0,-0.0,True,287.0,42.0,3,False,0.0092,0.0,-0.0094,-0.0563,-0.0196,inf
14000,8750,0,164,0.0,1900,0.0,1.0,10.0,0.0,2,287.0,1900.0,287.0,-0.0,True,287.0,42.0,3,False,0.0092,0.0,-0.0094,-0.0563,-0.0196,inf
14000,8750,0,164,0.0,1900,0.0,1.0,10.0,0.0,3,287.0,1900.0,287.0,-0.0,True,287.0,42.0,3,False,0.0092,0.0,-0.0094,-0.0563,-0.0196,inf
14000,8750,0,164,0.0,1900,0.0,1.0,10.0,0.0,4,287.0,1900.0,287.0,-0.0,True,287.0,42.0,3,False,0.0092,0.0,-0.0094,-0.0563,-0.0196,inf
16000,8750,-54,148,0.0,1900,0.0,1.0,10.0,0.0,0,251.0,1875.0,251.3102,0.3102,True,251.0,74.0,5,False,0.0069,-0.3102,-0.0523,-0.3136,-0.1249,inf
16000,8750,-54,148,0.0,1900,0.0,1.0,10.0,0.0,1,251.0,1900.0,251.0,-0.0,True,251.0,42.0,3,False,0.0035,0.0,-0.0036,-0.0216,-0.0086,inf
16000,8750,-54,148,0.0,1900,0.0,1.0,10.0,0.0,2,251.0,1900.0,251.0,-0.0,True,251.0,42.0,3,False,0.0035,0.0,-0.0036,-0.0216,-0.0086,inf
16000,8750,-54,148,0.0,1900,0.0,1.0,10.0,0.0,3,251.0,1900.0,251.0,-0.0,True,251.0,42.0,3,False,0.0035,0.0,-0.0036,-0.0216,-0.0086,inf
16000,8750,-54,148,0.0,1900,0.0,1.0,10.0,0.0,4,251.0,1900.0,251.0,-0.0,True,251.0,42.0,3,False,0.0035,0.0,-0.0036,-0.0216,-0.0086,inf
16000,8750,-54,153,0.152,1900,0.0,1.0,10.0,0.0,0,264.8889,1900.0,264.8889,-0.0,True,264.8889,42.0,3,False,0.0026,0.0,-0.0026,-0.0157,-0.0059,inf
16000,8750,-54,153,0.152,1900,0.0,1.0,10.0,0.0,1,264.8889,1900.0,264.8889,-0.0,True,264.8889,42.0,3,False,0.0026,0.0,-0.0026,-0.0157,-0.0059,inf
16000,8750,-54,153,0.152,1900,0.0,1.0,10.0,0.0,2,264.8889,1887.5,264.9881,0.0992,True,264.8889,58.0,4,False,0.0034,-0.0992,-0.0184,-0.1107,-0.0418,inf
16000,8750,-54,153,0.152,1900,0.0,1.0,10.0,0.0,3,264.8889,1887.5,264.9881,0.0992,True,264.8889,58.0,4,False,0.0034,-0.0992,-0.0184,-0.1107,-0.0418,inf
16000,8750,-54,153,0.152,1900,0.0,1.0,10.0,0.0,4,264.8889,1850.0,265.3777,0.4888,True,264.8889,74.0,5,False,0.0111,-0.4888,-0.0826,-0.4956,-0.1871,inf
16000,8750,-54,158,0.303,1900,0.0,1.0,10.0,0.0,0,279.0,1850.0,279.3148,0.3148,True,279.0,74.0,5,False,0.0083,-0.3148,-0.0543,-0.326,-0.1169,inf
16000,8750,-54,158,0.303,1900,0.0,1.0,10.0,0.0,1,279.0,1875.0,279.1065,0.1065,True,279.0,90.0,6,False,0.0073,-0.1065,-0.0224,-0.1343,-0.0481,inf
16000,8750,-54,158,0.303,1900,0.0,1.0,10.0,0.0,2,279.0,1900.0,279.0,-0.0,True,279.0,42.0,3,False,0.0016,0.0,-0.0016,-0.0095,-0.0034,inf
16000,8750,-54,158,0.303,1900,0.0,1.0,10.0,0.0,3,279.0,1850.0,279.3148,0.3148,True,279.0,74.0,5,False,0.0083,-0.3148,-0.0543,-0.326,-0.1169,inf
16000,8750,-54,158,0.303,1900,0.0,1.0,10.0,0.0,4,279.0,1887.5,279.0405,0.0405,True,279.0,58.0,4,False,0.002,-0.0405,-0.0081,-0.0488,-0.0175,inf
16000,8750,-54,163,0.455,1900,0.0,1.0,10.0,0.0,0,294.0,1900.0,294.0,-0.0,True,294.0,42.0,3,False,0.0025,0.0,-0.0026,-0.0154,-0.0052,inf
16000,8750,-54,163,0.455,1900,0.0,1.0,10.0,0.0,1,294.0,1887.5,294.0781,0.0781,True,294.0,58.0,4,False,0.0033,-0.0781,-0.0151,-0.0907,-0.0309,inf
16000,8750,-54,163,0.455,1900,0.0,1.0,10.0,0.0,2,294.0,1887.5,294.0781,0.0781,True,294.0,58.0,4,False,0.0033,-0.0781,-0.0151,-0.0907,-0.0309,inf
16000,8750,-54,163,0.455,1900,0.0,1.0,10.0,0.0,3,294.0,1900.0,294.0,-0.0,True,294.0,42.0,3,False,0.0025,0.0,-0.0026,-0.0154,-0.0052,inf
16000,8750,-54,163,0.455,1900,0.0,1.0,10.0,0.0,4,294.0,1850.0,294.5,0.5,True,294.0,74.0,5,False,0.0125,-0.5,-0.0856,-0.5138,-0.1748,inf
16000,8750,-54,168,0.606,1900,0.0,1.0,10.0,0.0,0,309.0,1900.0,309.0,-0.0,True,309.0,42.0,3,False,0.002,0.0,-0.002,-0.0121,-0.0039,inf
16000,8750,-54,168,0.606,1900,0.0,1.0,10.0,0.0,1,309.0,1887.5,309.0266,0.0266,True,309.0,58.0,4,False,0.0024,-0.0266,-0.0065,-0.0389,-0.0126,inf
16000,8750,-54,168,0.606,1900,0.0,1.0,10.0,0.0,2,309.0,1900.0,309.0,-0.0,True,309.0,42.0,3,False,0.002,0.0,-0.002,-0.0121,-0.0039,inf
16000,8750,-54,168,0.606,1900,0.0,1.0,10.0,0.0,3,309.0,1900.0,309.0,-0.0,True,309.0,42.0,3,False,0.002,0.0,-0.002,-0.0121,-0.0039,inf
16000,8750,-54,168,0.606,1900,0.0,1.0,10.0,0.0,4,309.0,1900.0,309.0,-0.0,True,309.0,42.0,3,False,0.002,0.0,-0.002,-0.0121,-0.0039,inf
16000,8750,-54,173,0.758,1900,0.0,1.0,10.0,0.0,0,327.9,1900.0,327.9,-0.0,True,327.9,42.0,3,False,0.0068,0.0,-0.007,-0.0419,-0.0128,inf
16000,8750,-54,173,0.758,1900,0.0,1.0,10.0,0.0,1,327.9,1900.0,327.9,-0.0,True,327.9,42.0,3,False,0.0068,0.0,-0.007,-0.0419,-0.0128,inf
16000,8750,-54,173,0.758,1900,0.0,1.0,10.0,0.0,2,327.9,1900.0,327.9,-0.0,True,327.9,42.0,3,False,0.0068,0.0,-0.007,-0.0419,-0.0128,inf
16000,8750,-54,173,0.758,1900,0.0,1.0,10.0,0.0,3,327.9,1887.5,328.1548,0.2548,True,327.9,58.0,4,False,0.0092,-0.2548,-0.0477,-0.2862,-0.0873,inf
16000,8750,-54,173,0.758,1900,0.0,1.0,10.0,0.0,4,327.9,1887.5,328.1548,0.2548,True,327.9,58.0,4,False,0.0092,-0.2548,-0.0477,-0.2862,-0.0873,inf
16000,8750,-54,178,0.909,1900,0.0,1.0,10.0,0.0,0,349.4,1900.0,349.4,-0.0,True,349.4,42.0,3,False,0.0099,0.0,-0.0102,-0.061,-0.0174,inf
16000,8750,-54,178,0.909,1900,0.0,1.0,10.0,0.0,1,349.4,1900.0,349.4,-0.0,True,349.4,42.0,3,False,0.0099,0.0,-0.0102,-0.061,-0.0174,inf
16000,8750,-54,178,0.909,1900,0.0,1.0,10.0,0.0,2,349.4,1900.0,349.4,-0.0,True,349.4,42.0,3,False,0.0099,0.0,-0.0102,-0.061,-0.0174,inf
16000,8750,-54,178,0.909,1900,0.0,1.0,10.0,0.0,3,349.4,1887.5,349.808,0.408,True,349.4,58.0,4,False,0.0135,-0.408,-0.0752,-0.451,-0.1291,inf
16000,8750,-54,178,0.909,1900,0.0,1.0,10.0,0.0,4,349.4,1900.0,349.4,-0.0,True,349.4,42.0,3,False,0.0099,0.0,-0.0102,-0.061,-0.0174,inf
16000,8750,-54,181,1.0,1900,0.0,1.0,10.0,0.0,0,362.0,1900.0,362.0,-0.0,True,362.0,42.0,3,False,0.0137,0.0,-0.014,-0.0841,-0.0232,inf
16000,8750,-54,181,1.0,1900,0.0,1.0,10.0,0.0,1,362.0,1900.0,362.0,-0.0,True,362.0,42.0,3,False,0.0137,0.0,-0.014,-0.0841,-0.0232,inf
16000,8750,-54,181,1.0,1900,0.0,1.0,10.0,0.0,2,362.0,1900.0,362.0,-0.0,True,362.0,42.0,3,False,0.0137,0.0,-0.014,-0.0841,-0.0232,inf
16000,8750,-54,181,1.0,1900,0.0,1.0,10.0,0.0,3,362.0,1887.5,362.5972,0.5972,False,362.0,58.0,4,False,0.0188,-0.5972,-0.109,-0.6542,-0.1807,inf
16000,8750,-54,181,1.0,1900,0.0,1.0,10.0,0.0,4,362.0,1900.0,362.0,-0.0,True,362.0,42.0,3,False,0.0137,0.0,-0.014,-0.0841,-0.0232,inf
16000,8750,-50,149,0.0,1900,0.0,1.0,10.0,0.0,0,252.0,1887.5,252.1929,0.1929,True,252.0,58.0,4,False,0.0062,-0.1929,-0.0354,-0.2123,-0.0842,inf
16000,8750,-50,149,0.0,1900,0.0,1.0,10.0,0.0,1,252.0,1887.5,252.1929,0.1929,True,252.0,58.0,4,False,0.0062,-0.1929,-0.0354,-0.2123,-0.0842,inf
16000,8750,-50,149,0.0,1900,0.0,1.0,10.0,0.0,2,252.0,1900.0,252.0,-0.0,True,252.0,42.0,3,False,0.0046,0.0,-0.0047,-0.028,-0.0111,inf
16000,8750,-50,149,0.0,1900,0.0,1.0,10.0,0.0,3,252.0,1900.0,252.0,-0.0,True,252.0,42.0,3,False,0.0046,0.0,-0.0047,-0.028,-0.0111,inf
16000,8750,-50,149,0.0,1900,0.0,1.0,10.0,0.0,4,252.0,1900.0,252.0,-0.0,True,252.0,42.0,3,False,0.0046,0.0,-0.0047,-0.028,-0.0111,inf
16000,8750,-50,154,0.152,1900,0.0,1.0,10.0,0.0,0,265.8889,1900.0,265.8889,-0.0,True,265.8889,42.0,3,False,0.002,0.0,-0.002,-0.0119,-0.0045,inf
16000,8750,-50,154,0.152,1900,0.0,1.0,10.0,0.0,1,265.8889,1900.0,265.8889,-0.0,True,265.8889,42.0,3,False,0.002,0.0,-0.002,-0.0119,-0.0045,inf
16000,8750,-50,154,0.152,1900,0.0,1.0,10.0,0.0,2,265.8889,1900.0,265.8889,-0.0,True,265.8889,42.0,3,False,0.002,0.0,-0.002,-0.0119,-0.0045,inf
16000,8750,-50,154,0.152,1900,0.0,1.0,10.0,0.0,3,265.8889,1887.5,265.9437,0.0548,True,265.8889,58.0,4,False,0.0025,-0.0549,-0.0108,-0.065,-0.0244,inf
16000,8750,-50,154,0.152,1900,0.0,1.0,10.0,0.0,4,265.8889,1875.0,266.0275,0.1386,True,265.8889,90.0,6,False,0.0089,-0.1386,-0.0286,-0.1715,-0.0645,inf
16000,8750,-50,159,0.303,arada,0.0253,1.0,10.0,0.0,0,279.9744,1875.0,279.9899,0.0155,True,280.0,90.0,6,False,0.0049,0.0101,-0.0035,-0.0209,-0.0075,1743.2261
16000,8750,-50,159,0.303,arada,0.0253,1.0,10.0,0.0,1,279.9744,1850.0,280.1414,0.167,True,280.0,74.0,5,False,0.0058,-0.1414,-0.0265,-0.1592,-0.0569,inf
16000,8750,-50,159,0.303,arada,0.0253,1.0,10.0,0.0,2,279.9744,1875.0,279.9899,0.0155,True,280.0,90.0,6,False,0.0049,0.0101,-0.0035,-0.0209,-0.0075,1743.2261
16000,8750,-50,159,0.303,arada,0.0253,1.0,10.0,0.0,3,279.9744,1875.0,279.9899,0.0155,True,280.0,90.0,6,False,0.0049,0.0101,-0.0035,-0.0209,-0.0075,1743.2261
16000,8750,-50,159,0.303,arada,0.0253,1.0,10.0,0.0,4,279.9744,1900.0,280.0,0.0256,True,280.0,42.0,3,False,0.0005,0.0,-0.0005,-0.0031,-0.0011,inf
16000,8750,-50,164,0.455,1900,0.0,1.0,10.0,0.0,0,295.0,1900.0,295.0,-0.0,True,295.0,42.0,3,False,0.0056,0.0,-0.0057,-0.0342,-0.0116,inf
16000,8750,-50,164,0.455,1900,0.0,1.0,10.0,0.0,1,295.0,1900.0,295.0,-0.0,True,295.0,42.0,3,False,0.0056,0.0,-0.0057,-0.0342,-0.0116,inf
16000,8750,-50,164,0.455,1900,0.0,1.0,10.0,0.0,2,295.0,1887.5,295.2304,0.2304,True,295.0,58.0,4,False,0.0076,-0.2304,-0.0424,-0.2544,-0.0862,inf
16000,8750,-50,164,0.455,1900,0.0,1.0,10.0,0.0,3,295.0,1900.0,295.0,-0.0,True,295.0,42.0,3,False,0.0056,0.0,-0.0057,-0.0342,-0.0116,inf
16000,8750,-50,164,0.455,1900,0.0,1.0,10.0,0.0,4,295.0,1900.0,295.0,-0.0,True,295.0,42.0,3,False,0.0056,0.0,-0.0057,-0.0342,-0.0116,inf
16000,8750,-50,169,0.606,1900,0.0,1.0,10.0,0.0,0,310.0,1900.0,310.0,-0.0,True,310.0,42.0,3,False,0.0087,0.0,-0.0089,-0.0534,-0.0172,inf
16000,8750,-50,169,0.606,1900,0.0,1.0,10.0,0.0,1,310.0,1900.0,310.0,-0.0,True,310.0,42.0,3,False,0.0087,0.0,-0.0089,-0.0534,-0.0172,inf
16000,8750,-50,169,0.606,1900,0.0,1.0,10.0,0.0,2,310.0,1887.5,310.3727,0.3727,True,310.0,58.0,4,False,0.0119,-0.3727,-0.0682,-0.4093,-0.132,inf
16000,8750,-50,169,0.606,1900,0.0,1.0,10.0,0.0,3,310.0,1900.0,310.0,-0.0,True,310.0,42.0,3,False,0.0087,0.0,-0.0089,-0.0534,-0.0172,inf
16000,8750,-50,169,0.606,1900,0.0,1.0,10.0,0.0,4,310.0,1900.0,310.0,-0.0,True,310.0,42.0,3,False,0.0087,0.0,-0.0089,-0.0534,-0.0172,inf
16000,8750,-50,174,0.758,1900,0.0,1.0,10.0,0.0,0,328.9,1887.5,329.4388,0.5388,False,328.9,58.0,4,False,0.0169,-0.5388,-0.0984,-0.5901,-0.1794,inf
16000,8750,-50,174,0.758,1900,0.0,1.0,10.0,0.0,1,328.9,1900.0,328.9,-0.0,True,328.9,42.0,3,False,0.0123,0.0,-0.0126,-0.0758,-0.023,inf
16000,8750,-50,174,0.758,1900,0.0,1.0,10.0,0.0,2,328.9,1900.0,328.9,-0.0,True,328.9,42.0,3,False,0.0123,0.0,-0.0126,-0.0758,-0.023,inf
16000,8750,-50,174,0.758,1900,0.0,1.0,10.0,0.0,3,328.9,1887.5,329.4388,0.5388,False,328.9,58.0,4,False,0.0169,-0.5388,-0.0984,-0.5901,-0.1794,inf
16000,8750,-50,174,0.758,1900,0.0,1.0,10.0,0.0,4,328.9,1900.0,328.9,-0.0,True,328.9,42.0,3,False,0.0123,0.0,-0.0126,-0.0758,-0.023,inf
16000,8750,-50,179,0.909,1900,0.0,1.0,10.0,0.0,0,350.4,1900.0,350.4,-0.0,True,350.4,42.0,3,False,0.0096,0.0,-0.0098,-0.059,-0.0168,inf
16000,8750,-50,179,0.909,1900,0.0,1.0,10.0,0.0,1,350.4,1887.5,350.7889,0.3889,True,350.4,58.0,4,False,0.013,-0.3889,-0.0718,-0.4309,-0.123,inf
16000,8750,-50,179,0.909,1900,0.0,1.0,10.0,0.0,2,350.4,1887.5,350.7889,0.3889,True,350.4,58.0,4,False,0.013,-0.3889,-0.0718,-0.4309,-0.123,inf
16000,8750,-50,179,0.909,1900,0.0,1.0,10.0,0.0,3,350.4,1887.5,350.7889,0.3889,True,350.4,58.0,4,False,0.013,-0.3889,-0.0718,-0.4309,-0.123,inf
16000,8750,-50,179,0.909,1900,0.0,1.0,10.0,0.0,4,350.4,1900.0,350.4,-0.0,True,350.4,42.0,3,False,0.0096,0.0,-0.0098,-0.059,-0.0168,inf
16000,8750,-50,182,1.0,1900,0.0,1.0,10.0,0.0,0,363.0,1900.0,363.0,-0.0,True,363.0,42.0,3,False,0.013,0.0,-0.0133,-0.0801,-0.0221,inf
16000,8750,-50,182,1.0,1900,0.0,1.0,10.0,0.0,1,363.0,1900.0,363.0,-0.0,True,363.0,42.0,3,False,0.013,0.0,-0.0133,-0.0801,-0.0221,inf
16000,8750,-50,182,1.0,1900,0.0,1.0,10.0,0.0,2,363.0,1900.0,363.0,-0.0,True,363.0,42.0,3,False,0.013,0.0,-0.0133,-0.0801,-0.0221,inf
16000,8750,-50,182,1.0,1900,0.0,1.0,10.0,0.0,3,363.0,1887.5,363.559,0.559,False,363.0,58.0,4,False,0.0178,-0.559,-0.1023,-0.614,-0.1691,inf
16000,8750,-50,182,1.0,1900,0.0,1.0,10.0,0.0,4,363.0,1900.0,363.0,-0.0,True,363.0,42.0,3,False,0.013,0.0,-0.0133,-0.0801,-0.0221,inf
16000,8750,-40,152,0.0,arada,0.0,1.0,10.0,0.0,0,256.9976,1900.0,257.0,0.0024,True,257.0,42.0,3,False,0.0012,0.0,-0.0012,-0.0071,-0.0028,inf
16000,8750,-40,152,0.0,arada,0.0,1.0,10.0,0.0,1,256.9976,1887.5,257.0058,0.0082,True,257.0,106.0,7,False,0.0067,-0.0058,-0.0075,-0.0451,-0.0176,inf
16000,8750,-40,152,0.0,arada,0.0,1.0,10.0,0.0,2,256.9976,1900.0,257.0,0.0024,True,257.0,42.0,3,False,0.0012,0.0,-0.0012,-0.0071,-0.0028,inf
16000,8750,-40,152,0.0,arada,0.0,1.0,10.0,0.0,3,256.9976,1900.0,257.0,0.0024,True,257.0,42.0,3,False,0.0012,0.0,-0.0012,-0.0071,-0.0028,inf
16000,8750,-40,152,0.0,arada,0.0,1.0,10.0,0.0,4,256.9976,1900.0,257.0,0.0024,True,257.0,42.0,3,False,0.0012,0.0,-0.0012,-0.0071,-0.0028,inf
16000,8750,-40,157,0.185,arada,0.0,1.0,10.0,0.0,0,270.6656,1900.0,270.6667,0.0011,True,270.6667,42.0,3,False,0.0014,0.0,-0.0014,-0.0086,-0.0032,inf
16000,8750,-40,157,0.185,arada,0.0,1.0,10.0,0.0,1,270.6656,1850.0,270.9772,0.3116,True,270.6667,74.0,5,False,0.0095,-0.3105,-0.055,-0.3298,-0.1218,inf
16000,8750,-40,157,0.185,arada,0.0,1.0,10.0,0.0,2,270.6656,1900.0,270.6667,0.0011,True,270.6667,42.0,3,False,0.0014,0.0,-0.0014,-0.0086,-0.0032,inf
16000,8750,-40,157,0.185,arada,0.0,1.0,10.0,0.0,3,270.6656,1900.0,270.6667,0.0011,True,270.6667,42.0,3,False,0.0014,0.0,-0.0014,-0.0086,-0.0032,inf
16000,8750,-40,157,0.185,arada,0.0,1.0,10.0,0.0,4,270.6656,1900.0,270.6667,0.0011,True,270.6667,42.0,3,False,0.0014,0.0,-0.0014,-0.0086,-0.0032,inf
16000,8750,-40,162,0.37,1900,0.0,1.0,10.0,0.0,0,284.3333,1900.0,284.3333,0.0,True,284.3333,42.0,3,False,0.0035,0.0,-0.0036,-0.0214,-0.0075,inf
16000,8750,-40,162,0.37,1900,0.0,1.0,10.0,0.0,1,284.3333,1900.0,284.3333,0.0,True,284.3333,42.0,3,False,0.0035,0.0,-0.0036,-0.0214,-0.0075,inf
16000,8750,-40,162,0.37,1900,0.0,1.0,10.0,0.0,2,284.3333,1900.0,284.3333,0.0,True,284.3333,42.0,3,False,0.0035,0.0,-0.0036,-0.0214,-0.0075,inf
16000,8750,-40,162,0.37,1900,0.0,1.0,10.0,0.0,3,284.3333,1887.5,284.4461,0.1128,True,284.3333,58.0,4,False,0.0046,-0.1128,-0.0217,-0.13,-0.0457,inf
16000,8750,-40,162,0.37,1900,0.0,1.0,10.0,0.0,4,284.3333,1875.0,284.5986,0.2653,True,284.3333,74.0,5,False,0.0065,-0.2653,-0.0454,-0.2724,-0.0958,inf
16000,8750,-40,167,0.556,1900,0.0,1.0,10.0,0.0,0,298.0,1887.5,298.2861,0.2861,True,298.0,58.0,4,False,0.0097,-0.2861,-0.053,-0.3179,-0.1067,inf
16000,8750,-40,167,0.556,1900,0.0,1.0,10.0,0.0,1,298.0,1900.0,298.0,-0.0,True,298.0,42.0,3,False,0.0072,0.0,-0.0074,-0.0441,-0.0148,inf
16000,8750,-40,167,0.556,1900,0.0,1.0,10.0,0.0,2,298.0,1900.0,298.0,-0.0,True,298.0,42.0,3,False,0.0072,0.0,-0.0074,-0.0441,-0.0148,inf
16000,8750,-40,167,0.556,1900,0.0,1.0,10.0,0.0,3,298.0,1887.5,298.2861,0.2861,True,298.0,58.0,4,False,0.0097,-0.2861,-0.053,-0.3179,-0.1067,inf
16000,8750,-40,167,0.556,1900,0.0,1.0,10.0,0.0,4,298.0,1900.0,298.0,-0.0,True,298.0,42.0,3,False,0.0072,0.0,-0.0074,-0.0441,-0.0148,inf
16000,8750,-40,172,0.741,1900,0.0,1.0,10.0,0.0,0,316.1818,1900.0,316.1818,0.0,True,316.1818,42.0,3,False,0.0116,0.0,-0.0118,-0.0711,-0.0225,inf
16000,8750,-40,172,0.741,1900,0.0,1.0,10.0,0.0,1,316.1818,1900.0,316.1818,0.0,True,316.1818,42.0,3,False,0.0116,0.0,-0.0118,-0.0711,-0.0225,inf
16000,8750,-40,172,0.741,1900,0.0,1.0,10.0,0.0,2,316.1818,1900.0,316.1818,0.0,True,316.1818,42.0,3,False,0.0116,0.0,-0.0118,-0.0711,-0.0225,inf
16000,8750,-40,172,0.741,1900,0.0,1.0,10.0,0.0,3,316.1818,1900.0,316.1818,0.0,True,316.1818,42.0,3,False,0.0116,0.0,-0.0118,-0.0711,-0.0225,inf
16000,8750,-40,172,0.741,1900,0.0,1.0,10.0,0.0,4,316.1818,1900.0,316.1818,0.0,True,316.1818,42.0,3,False,0.0116,0.0,-0.0118,-0.0711,-0.0225,inf
16000,8750,-40,177,0.926,1900,0.0,1.0,10.0,0.0,0,334.3636,1900.0,334.3636,0.0,True,334.3636,42.0,3,False,0.0149,0.0,-0.0152,-0.0913,-0.0273,inf
16000,8750,-40,177,0.926,1900,0.0,1.0,10.0,0.0,1,334.3636,1900.0,334.3636,0.0,True,334.3636,42.0,3,False,0.0149,0.0,-0.0152,-0.0913,-0.0273,inf
16000,8750,-40,177,0.926,1900,0.0,1.0,10.0,0.0,2,334.3636,1900.0,334.3636,0.0,True,334.3636,42.0,3,False,0.0149,0.0,-0.0152,-0.0913,-0.0273,inf
16000,8750,-40,177,0.926,1900,0.0,1.0,10.0,0.0,3,334.3636,1900.0,334.3636,0.0,True,334.3636,42.0,3,False,0.0149,0.0,-0.0152,-0.0913,-0.0273,inf
16000,8750,-40,177,0.926,1900,0.0,1.0,10.0,0.0,4,334.3636,1900.0,334.3636,0.0,True,334.3636,42.0,3,False,0.0149,0.0,-0.0152,-0.0913,-0.0273,inf
16000,8750,-40,179,1.0,1900,0.0,1.0,10.0,0.0,0,341.8571,1900.0,341.8571,0.0,True,341.8571,42.0,3,False,0.0171,0.0,-0.0176,-0.1053,-0.0308,inf
16000,8750,-40,179,1.0,1900,0.0,1.0,10.0,0.0,1,341.8571,1887.5,342.6314,0.7743,False,341.8571,58.0,4,False,0.0236,-0.7743,-0.1406,-0.8439,-0.2469,inf
16000,8750,-40,179,1.0,1900,0.0,1.0,10.0,0.0,2,341.8571,1900.0,341.8571,0.0,True,341.8571,42.0,3,False,0.0171,0.0,-0.0176,-0.1053,-0.0308,inf
16000,8750,-40,179,1.0,1900,0.0,1.0,10.0,0.0,3,341.8571,1900.0,341.8571,0.0,True,341.8571,42.0,3,False,0.0171,0.0,-0.0176,-0.1053,-0.0308,inf
16000,8750,-40,179,1.0,1900,0.0,1.0,10.0,0.0,4,341.8571,1900.0,341.8571,0.0,True,341.8571,42.0,3,False,0.0171,0.0,-0.0176,-0.1053,-0.0308,inf
16000,8750,-30,155,0.0,1900,0.0,1.0,10.0,0.0,0,262.0,1887.5,262.2442,0.2442,True,262.0,58.0,4,False,0.0078,-0.2442,-0.0447,-0.2684,-0.1025,inf
16000,8750,-30,155,0.0,1900,0.0,1.0,10.0,0.0,1,262.0,1900.0,262.0,-0.0,True,262.0,42.0,3,False,0.0057,0.0,-0.0059,-0.0352,-0.0134,inf
16000,8750,-30,155,0.0,1900,0.0,1.0,10.0,0.0,2,262.0,1887.5,262.2442,0.2442,True,262.0,58.0,4,False,0.0078,-0.2442,-0.0447,-0.2684,-0.1025,inf
16000,8750,-30,155,0.0,1900,0.0,1.0,10.0,0.0,3,262.0,1900.0,262.0,-0.0,True,262.0,42.0,3,False,0.0057,0.0,-0.0059,-0.0352,-0.0134,inf
16000,8750,-30,155,0.0,1900,0.0,1.0,10.0,0.0,4,262.0,1900.0,262.0,-0.0,True,262.0,42.0,3,False,0.0057,0.0,-0.0059,-0.0352,-0.0134,inf
16000,8750,-30,160,0.25,1900,0.0,1.0,10.0,0.0,0,276.1667,1900.0,276.1667,-0.0,True,276.1667,42.0,3,False,0.0072,0.0,-0.0074,-0.0444,-0.0161,inf
16000,8750,-30,160,0.25,1900,0.0,1.0,10.0,0.0,1,276.1667,1887.5,276.4803,0.3136,True,276.1667,58.0,4,False,0.0099,-0.3137,-0.0573,-0.3439,-0.1245,inf
16000,8750,-30,160,0.25,1900,0.0,1.0,10.0,0.0,2,276.1667,1887.5,276.4803,0.3136,True,276.1667,58.0,4,False,0.0099,-0.3137,-0.0573,-0.3439,-0.1245,inf
16000,8750,-30,160,0.25,1900,0.0,1.0,10.0,0.0,3,276.1667,1900.0,276.1667,-0.0,True,276.1667,42.0,3,False,0.0072,0.0,-0.0074,-0.0444,-0.0161,inf
16000,8750,-30,160,0.25,1900,0.0,1.0,10.0,0.0,4,276.1667,1900.0,276.1667,-0.0,True,276.1667,42.0,3,False,0.0072,0.0,-0.0074,-0.0444,-0.0161,inf
16000,8750,-30,165,0.5,1900,0.0,1.0,10.0,0.0,0,290.4286,1900.0,290.4286,-0.0,True,290.4286,42.0,3,False,0.0085,0.0,-0.0087,-0.0522,-0.018,inf
16000,8750,-30,165,0.5,1900,0.0,1.0,10.0,0.0,1,290.4286,1900.0,290.4286,-0.0,True,290.4286,42.0,3,False,0.0085,0.0,-0.0087,-0.0522,-0.018,inf
16000,8750,-30,165,0.5,1900,0.0,1.0,10.0,0.0,2,290.4286,1887.5,290.8001,0.3715,True,290.4286,58.0,4,False,0.0117,-0.3715,-0.0678,-0.4069,-0.1401,inf
16000,8750,-30,165,0.5,1900,0.0,1.0,10.0,0.0,3,290.4286,1900.0,290.4286,-0.0,True,290.4286,42.0,3,False,0.0085,0.0,-0.0087,-0.0522,-0.018,inf
16000,8750,-30,165,0.5,1900,0.0,1.0,10.0,0.0,4,290.4286,1900.0,290.4286,-0.0,True,290.4286,42.0,3,False,0.0085,0.0,-0.0087,-0.0522,-0.018,inf
16000,8750,-30,170,0.75,1900,0.0,1.0,10.0,0.0,0,304.7143,1900.0,304.7143,-0.0,True,304.7143,42.0,3,False,0.0139,0.0,-0.0142,-0.0855,-0.0281,inf
16000,8750,-30,170,0.75,1900,0.0,1.0,10.0,0.0,1,304.7143,1900.0,304.7143,-0.0,True,304.7143,42.0,3,False,0.0139,0.0,-0.0142,-0.0855,-0.0281,inf
16000,8750,-30,170,0.75,1900,0.0,1.0,10.0,0.0,2,304.7143,1887.5,305.3439,0.6296,False,304.7143,58.0,4,False,0.0192,-0.6296,-0.1143,-0.686,-0.2251,inf
16000,8750,-30,170,0.75,1900,0.0,1.0,10.0,0.0,3,304.7143,1900.0,304.7143,-0.0,True,304.7143,42.0,3,False,0.0139,0.0,-0.0142,-0.0855,-0.0281,inf
16000,8750,-30,170,0.75,1900,0.0,1.0,10.0,0.0,4,304.7143,1887.5,305.3439,0.6296,False,304.7143,58.0,4,False,0.0192,-0.6296,-0.1143,-0.686,-0.2251,inf
16000,8750,-30,175,1.0,1900,0.0,1.0,10.0,0.0,0,319.0,1900.0,319.0,0.0,True,319.0,42.0,3,False,0.0232,0.0,-0.0238,-0.143,-0.0448,inf
16000,8750,-30,175,1.0,1900,0.0,1.0,10.0,0.0,1,319.0,1900.0,319.0,0.0,True,319.0,42.0,3,False,0.0232,0.0,-0.0238,-0.143,-0.0448,inf
16000,8750,-30,175,1.0,1900,0.0,1.0,10.0,0.0,2,319.0,1900.0,319.0,0.0,True,319.0,42.0,3,False,0.0232,0.0,-0.0238,-0.143,-0.0448,inf
16000,8750,-30,175,1.0,1900,0.0,1.0,10.0,0.0,3,319.0,1900.0,319.0,0.0,True,319.0,42.0,3,False,0.0232,0.0,-0.0238,-0.143,-0.0448,inf
16000,8750,-30,175,1.0,1900,0.0,1.0,10.0,0.0,4,319.0,1900.0,319.0,0.0,True,319.0,42.0,3,False,0.0232,0.0,-0.0238,-0.143,-0.0448,inf
16000,8750,-20,157,0.0,1900,0.0,1.0,10.0,0.0,0,266.0,1887.5,266.1188,0.1188,True,266.0,58.0,4,False,0.0046,-0.1188,-0.0226,-0.1357,-0.051,inf
16000,8750,-20,157,0.0,1900,0.0,1.0,10.0,0.0,1,266.0,1900.0,266.0,-0.0,True,266.0,42.0,3,False,0.0035,0.0,-0.0036,-0.0215,-0.0081,inf
16000,8750,-20,157,0.0,1900,0.0,1.0,10.0,0.0,2,266.0,1900.0,266.0,-0.0,True,266.0,42.0,3,False,0.0035,0.0,-0.0036,-0.0215,-0.0081,inf
16000,8750,-20,157,0.0,1900,0.0,1.0,10.0,0.0,3,266.0,1900.0,266.0,-0.0,True,266.0,42.0,3,False,0.0035,0.0,-0.0036,-0.0215,-0.0081,inf
16000,8750,-20,157,0.0,1900,0.0,1.0,10.0,0.0,4,266.0,1900.0,266.0,-0.0,True,266.0,42.0,3,False,0.0035,0.0,-0.0036,-0.0215,-0.0081,inf
16000,8750,-20,162,0.357,arada,0.4337,1.0,10.0,0.0,0,279.0189,1850.0,279.0279,0.009,True,279.4615,74.0,5,False,-0.0037,0.4337,0.067,0.4019,0.1438,0.0
16000,8750,-20,162,0.357,arada,0.4337,1.0,10.0,0.0,1,279.0189,1850.0,279.0279,0.009,True,279.4615,74.0,5,False,-0.0037,0.4337,0.067,0.4019,0.1438,0.0
16000,8750,-20,162,0.357,arada,0.4337,1.0,10.0,0.0,2,279.0189,1837.5,279.0999,0.081,True,279.4615,90.0,6,False,-0.0047,0.3616,0.0559,0.3352,0.1199,0.0
16000,8750,-20,162,0.357,arada,0.4337,1.0,10.0,0.0,3,279.0189,1875.0,279.1004,0.0815,True,279.4615,90.0,6,False,-0.0039,0.3612,0.0552,0.3309,0.1184,0.0
16000,8750,-20,162,0.357,arada,0.4337,1.0,10.0,0.0,4,279.0189,1875.0,279.1004,0.0815,True,279.4615,90.0,6,False,-0.0039,0.3612,0.0552,0.3309,0.1184,0.0
16000,8750,-20,167,0.714,1900,0.0,1.0,10.0,0.0,0,292.9231,1887.5,293.0666,0.1435,True,292.9231,58.0,4,False,0.0058,-0.1435,-0.0275,-0.1649,-0.0563,inf
16000,8750,-20,167,0.714,1900,0.0,1.0,10.0,0.0,1,292.9231,1900.0,292.9231,-0.0,True,292.9231,42.0,3,False,0.0044,0.0,-0.0045,-0.0268,-0.0092,inf
16000,8750,-20,167,0.714,1900,0.0,1.0,10.0,0.0,2,292.9231,1900.0,292.9231,-0.0,True,292.9231,42.0,3,False,0.0044,0.0,-0.0045,-0.0268,-0.0092,inf
16000,8750,-20,167,0.714,1900,0.0,1.0,10.0,0.0,3,292.9231,1887.5,293.0666,0.1435,True,292.9231,58.0,4,False,0.0058,-0.1435,-0.0275,-0.1649,-0.0563,inf
16000,8750,-20,167,0.714,1900,0.0,1.0,10.0,0.0,4,292.9231,1900.0,292.9231,-0.0,True,292.9231,42.0,3,False,0.0044,0.0,-0.0045,-0.0268,-0.0092,inf
16000,8750,-20,171,1.0,1900,0.0,1.0,10.0,0.0,0,304.0,1900.0,304.0,0.0,True,304.0,42.0,3,False,0.012,0.0,-0.0123,-0.074,-0.0243,inf
16000,8750,-20,171,1.0,1900,0.0,1.0,10.0,0.0,1,304.0,1900.0,304.0,0.0,True,304.0,42.0,3,False,0.012,0.0,-0.0123,-0.074,-0.0243,inf
16000,8750,-20,171,1.0,1900,0.0,1.0,10.0,0.0,2,304.0,1900.0,304.0,0.0,True,304.0,42.0,3,False,0.012,0.0,-0.0123,-0.074,-0.0243,inf
16000,8750,-20,171,1.0,1900,0.0,1.0,10.0,0.0,3,304.0,1900.0,304.0,0.0,True,304.0,42.0,3,False,0.012,0.0,-0.0123,-0.074,-0.0243,inf
16000,8750,-20,171,1.0,1900,0.0,1.0,10.0,0.0,4,304.0,1900.0,304.0,0.0,True,304.0,42.0,3,False,0.012,0.0,-0.0123,-0.074,-0.0243,inf
16000,8750,-10,160,0.0,1900,0.0,1.0,10.0,0.0,0,270.0,1900.0,270.0,-0.0,True,270.0,42.0,3,False,0.0114,0.0,-0.0116,-0.0698,-0.0259,inf
16000,8750,-10,160,0.0,1900,0.0,1.0,10.0,0.0,1,270.0,1900.0,270.0,-0.0,True,270.0,42.0,3,False,0.0114,0.0,-0.0116,-0.0698,-0.0259,inf
16000,8750,-10,160,0.0,1900,0.0,1.0,10.0,0.0,2,270.0,1900.0,270.0,-0.0,True,270.0,42.0,3,False,0.0114,0.0,-0.0116,-0.0698,-0.0259,inf
16000,8750,-10,160,0.0,1900,0.0,1.0,10.0,0.0,3,270.0,1900.0,270.0,-0.0,True,270.0,42.0,3,False,0.0114,0.0,-0.0116,-0.0698,-0.0259,inf
16000,8750,-10,160,0.0,1900,0.0,1.0,10.0,0.0,4,270.0,1900.0,270.0,-0.0,True,270.0,42.0,3,False,0.0114,0.0,-0.0116,-0.0698,-0.0259,inf
16000,8750,-10,165,1.0,1900,0.0,1.0,10.0,0.0,0,284.0909,1900.0,284.0909,0.0,True,284.0909,42.0,3,False,0.0084,0.0,-0.0086,-0.0517,-0.0182,inf
16000,8750,-10,165,1.0,1900,0.0,1.0,10.0,0.0,1,284.0909,1900.0,284.0909,0.0,True,284.0909,42.0,3,False,0.0084,0.0,-0.0086,-0.0517,-0.0182,inf
16000,8750,-10,165,1.0,1900,0.0,1.0,10.0,0.0,2,284.0909,1900.0,284.0909,0.0,True,284.0909,42.0,3,False,0.0084,0.0,-0.0086,-0.0517,-0.0182,inf
16000,8750,-10,165,1.0,1900,0.0,1.0,10.0,0.0,3,284.0909,1887.5,284.4421,0.3512,True,284.0909,58.0,4,False,0.0115,-0.3512,-0.0646,-0.3874,-0.1364,inf
16000,8750,-10,165,1.0,1900,0.0,1.0,10.0,0.0,4,284.0909,1887.5,284.4421,0.3512,True,284.0909,58.0,4,False,0.0115,-0.3512,-0.0646,-0.3874,-0.1364,inf
18000,8750,-54,150,0.0,1900,0.0,1.0,10.0,0.0,0,249.0,1887.5,249.0875,0.0875,True,249.0,58.0,4,False,0.0033,-0.0875,-0.0166,-0.0994,-0.0399,inf
18000,8750,-54,150,0.0,1900,0.0,1.0,10.0,0.0,1,249.0,1887.5,249.0875,0.0875,True,249.0,58.0,4,False,0.0033,-0.0875,-0.0166,-0.0994,-0.0399,inf
18000,8750,-54,150,0.0,1900,0.0,1.0,10.0,0.0,2,249.0,1900.0,249.0,-0.0,True,249.0,42.0,3,False,0.0025,0.0,-0.0026,-0.0154,-0.0062,inf
18000,8750,-54,150,0.0,1900,0.0,1.0,10.0,0.0,3,249.0,1900.0,249.0,-0.0,True,249.0,42.0,3,False,0.0025,0.0,-0.0026,-0.0154,-0.0062,inf
18000,8750,-54,150,0.0,1900,0.0,1.0,10.0,0.0,4,249.0,1887.5,249.0875,0.0875,True,249.0,58.0,4,False,0.0033,-0.0875,-0.0166,-0.0994,-0.0399,inf
18000,8750,-54,155,0.185,1900,0.0,1.0,10.0,0.0,0,262.0,1900.0,262.0,-0.0,True,262.0,42.0,3,False,0.0029,0.0,-0.0029,-0.0176,-0.0067,inf
18000,8750,-54,155,0.185,1900,0.0,1.0,10.0,0.0,1,262.0,1850.0,262.5562,0.5562,False,262.0,74.0,5,False,0.013,-0.5562,-0.0944,-0.5665,-0.2162,inf
18000,8750,-54,155,0.185,1900,0.0,1.0,10.0,0.0,2,262.0,1887.5,262.1041,0.1041,True,262.0,58.0,4,False,0.0038,-0.1041,-0.0196,-0.1175,-0.0448,inf
18000,8750,-54,155,0.185,1900,0.0,1.0,10.0,0.0,3,262.0,1900.0,262.0,-0.0,True,262.0,42.0,3,False,0.0029,0.0,-0.0029,-0.0176,-0.0067,inf
18000,8750,-54,155,0.185,1900,0.0,1.0,10.0,0.0,4,262.0,1900.0,262.0,-0.0,True,262.0,42.0,3,False,0.0029,0.0,-0.0029,-0.0176,-0.0067,inf
18000,8750,-54,160,0.37,1900,0.0,1.0,10.0,0.0,0,275.0,1887.5,275.0486,0.0486,True,275.0,58.0,4,False,0.0026,-0.0486,-0.0099,-0.0597,-0.0217,inf
18000,8750,-54,160,0.37,1900,0.0,1.0,10.0,0.0,1,275.0,1887.5,275.0486,0.0486,True,275.0,58.0,4,False,0.0026,-0.0486,-0.0099,-0.0597,-0.0217,inf
18000,8750,-54,160,0.37,1900,0.0,1.0,10.0,0.0,2,275.0,1850.0,275.4141,0.4141,True,275.0,74.0,5,False,0.0111,-0.4141,-0.0717,-0.4303,-0.1565,inf
18000,8750,-54,160,0.37,1900,0.0,1.0,10.0,0.0,3,275.0,1900.0,275.0,-0.0,True,275.0,42.0,3,False,0.002,0.0,-0.0021,-0.0123,-0.0045,inf
18000,8750,-54,160,0.37,1900,0.0,1.0,10.0,0.0,4,275.0,1887.5,275.0486,0.0486,True,275.0,58.0,4,False,0.0026,-0.0486,-0.0099,-0.0597,-0.0217,inf
18000,8750,-54,165,0.556,1900,0.0,1.0,10.0,0.0,0,289.6429,1900.0,289.6429,-0.0,True,289.6429,42.0,3,False,0.006,0.0,-0.0061,-0.0369,-0.0127,inf
18000,8750,-54,165,0.556,1900,0.0,1.0,10.0,0.0,1,289.6429,1900.0,289.6429,-0.0,True,289.6429,42.0,3,False,0.006,0.0,-0.0061,-0.0369,-0.0127,inf
18000,8750,-54,165,0.556,1900,0.0,1.0,10.0,0.0,2,289.6429,1887.5,289.8795,0.2366,True,289.6429,58.0,4,False,0.0081,-0.2367,-0.0439,-0.2634,-0.0909,inf
18000,8750,-54,165,0.556,1900,0.0,1.0,10.0,0.0,3,289.6429,1900.0,289.6429,-0.0,True,289.6429,42.0,3,False,0.006,0.0,-0.0061,-0.0369,-0.0127,inf
18000,8750,-54,165,0.556,1900,0.0,1.0,10.0,0.0,4,289.6429,1900.0,289.6429,-0.0,True,289.6429,42.0,3,False,0.006,0.0,-0.0061,-0.0369,-0.0127,inf
18000,8750,-54,170,0.741,1900,0.0,1.0,10.0,0.0,0,304.2857,1900.0,304.2857,0.0,True,304.2857,42.0,3,False,0.0098,0.0,-0.0101,-0.0604,-0.0199,inf
18000,8750,-54,170,0.741,1900,0.0,1.0,10.0,0.0,1,304.2857,1900.0,304.2857,0.0,True,304.2857,42.0,3,False,0.0098,0.0,-0.0101,-0.0604,-0.0199,inf
18000,8750,-54,170,0.741,1900,0.0,1.0,10.0,0.0,2,304.2857,1900.0,304.2857,0.0,True,304.2857,42.0,3,False,0.0098,0.0,-0.0101,-0.0604,-0.0199,inf
18000,8750,-54,170,0.741,1900,0.0,1.0,10.0,0.0,3,304.2857,1900.0,304.2857,0.0,True,304.2857,42.0,3,False,0.0098,0.0,-0.0101,-0.0604,-0.0199,inf
18000,8750,-54,170,0.741,1900,0.0,1.0,10.0,0.0,4,304.2857,1900.0,304.2857,0.0,True,304.2857,42.0,3,False,0.0098,0.0,-0.0101,-0.0604,-0.0199,inf
18000,8750,-54,175,0.926,1900,0.0,1.0,10.0,0.0,0,319.8889,1900.0,319.8889,-0.0,True,319.8889,42.0,3,False,0.0169,0.0,-0.0173,-0.1038,-0.0325,inf
18000,8750,-54,175,0.926,1900,0.0,1.0,10.0,0.0,1,319.8889,1900.0,319.8889,-0.0,True,319.8889,42.0,3,False,0.0169,0.0,-0.0173,-0.1038,-0.0325,inf
18000,8750,-54,175,0.926,1900,0.0,1.0,10.0,0.0,2,319.8889,1900.0,319.8889,-0.0,True,319.8889,42.0,3,False,0.0169,0.0,-0.0173,-0.1038,-0.0325,inf
18000,8750,-54,175,0.926,1900,0.0,1.0,10.0,0.0,3,319.8889,1900.0,319.8889,-0.0,True,319.8889,42.0,3,False,0.0169,0.0,-0.0173,-0.1038,-0.0325,inf
18000,8750,-54,175,0.926,1900,0.0,1.0,10.0,0.0,4,319.8889,1900.0,319.8889,-0.0,True,319.8889,42.0,3,False,0.0169,0.0,-0.0173,-0.1038,-0.0325,inf
18000,8750,-54,177,1.0,1900,0.0,1.0,10.0,0.0,0,327.6667,1900.0,327.6667,-0.0,True,327.6667,42.0,3,False,0.0176,0.0,-0.018,-0.1082,-0.033,inf
18000,8750,-54,177,1.0,1900,0.0,1.0,10.0,0.0,1,327.6667,1900.0,327.6667,-0.0,True,327.6667,42.0,3,False,0.0176,0.0,-0.018,-0.1082,-0.033,inf
18000,8750,-54,177,1.0,1900,0.0,1.0,10.0,0.0,2,327.6667,1900.0,327.6667,-0.0,True,327.6667,42.0,3,False,0.0176,0.0,-0.018,-0.1082,-0.033,inf
18000,8750,-54,177,1.0,1900,0.0,1.0,10.0,0.0,3,327.6667,1900.0,327.6667,-0.0,True,327.6667,42.0,3,False,0.0176,0.0,-0.018,-0.1082,-0.033,inf
18000,8750,-54,177,1.0,1900,0.0,1.0,10.0,0.0,4,327.6667,1900.0,327.6667,-0.0,True,327.6667,42.0,3,False,0.0176,0.0,-0.018,-0.1082,-0.033,inf
18000,8750,-50,151,0.0,1900,0.0,1.0,10.0,0.0,0,250.0,1900.0,250.0,-0.0,True,250.0,42.0,3,False,0.0032,0.0,-0.0033,-0.0197,-0.0079,inf
18000,8750,-50,151,0.0,1900,0.0,1.0,10.0,0.0,1,250.0,1900.0,250.0,-0.0,True,250.0,42.0,3,False,0.0032,0.0,-0.0033,-0.0197,-0.0079,inf
18000,8750,-50,151,0.0,1900,0.0,1.0,10.0,0.0,2,250.0,1887.5,250.119,0.119,True,250.0,58.0,4,False,0.0043,-0.119,-0.0223,-0.1338,-0.0535,inf
18000,8750,-50,151,0.0,1900,0.0,1.0,10.0,0.0,3,250.0,1900.0,250.0,-0.0,True,250.0,42.0,3,False,0.0032,0.0,-0.0033,-0.0197,-0.0079,inf
18000,8750,-50,151,0.0,1900,0.0,1.0,10.0,0.0,4,250.0,1900.0,250.0,-0.0,True,250.0,90.0,6,False,0.0116,0.0,-0.0116,-0.0698,-0.0279,inf
18000,8750,-50,156,0.185,1900,0.0,1.0,10.0,0.0,0,263.0,1900.0,263.0,-0.0,True,263.0,42.0,3,False,0.0018,0.0,-0.0018,-0.0107,-0.0041,inf
18000,8750,-50,156,0.185,1900,0.0,1.0,10.0,0.0,1,263.0,1887.5,263.0446,0.0446,True,263.0,58.0,4,False,0.0023,-0.0446,-0.009,-0.0541,-0.0206,inf
18000,8750,-50,156,0.185,1900,0.0,1.0,10.0,0.0,2,263.0,1900.0,263.0,-0.0,True,263.0,42.0,3,False,0.0018,0.0,-0.0018,-0.0107,-0.0041,inf
18000,8750,-50,156,0.185,1900,0.0,1.0,10.0,0.0,3,263.0,1900.0,263.0,-0.0,True,263.0,42.0,3,False,0.0018,0.0,-0.0018,-0.0107,-0.0041,inf
18000,8750,-50,156,0.185,1900,0.0,1.0,10.0,0.0,4,263.0,1900.0,263.0,-0.0,True,263.0,42.0,3,False,0.0018,0.0,-0.0018,-0.0107,-0.0041,inf
18000,8750,-50,161,0.37,arada,0.1818,1.0,10.0,0.0,0,275.8159,1875.0,275.8283,0.0124,True,276.0,90.0,6,False,0.0002,0.1717,0.0241,0.1446,0.0524,4.888
18000,8750,-50,161,0.37,arada,0.1818,1.0,10.0,0.0,1,275.8159,1900.0,276.0,0.1841,True,276.0,42.0,3,False,-0.0011,0.0,0.0011,0.0067,0.0024,0.0
18000,8750,-50,161,0.37,arada,0.1818,1.0,10.0,0.0,2,275.8159,1900.0,276.0,0.1841,True,276.0,42.0,3,False,-0.0011,0.0,0.0011,0.0067,0.0024,0.0
18000,8750,-50,161,0.37,arada,0.1818,1.0,10.0,0.0,3,275.8159,1837.5,275.9495,0.1336,True,276.0,90.0,6,False,0.0011,0.0505,0.006,0.036,0.0131,76.4911
18000,8750,-50,161,0.37,arada,0.1818,1.0,10.0,0.0,4,275.8159,1875.0,275.8283,0.0124,True,276.0,74.0,5,False,-0.0026,0.1717,0.0277,0.1661,0.0602,0.0
18000,8750,-50,166,0.556,arada,0.065,1.0,10.0,0.0,0,291.6997,1850.0,291.8583,0.1586,True,291.7692,74.0,5,False,0.0058,-0.0891,-0.0189,-0.1132,-0.0388,inf
18000,8750,-50,166,0.556,arada,0.065,1.0,10.0,0.0,1,291.6997,1875.0,291.7042,0.0045,True,291.7692,90.0,6,False,0.0047,0.065,0.0045,0.0267,0.0092,262.1014
18000,8750,-50,166,0.556,arada,0.065,1.0,10.0,0.0,2,291.6997,1900.0,291.7692,0.0695,True,291.7692,42.0,3,False,0.0002,0.0,-0.0001,-0.0008,-0.0003,inf
18000,8750,-50,166,0.556,arada,0.065,1.0,10.0,0.0,3,291.6997,1875.0,291.7042,0.0045,True,291.7692,74.0,5,False,-0.0002,0.065,0.0097,0.0582,0.0199,0.0
18000,8750,-50,166,0.556,arada,0.065,1.0,10.0,0.0,4,291.6997,1875.0,291.7042,0.0045,True,291.7692,74.0,5,False,-0.0002,0.065,0.0097,0.0582,0.0199,0.0
18000,8750,-50,171,0.741,arada,0.0178,1.0,10.0,0.0,0,307.5193,1850.0,307.8316,0.3123,True,307.5385,74.0,5,False,0.0104,-0.2931,-0.0533,-0.3198,-0.104,inf
18000,8750,-50,171,0.741,arada,0.0178,1.0,10.0,0.0,1,307.5193,1900.0,307.5385,0.0192,True,307.5385,42.0,3,False,0.0012,0.0,-0.0012,-0.0073,-0.0024,inf
18000,8750,-50,171,0.741,arada,0.0178,1.0,10.0,0.0,2,307.5193,1887.5,307.5206,0.0013,True,307.5385,58.0,4,False,0.0013,0.0178,0.0013,0.008,0.0026,266.6065
18000,8750,-50,171,0.741,arada,0.0178,1.0,10.0,0.0,3,307.5193,1900.0,307.5385,0.0192,True,307.5385,42.0,3,False,0.0012,0.0,-0.0012,-0.0073,-0.0024,inf
18000,8750,-50,171,0.741,arada,0.0178,1.0,10.0,0.0,4,307.5193,1887.5,307.5206,0.0013,True,307.5385,58.0,4,False,0.0013,0.0178,0.0013,0.008,0.0026,266.6065
18000,8750,-50,176,0.926,1900,0.0,1.0,10.0,0.0,0,324.0,1900.0,324.0,-0.0,True,324.0,42.0,3,False,0.0085,0.0,-0.0087,-0.0521,-0.0161,inf
18000,8750,-50,176,0.926,1900,0.0,1.0,10.0,0.0,1,324.0,1887.5,324.3429,0.3429,True,324.0,58.0,4,False,0.0115,-0.3429,-0.0633,-0.3801,-0.1173,inf
18000,8750,-50,176,0.926,1900,0.0,1.0,10.0,0.0,2,324.0,1900.0,324.0,-0.0,True,324.0,42.0,3,False,0.0085,0.0,-0.0087,-0.0521,-0.0161,inf
18000,8750,-50,176,0.926,1900,0.0,1.0,10.0,0.0,3,324.0,1887.5,324.3429,0.3429,True,324.0,58.0,4,False,0.0115,-0.3429,-0.0633,-0.3801,-0.1173,inf
18000,8750,-50,176,0.926,1900,0.0,1.0,10.0,0.0,4,324.0,1900.0,324.0,-0.0,True,324.0,42.0,3,False,0.0085,0.0,-0.0087,-0.0521,-0.0161,inf
18000,8750,-50,178,1.0,1900,0.0,1.0,10.0,0.0,0,331.0,1900.0,331.0,-0.0,True,331.0,42.0,3,False,0.0127,0.0,-0.013,-0.0777,-0.0235,inf
18000,8750,-50,178,1.0,1900,0.0,1.0,10.0,0.0,1,331.0,1900.0,331.0,-0.0,True,331.0,42.0,3,False,0.0127,0.0,-0.013,-0.0777,-0.0235,inf
18000,8750,-50,178,1.0,1900,0.0,1.0,10.0,0.0,2,331.0,1900.0,331.0,-0.0,True,331.0,42.0,3,False,0.0127,0.0,-0.013,-0.0777,-0.0235,inf
18000,8750,-50,178,1.0,1900,0.0,1.0,10.0,0.0,3,331.0,1900.0,331.0,-0.0,True,331.0,42.0,3,False,0.0127,0.0,-0.013,-0.0777,-0.0235,inf
18000,8750,-50,178,1.0,1900,0.0,1.0,10.0,0.0,4,331.0,1887.5,331.5538,0.5538,False,331.0,58.0,4,False,0.0174,-0.5538,-0.1011,-0.6064,-0.1832,inf
18000,8750,-40,152,0.0,arada,0.0382,1.0,10.0,0.0,0,250.9578,1850.0,251.0889,0.1311,True,251.0,74.0,5,False,0.0047,-0.0889,-0.0178,-0.1066,-0.0425,inf
18000,8750,-40,152,0.0,arada,0.0382,1.0,10.0,0.0,1,250.9578,1900.0,251.0,0.0422,True,251.0,42.0,3,False,0.0002,0.0,-0.0002,-0.0014,-0.0005,inf
18000,8750,-40,152,0.0,arada,0.0382,1.0,10.0,0.0,2,250.9578,1862.5,251.0062,0.0484,True,251.0,90.0,6,False,0.0004,-0.0063,-0.0014,-0.0082,-0.0033,inf
18000,8750,-40,152,0.0,arada,0.0382,1.0,10.0,0.0,3,250.9578,1900.0,251.0,0.0422,True,251.0,42.0,3,False,0.0002,0.0,-0.0002,-0.0014,-0.0005,inf
18000,8750,-40,152,0.0,arada,0.0382,1.0,10.0,0.0,4,250.9578,1900.0,251.0,0.0422,True,251.0,42.0,3,False,0.0002,0.0,-0.0002,-0.0014,-0.0005,inf
18000,8750,-40,157,0.227,arada,0.1,1.0,10.0,0.0,0,264.2124,1850.0,264.303,0.0906,True,264.3125,74.0,5,False,0.0032,0.0095,-0.0019,-0.0115,-0.0044,1231.3452
18000,8750,-40,157,0.227,arada,0.1,1.0,10.0,0.0,1,264.2124,1850.0,264.303,0.0906,True,264.3125,74.0,5,False,0.0032,0.0095,-0.0019,-0.0115,-0.0044,1231.3452
18000,8750,-40,157,0.227,arada,0.1,1.0,10.0,0.0,2,264.2124,1887.5,264.2387,0.0263,True,264.3125,58.0,4,False,-0.0008,0.0738,0.0119,0.0714,0.027,0.0
18000,8750,-40,157,0.227,arada,0.1,1.0,10.0,0.0,3,264.2124,1900.0,264.3125,0.1001,True,264.3125,42.0,3,False,-0.0003,0.0,0.0004,0.0022,0.0008,0.0
18000,8750,-40,157,0.227,arada,0.1,1.0,10.0,0.0,4,264.2124,1875.0,264.2125,0.0001,True,264.3125,90.0,6,False,0.0025,0.1,0.0116,0.0699,0.0264,90.3695
18000,8750,-40,162,0.455,1900,0.0,1.0,10.0,0.0,0,276.5,1900.0,276.5,-0.0,True,276.5,42.0,3,False,0.0035,0.0,-0.0036,-0.0213,-0.0077,inf
18000,8750,-40,162,0.455,1900,0.0,1.0,10.0,0.0,1,276.5,1900.0,276.5,-0.0,True,276.5,42.0,3,False,0.0035,0.0,-0.0036,-0.0213,-0.0077,inf
18000,8750,-40,162,0.455,1900,0.0,1.0,10.0,0.0,2,276.5,1850.0,277.188,0.688,False,276.5,74.0,5,False,0.017,-0.688,-0.1176,-0.7058,-0.2553,inf
18000,8750,-40,162,0.455,1900,0.0,1.0,10.0,0.0,3,276.5,1900.0,276.5,-0.0,True,276.5,42.0,3,False,0.0035,0.0,-0.0036,-0.0213,-0.0077,inf
18000,8750,-40,162,0.455,1900,0.0,1.0,10.0,0.0,4,276.5,1900.0,276.5,-0.0,True,276.5,42.0,3,False,0.0035,0.0,-0.0036,-0.0213,-0.0077,inf
18000,8750,-40,167,0.682,1900,0.0,1.0,10.0,0.0,0,288.6875,1900.0,288.6875,-0.0,True,288.6875,42.0,3,False,0.0068,0.0,-0.0069,-0.0416,-0.0144,inf
18000,8750,-40,167,0.682,1900,0.0,1.0,10.0,0.0,1,288.6875,1887.5,288.9528,0.2653,True,288.6875,58.0,4,False,0.0092,-0.2653,-0.0493,-0.2955,-0.1024,inf
18000,8750,-40,167,0.682,1900,0.0,1.0,10.0,0.0,2,288.6875,1900.0,288.6875,-0.0,True,288.6875,42.0,3,False,0.0068,0.0,-0.0069,-0.0416,-0.0144,inf
18000,8750,-40,167,0.682,1900,0.0,1.0,10.0,0.0,3,288.6875,1900.0,288.6875,-0.0,True,288.6875,42.0,3,False,0.0068,0.0,-0.0069,-0.0416,-0.0144,inf
18000,8750,-40,167,0.682,1900,0.0,1.0,10.0,0.0,4,288.6875,1900.0,288.6875,-0.0,True,288.6875,42.0,3,False,0.0068,0.0,-0.0069,-0.0416,-0.0144,inf
18000,8750,-40,172,0.909,1900,0.0,1.0,10.0,0.0,0,303.2,1900.0,303.2,-0.0,True,303.2,42.0,3,False,0.0094,0.0,-0.0096,-0.0576,-0.019,inf
18000,8750,-40,172,0.909,1900,0.0,1.0,10.0,0.0,1,303.2,1900.0,303.2,-0.0,True,303.2,42.0,3,False,0.0094,0.0,-0.0096,-0.0576,-0.019,inf
18000,8750,-40,172,0.909,1900,0.0,1.0,10.0,0.0,2,303.2,1900.0,303.2,-0.0,True,303.2,42.0,3,False,0.0094,0.0,-0.0096,-0.0576,-0.019,inf
18000,8750,-40,172,0.909,1900,0.0,1.0,10.0,0.0,3,303.2,1900.0,303.2,-0.0,True,303.2,42.0,3,False,0.0094,0.0,-0.0096,-0.0576,-0.019,inf
18000,8750,-40,172,0.909,1900,0.0,1.0,10.0,0.0,4,303.2,1900.0,303.2,-0.0,True,303.2,42.0,3,False,0.0094,0.0,-0.0096,-0.0576,-0.019,inf
18000,8750,-40,174,1.0,1900,0.0,1.0,10.0,0.0,0,310.4,1887.5,310.7534,0.3534,True,310.4,58.0,4,False,0.0121,-0.3534,-0.0655,-0.3929,-0.1266,inf
18000,8750,-40,174,1.0,1900,0.0,1.0,10.0,0.0,1,310.4,1900.0,310.4,-0.0,True,310.4,42.0,3,False,0.0089,0.0,-0.0091,-0.0547,-0.0176,inf
18000,8750,-40,174,1.0,1900,0.0,1.0,10.0,0.0,2,310.4,1900.0,310.4,-0.0,True,310.4,42.0,3,False,0.0089,0.0,-0.0091,-0.0547,-0.0176,inf
18000,8750,-40,174,1.0,1900,0.0,1.0,10.0,0.0,3,310.4,1900.0,310.4,-0.0,True,310.4,42.0,3,False,0.0089,0.0,-0.0091,-0.0547,-0.0176,inf
18000,8750,-40,174,1.0,1900,0.0,1.0,10.0,0.0,4,310.4,1900.0,310.4,-0.0,True,310.4,42.0,3,False,0.0089,0.0,-0.0091,-0.0547,-0.0176,inf
18000,8750,-30,155,0.0,1900,0.0,1.0,10.0,0.0,0,256.0,1900.0,256.0,-0.0,True,256.0,42.0,3,False,0.0049,0.0,-0.005,-0.0301,-0.0118,inf
18000,8750,-30,155,0.0,1900,0.0,1.0,10.0,0.0,1,256.0,1887.5,256.1832,0.1832,True,256.0,58.0,4,False,0.0066,-0.1832,-0.0343,-0.2057,-0.0804,inf
18000,8750,-30,155,0.0,1900,0.0,1.0,10.0,0.0,2,256.0,1887.5,256.1832,0.1832,True,256.0,58.0,4,False,0.0066,-0.1832,-0.0343,-0.2057,-0.0804,inf
18000,8750,-30,155,0.0,1900,0.0,1.0,10.0,0.0,3,256.0,1900.0,256.0,-0.0,True,256.0,42.0,3,False,0.0049,0.0,-0.005,-0.0301,-0.0118,inf
18000,8750,-30,155,0.0,1900,0.0,1.0,10.0,0.0,4,256.0,1900.0,256.0,-0.0,True,256.0,42.0,3,False,0.0049,0.0,-0.005,-0.0301,-0.0118,inf
18000,8750,-30,160,0.333,1900,0.0,1.0,10.0,0.0,0,268.2222,1900.0,268.2222,0.0,True,268.2222,42.0,3,False,0.0034,0.0,-0.0034,-0.0206,-0.0077,inf
18000,8750,-30,160,0.333,1900,0.0,1.0,10.0,0.0,1,268.2222,1887.5,268.321,0.0988,True,268.2222,58.0,4,False,0.0044,-0.0988,-0.0193,-0.116,-0.0432,inf
18000,8750,-30,160,0.333,1900,0.0,1.0,10.0,0.0,2,268.2222,1900.0,268.2222,0.0,True,268.2222,42.0,3,False,0.0034,0.0,-0.0034,-0.0206,-0.0077,inf
18000,8750,-30,160,0.333,1900,0.0,1.0,10.0,0.0,3,268.2222,1900.0,268.2222,0.0,True,268.2222,42.0,3,False,0.0034,0.0,-0.0034,-0.0206,-0.0077,inf
18000,8750,-30,160,0.333,1900,0.0,1.0,10.0,0.0,4,268.2222,1900.0,268.2222,0.0,True,268.2222,42.0,3,False,0.0034,0.0,-0.0034,-0.0206,-0.0077,inf
18000,8750,-30,165,0.667,1900,0.0,1.0,10.0,0.0,0,280.8333,1887.5,280.8611,0.0278,True,280.8333,58.0,4,False,0.0026,-0.0278,-0.0068,-0.0408,-0.0145,inf
18000,8750,-30,165,0.667,1900,0.0,1.0,10.0,0.0,1,280.8333,1850.0,281.284,0.4507,True,280.8333,74.0,5,False,0.0133,-0.4506,-0.0793,-0.4755,-0.1693,inf
18000,8750,-30,165,0.667,1900,0.0,1.0,10.0,0.0,2,280.8333,1875.0,280.9455,0.1122,True,280.8333,74.0,5,False,0.0036,-0.1122,-0.0201,-0.1205,-0.0429,inf
18000,8750,-30,165,0.667,1900,0.0,1.0,10.0,0.0,3,280.8333,1900.0,280.8333,0.0,True,280.8333,42.0,3,False,0.0021,0.0,-0.0021,-0.0128,-0.0045,inf
18000,8750,-30,165,0.667,1900,0.0,1.0,10.0,0.0,4,280.8333,1887.5,280.8611,0.0278,True,280.8333,58.0,4,False,0.0026,-0.0278,-0.0068,-0.0408,-0.0145,inf
18000,8750,-30,170,1.0,1900,0.0,1.0,10.0,0.0,0,295.0,1900.0,295.0,-0.0,True,295.0,42.0,3,False,0.0033,0.0,-0.0034,-0.0202,-0.0069,inf
18000,8750,-30,170,1.0,1900,0.0,1.0,10.0,0.0,1,295.0,1900.0,295.0,-0.0,True,295.0,42.0,3,False,0.0033,0.0,-0.0034,-0.0202,-0.0069,inf
18000,8750,-30,170,1.0,1900,0.0,1.0,10.0,0.0,2,295.0,1900.0,295.0,-0.0,True,295.0,42.0,3,False,0.0033,0.0,-0.0034,-0.0202,-0.0069,inf
18000,8750,-30,170,1.0,1900,0.0,1.0,10.0,0.0,3,295.0,1900.0,295.0,-0.0,True,295.0,42.0,3,False,0.0033,0.0,-0.0034,-0.0202,-0.0069,inf
18000,8750,-30,170,1.0,1900,0.0,1.0,10.0,0.0,4,295.0,1887.5,295.0917,0.0917,True,295.0,58.0,4,False,0.0043,-0.0917,-0.0182,-0.109,-0.0369,inf
18000,8750,-20,158,0.0,1900,0.0,1.0,10.0,0.0,0,260.0,1900.0,260.0,-0.0,True,260.0,42.0,3,False,0.0123,0.0,-0.0126,-0.0758,-0.0291,inf
18000,8750,-20,158,0.0,1900,0.0,1.0,10.0,0.0,1,260.0,1900.0,260.0,-0.0,True,260.0,42.0,3,False,0.0123,0.0,-0.0126,-0.0758,-0.0291,inf
18000,8750,-20,158,0.0,1900,0.0,1.0,10.0,0.0,2,260.0,1900.0,260.0,-0.0,True,260.0,42.0,3,False,0.0123,0.0,-0.0126,-0.0758,-0.0291,inf
18000,8750,-20,158,0.0,1900,0.0,1.0,10.0,0.0,3,260.0,1900.0,260.0,-0.0,True,260.0,42.0,3,False,0.0123,0.0,-0.0126,-0.0758,-0.0291,inf
18000,8750,-20,158,0.0,1900,0.0,1.0,10.0,0.0,4,260.0,1900.0,260.0,-0.0,True,260.0,42.0,3,False,0.0123,0.0,-0.0126,-0.0758,-0.0291,inf
18000,8750,-20,163,0.714,1900,0.0,1.0,10.0,0.0,0,273.0769,1900.0,273.0769,0.0,True,273.0769,42.0,3,False,0.0096,0.0,-0.0099,-0.0591,-0.0216,inf
18000,8750,-20,163,0.714,1900,0.0,1.0,10.0,0.0,1,273.0769,1887.5,273.4947,0.4178,True,273.0769,58.0,4,False,0.0132,-0.4177,-0.0763,-0.458,-0.1677,inf
18000,8750,-20,163,0.714,1900,0.0,1.0,10.0,0.0,2,273.0769,1900.0,273.0769,0.0,True,273.0769,42.0,3,False,0.0096,0.0,-0.0099,-0.0591,-0.0216,inf
18000,8750,-20,163,0.714,1900,0.0,1.0,10.0,0.0,3,273.0769,1900.0,273.0769,0.0,True,273.0769,42.0,3,False,0.0096,0.0,-0.0099,-0.0591,-0.0216,inf
18000,8750,-20,163,0.714,1900,0.0,1.0,10.0,0.0,4,273.0769,1900.0,273.0769,0.0,True,273.0769,42.0,3,False,0.0096,0.0,-0.0099,-0.0591,-0.0216,inf
18000,8750,-20,165,1.0,1900,0.0,1.0,10.0,0.0,0,278.3077,1900.0,278.3077,-0.0,True,278.3077,42.0,3,False,0.0085,0.0,-0.0087,-0.0525,-0.0188,inf
18000,8750,-20,165,1.0,1900,0.0,1.0,10.0,0.0,1,278.3077,1900.0,278.3077,-0.0,True,278.3077,42.0,3,False,0.0085,0.0,-0.0087,-0.0525,-0.0188,inf
18000,8750,-20,165,1.0,1900,0.0,1.0,10.0,0.0,2,278.3077,1900.0,278.3077,-0.0,True,278.3077,42.0,3,False,0.0085,0.0,-0.0087,-0.0525,-0.0188,inf
18000,8750,-20,165,1.0,1900,0.0,1.0,10.0,0.0,3,278.3077,1887.5,278.6708,0.3631,True,278.3077,58.0,4,False,0.0117,-0.3631,-0.0665,-0.3993,-0.1435,inf
18000,8750,-20,165,1.0,1900,0.0,1.0,10.0,0.0,4,278.3077,1900.0,278.3077,-0.0,True,278.3077,42.0,3,False,0.0085,0.0,-0.0087,-0.0525,-0.0188,inf
20000,8750,-54,154,0.0,1900,0.0,1.0,10.0,0.0,0,250.0,1900.0,250.0,-0.0,True,250.0,42.0,3,False,0.0068,0.0,-0.0069,-0.0416,-0.0166,inf
20000,8750,-54,154,0.0,1900,0.0,1.0,10.0,0.0,1,250.0,1900.0,250.0,-0.0,True,250.0,42.0,3,False,0.0068,0.0,-0.0069,-0.0416,-0.0166,inf
20000,8750,-54,154,0.0,1900,0.0,1.0,10.0,0.0,2,250.0,1900.0,250.0,-0.0,True,250.0,42.0,3,False,0.0068,0.0,-0.0069,-0.0416,-0.0166,inf
20000,8750,-54,154,0.0,1900,0.0,1.0,10.0,0.0,3,250.0,1900.0,250.0,-0.0,True,250.0,42.0,3,False,0.0068,0.0,-0.0069,-0.0416,-0.0166,inf
20000,8750,-54,154,0.0,1900,0.0,1.0,10.0,0.0,4,250.0,1887.5,250.2863,0.2863,True,250.0,58.0,4,False,0.0093,-0.2863,-0.0525,-0.3152,-0.1261,inf
20000,8750,-54,159,0.278,arada,0.1007,1.0,10.0,0.0,0,265.1485,1875.0,265.1493,0.0008,True,265.25,90.0,6,False,0.0017,0.1007,0.0125,0.0752,0.0284,61.6469
20000,8750,-54,159,0.278,arada,0.1007,1.0,10.0,0.0,1,265.1485,1900.0,265.25,0.1015,True,265.25,42.0,3,False,-0.0004,0.0,0.0005,0.0028,0.0011,0.0
20000,8750,-54,159,0.278,arada,0.1007,1.0,10.0,0.0,2,265.1485,1875.0,265.1493,0.0008,True,265.25,74.0,5,False,-0.0013,0.1007,0.016,0.0958,0.0361,0.0
20000,8750,-54,159,0.278,arada,0.1007,1.0,10.0,0.0,3,265.1485,1875.0,265.1493,0.0008,True,265.25,90.0,6,False,0.0017,0.1007,0.0125,0.0752,0.0284,61.6469
20000,8750,-54,159,0.278,arada,0.1007,1.0,10.0,0.0,4,265.1485,1850.0,265.2158,0.0673,True,265.25,74.0,5,False,0.0023,0.0342,0.0026,0.0158,0.006,243.2607
20000,8750,-54,164,0.556,arada,0.1349,1.0,10.0,0.0,0,277.9256,1850.0,278.0036,0.078,True,278.0625,74.0,5,False,0.0026,0.0589,0.006,0.0357,0.0128,158.3214
20000,8750,-54,164,0.556,arada,0.1349,1.0,10.0,0.0,1,277.9256,1875.0,277.9276,0.002,True,278.0625,90.0,6,False,0.0019,0.1349,0.0172,0.1033,0.0372,50.2472
20000,8750,-54,164,0.556,arada,0.1349,1.0,10.0,0.0,2,277.9256,1900.0,278.0625,0.1369,True,278.0625,90.0,6,False,0.002,0.0,-0.0019,-0.0117,-0.0042,inf
20000,8750,-54,164,0.556,arada,0.1349,1.0,10.0,0.0,3,277.9256,1887.5,277.9687,0.0431,True,278.0625,58.0,4,False,-0.0012,0.0938,0.0154,0.0921,0.0331,0.0
20000,8750,-54,164,0.556,arada,0.1349,1.0,10.0,0.0,4,277.9256,1850.0,278.0036,0.078,True,278.0625,74.0,5,False,0.0026,0.0589,0.006,0.0357,0.0128,158.3214
20000,8750,-54,169,0.833,1900,0.0,1.0,10.0,0.0,0,290.875,1900.0,290.875,-0.0,True,290.875,42.0,3,False,0.0097,0.0,-0.0099,-0.0596,-0.0205,inf
20000,8750,-54,169,0.833,1900,0.0,1.0,10.0,0.0,1,290.875,1900.0,290.875,-0.0,True,290.875,42.0,3,False,0.0097,0.0,-0.0099,-0.0596,-0.0205,inf
20000,8750,-54,169,0.833,1900,0.0,1.0,10.0,0.0,2,290.875,1900.0,290.875,-0.0,True,290.875,42.0,3,False,0.0097,0.0,-0.0099,-0.0596,-0.0205,inf
20000,8750,-54,169,0.833,1900,0.0,1.0,10.0,0.0,3,290.875,1887.5,291.293,0.418,True,290.875,58.0,4,False,0.0133,-0.418,-0.0765,-0.4588,-0.1577,inf
20000,8750,-54,169,0.833,1900,0.0,1.0,10.0,0.0,4,290.875,1900.0,290.875,-0.0,True,290.875,42.0,3,False,0.0097,0.0,-0.0099,-0.0596,-0.0205,inf
20000,8750,-54,172,1.0,1900,0.0,1.0,10.0,0.0,0,299.2857,1900.0,299.2857,0.0,True,299.2857,42.0,3,False,0.0141,0.0,-0.0145,-0.0869,-0.029,inf
20000,8750,-54,172,1.0,1900,0.0,1.0,10.0,0.0,1,299.2857,1900.0,299.2857,0.0,True,299.2857,42.0,3,False,0.0141,0.0,-0.0145,-0.0869,-0.029,inf
20000,8750,-54,172,1.0,1900,0.0,1.0,10.0,0.0,2,299.2857,1900.0,299.2857,0.0,True,299.2857,42.0,3,False,0.0141,0.0,-0.0145,-0.0869,-0.029,inf
20000,8750,-54,172,1.0,1900,0.0,1.0,10.0,0.0,3,299.2857,1900.0,299.2857,0.0,True,299.2857,42.0,3,False,0.0141,0.0,-0.0145,-0.0869,-0.029,inf
20000,8750,-54,172,1.0,1900,0.0,1.0,10.0,0.0,4,299.2857,1900.0,299.2857,0.0,True,299.2857,42.0,3,False,0.0141,0.0,-0.0145,-0.0869,-0.029,inf
20000,8750,-50,154,0.0,1900,0.0,1.0,10.0,0.0,0,251.0,1900.0,251.0,-0.0,True,251.0,42.0,3,False,0.0045,0.0,-0.0046,-0.0274,-0.0109,inf
20000,8750,-50,154,0.0,1900,0.0,1.0,10.0,0.0,1,251.0,1887.5,251.1715,0.1715,True,251.0,58.0,4,False,0.006,-0.1715,-0.0319,-0.1916,-0.0763,inf
20000,8750,-50,154,0.0,1900,0.0,1.0,10.0,0.0,2,251.0,1900.0,251.0,-0.0,True,251.0,42.0,3,False,0.0045,0.0,-0.0046,-0.0274,-0.0109,inf
20000,8750,-50,154,0.0,1900,0.0,1.0,10.0,0.0,3,251.0,1875.0,251.3712,0.3712,True,251.0,74.0,5,False,0.0086,-0.3712,-0.0629,-0.3774,-0.1504,inf
20000,8750,-50,154,0.0,1900,0.0,1.0,10.0,0.0,4,251.0,1887.5,251.1715,0.1715,True,251.0,58.0,4,False,0.006,-0.1715,-0.0319,-0.1916,-0.0763,inf
20000,8750,-50,159,0.278,1900,0.0,1.0,10.0,0.0,0,262.6875,1900.0,262.6875,-0.0,True,262.6875,42.0,3,False,0.0032,0.0,-0.0033,-0.0196,-0.0075,inf
20000,8750,-50,159,0.278,1900,0.0,1.0,10.0,0.0,1,262.6875,1900.0,262.6875,-0.0,True,262.6875,42.0,3,False,0.0032,0.0,-0.0033,-0.0196,-0.0075,inf
20000,8750,-50,159,0.278,1900,0.0,1.0,10.0,0.0,2,262.6875,1887.5,262.7882,0.1007,True,262.6875,58.0,4,False,0.0042,-0.1007,-0.0194,-0.1167,-0.0444,inf
20000,8750,-50,159,0.278,1900,0.0,1.0,10.0,0.0,3,262.6875,1887.5,262.7882,0.1007,True,262.6875,58.0,4,False,0.0042,-0.1007,-0.0194,-0.1167,-0.0444,inf
20000,8750,-50,159,0.278,1900,0.0,1.0,10.0,0.0,4,262.6875,1875.0,262.9278,0.2403,True,262.6875,74.0,5,False,0.006,-0.2403,-0.0412,-0.2471,-0.0941,inf
20000,8750,-50,164,0.556,arada,0.404,1.0,10.0,0.0,0,275.0774,1850.0,275.096,0.0186,True,275.5,74.0,5,False,-0.0027,0.404,0.0617,0.37,0.1343,0.0
20000,8750,-50,164,0.556,arada,0.404,1.0,10.0,0.0,1,275.0774,1862.5,275.081,0.0036,True,275.5,106.0,7,False,-0.0049,0.419,0.0624,0.3744,0.1359,0.0
20000,8750,-50,164,0.556,arada,0.404,1.0,10.0,0.0,2,275.0774,1850.0,275.096,0.0186,True,275.5,122.0,8,False,-0.0063,0.404,0.0599,0.3597,0.1306,0.0
20000,8750,-50,164,0.556,arada,0.404,1.0,10.0,0.0,3,275.0774,1875.0,275.1433,0.0659,True,275.5,74.0,5,False,-0.006,0.3567,0.0581,0.3488,0.1266,0.0
20000,8750,-50,164,0.556,arada,0.404,1.0,10.0,0.0,4,275.0774,1875.0,275.1433,0.0659,True,275.5,90.0,6,False,-0.0031,0.3567,0.0537,0.322,0.1169,0.0
20000,8750,-50,169,0.833,1900,0.0,1.0,10.0,0.0,0,288.3125,1900.0,288.3125,-0.0,True,288.3125,42.0,3,False,0.0087,0.0,-0.0089,-0.0533,-0.0185,inf
20000,8750,-50,169,0.833,1900,0.0,1.0,10.0,0.0,1,288.3125,1900.0,288.3125,-0.0,True,288.3125,42.0,3,False,0.0087,0.0,-0.0089,-0.0533,-0.0185,inf
20000,8750,-50,169,0.833,1900,0.0,1.0,10.0,0.0,2,288.3125,1900.0,288.3125,-0.0,True,288.3125,42.0,3,False,0.0087,0.0,-0.0089,-0.0533,-0.0185,inf
20000,8750,-50,169,0.833,1900,0.0,1.0,10.0,0.0,3,288.3125,1900.0,288.3125,-0.0,True,288.3125,42.0,3,False,0.0087,0.0,-0.0089,-0.0533,-0.0185,inf
20000,8750,-50,169,0.833,1900,0.0,1.0,10.0,0.0,4,288.3125,1900.0,288.3125,-0.0,True,288.3125,42.0,3,False,0.0087,0.0,-0.0089,-0.0533,-0.0185,inf
20000,8750,-50,172,1.0,1900,0.0,1.0,10.0,0.0,0,296.0,1900.0,296.0,-0.0,True,296.0,42.0,3,False,0.0155,0.0,-0.0159,-0.0952,-0.0322,inf
20000,8750,-50,172,1.0,1900,0.0,1.0,10.0,0.0,1,296.0,1900.0,296.0,-0.0,True,296.0,42.0,3,False,0.0155,0.0,-0.0159,-0.0952,-0.0322,inf
20000,8750,-50,172,1.0,1900,0.0,1.0,10.0,0.0,2,296.0,1900.0,296.0,-0.0,True,296.0,42.0,3,False,0.0155,0.0,-0.0159,-0.0952,-0.0322,inf
20000,8750,-50,172,1.0,1900,0.0,1.0,10.0,0.0,3,296.0,1900.0,296.0,-0.0,True,296.0,42.0,3,False,0.0155,0.0,-0.0159,-0.0952,-0.0322,inf
20000,8750,-50,172,1.0,1900,0.0,1.0,10.0,0.0,4,296.0,1900.0,296.0,-0.0,True,296.0,42.0,3,False,0.0155,0.0,-0.0159,-0.0952,-0.0322,inf
20000,8750,-40,157,0.0,1900,0.0,1.0,10.0,0.0,0,255.0,1900.0,255.0,-0.0,True,255.0,42.0,3,False,0.0085,0.0,-0.0087,-0.052,-0.0204,inf
20000,8750,-40,157,0.0,1900,0.0,1.0,10.0,0.0,1,255.0,1900.0,255.0,-0.0,True,255.0,42.0,3,False,0.0085,0.0,-0.0087,-0.052,-0.0204,inf
20000,8750,-40,157,0.0,1900,0.0,1.0,10.0,0.0,2,255.0,1887.5,255.359,0.359,True,255.0,58.0,4,False,0.0116,-0.359,-0.0658,-0.3949,-0.1549,inf
20000,8750,-40,157,0.0,1900,0.0,1.0,10.0,0.0,3,255.0,1900.0,255.0,-0.0,True,255.0,42.0,3,False,0.0085,0.0,-0.0087,-0.052,-0.0204,inf
20000,8750,-40,157,0.0,1900,0.0,1.0,10.0,0.0,4,255.0,1887.5,255.359,0.359,True,255.0,58.0,4,False,0.0116,-0.359,-0.0658,-0.3949,-0.1549,inf
20000,8750,-40,162,0.455,1900,0.0,1.0,10.0,0.0,0,266.6667,1900.0,266.6667,-0.0,True,266.6667,42.0,3,False,0.013,0.0,-0.0133,-0.0799,-0.03,inf
20000,8750,-40,162,0.455,1900,0.0,1.0,10.0,0.0,1,266.6667,1900.0,266.6667,-0.0,True,266.6667,42.0,3,False,0.013,0.0,-0.0133,-0.0799,-0.03,inf
20000,8750,-40,162,0.455,1900,0.0,1.0,10.0,0.0,2,266.6667,1900.0,266.6667,-0.0,True,266.6667,42.0,3,False,0.013,0.0,-0.0133,-0.0799,-0.03,inf
20000,8750,-40,162,0.455,1900,0.0,1.0,10.0,0.0,3,266.6667,1900.0,266.6667,-0.0,True,266.6667,42.0,3,False,0.013,0.0,-0.0133,-0.0799,-0.03,inf
20000,8750,-40,162,0.455,1900,0.0,1.0,10.0,0.0,4,266.6667,1900.0,266.6667,-0.0,True,266.6667,42.0,3,False,0.013,0.0,-0.0133,-0.0799,-0.03,inf
20000,8750,-40,167,0.909,1900,0.0,1.0,10.0,0.0,0,278.8889,1900.0,278.8889,-0.0,True,278.8889,42.0,3,False,0.0162,0.0,-0.0166,-0.0995,-0.0357,inf
20000,8750,-40,167,0.909,1900,0.0,1.0,10.0,0.0,1,278.8889,1900.0,278.8889,-0.0,True,278.8889,42.0,3,False,0.0162,0.0,-0.0166,-0.0995,-0.0357,inf
20000,8750,-40,167,0.909,1900,0.0,1.0,10.0,0.0,2,278.8889,1900.0,278.8889,-0.0,True,278.8889,42.0,3,False,0.0162,0.0,-0.0166,-0.0995,-0.0357,inf
20000,8750,-40,167,0.909,1900,0.0,1.0,10.0,0.0,3,278.8889,1900.0,278.8889,-0.0,True,278.8889,42.0,3,False,0.0162,0.0,-0.0166,-0.0995,-0.0357,inf
20000,8750,-40,167,0.909,1900,0.0,1.0,10.0,0.0,4,278.8889,1900.0,278.8889,-0.0,True,278.8889,42.0,3,False,0.0162,0.0,-0.0166,-0.0995,-0.0357,inf
20000,8750,-40,168,1.0,1900,0.0,1.0,10.0,0.0,0,281.7778,1900.0,281.7778,-0.0,True,281.7778,42.0,3,False,0.0157,0.0,-0.0161,-0.0967,-0.0343,inf
20000,8750,-40,168,1.0,1900,0.0,1.0,10.0,0.0,1,281.7778,1900.0,281.7778,-0.0,True,281.7778,42.0,3,False,0.0157,0.0,-0.0161,-0.0967,-0.0343,inf
20000,8750,-40,168,1.0,1900,0.0,1.0,10.0,0.0,2,281.7778,1900.0,281.7778,-0.0,True,281.7778,42.0,3,False,0.0157,0.0,-0.0161,-0.0967,-0.0343,inf
20000,8750,-40,168,1.0,1900,0.0,1.0,10.0,0.0,3,281.7778,1900.0,281.7778,-0.0,True,281.7778,42.0,3,False,0.0157,0.0,-0.0161,-0.0967,-0.0343,inf
20000,8750,-40,168,1.0,1900,0.0,1.0,10.0,0.0,4,281.7778,1900.0,281.7778,-0.0,True,281.7778,42.0,3,False,0.0157,0.0,-0.0161,-0.0967,-0.0343,inf
20000,8750,-30,160,0.0,1900,0.0,1.0,10.0,0.0,0,260.0,1900.0,260.0,-0.0,True,260.0,42.0,3,False,0.0131,0.0,-0.0134,-0.0805,-0.031,inf
20000,8750,-30,160,0.0,1900,0.0,1.0,10.0,0.0,1,260.0,1900.0,260.0,-0.0,True,260.0,42.0,3,False,0.0131,0.0,-0.0134,-0.0805,-0.031,inf
20000,8750,-30,160,0.0,1900,0.0,1.0,10.0,0.0,2,260.0,1900.0,260.0,-0.0,True,260.0,42.0,3,False,0.0131,0.0,-0.0134,-0.0805,-0.031,inf
20000,8750,-30,160,0.0,1900,0.0,1.0,10.0,0.0,3,260.0,1900.0,260.0,-0.0,True,260.0,42.0,3,False,0.0131,0.0,-0.0134,-0.0805,-0.031,inf
20000,8750,-30,160,0.0,1900,0.0,1.0,10.0,0.0,4,260.0,1900.0,260.0,-0.0,True,260.0,42.0,3,False,0.0131,0.0,-0.0134,-0.0805,-0.031,inf
20000,8750,-30,163,1.0,1900,0.0,1.0,10.0,0.0,0,267.2,1900.0,267.2,-0.0,True,267.2,42.0,3,False,0.0123,0.0,-0.0126,-0.0755,-0.0283,inf
20000,8750,-30,163,1.0,1900,0.0,1.0,10.0,0.0,1,267.2,1900.0,267.2,-0.0,True,267.2,42.0,3,False,0.0123,0.0,-0.0126,-0.0755,-0.0283,inf
20000,8750,-30,163,1.0,1900,0.0,1.0,10.0,0.0,2,267.2,1900.0,267.2,-0.0,True,267.2,42.0,3,False,0.0123,0.0,-0.0126,-0.0755,-0.0283,inf
20000,8750,-30,163,1.0,1900,0.0,1.0,10.0,0.0,3,267.2,1900.0,267.2,-0.0,True,267.2,42.0,3,False,0.0123,0.0,-0.0126,-0.0755,-0.0283,inf
20000,8750,-30,163,1.0,1900,0.0,1.0,10.0,0.0,4,267.2,1900.0,267.2,-0.0,True,267.2,42.0,3,False,0.0123,0.0,-0.0126,-0.0755,-0.0283,inf
22000,8300,-54,156,0.0,1900,0.0,1.0,10.0,0.0,0,240.0,1900.0,240.0,-0.0,True,240.0,42.0,3,False,0.0046,0.0,-0.0047,-0.0284,-0.0118,inf
22000,8300,-54,156,0.0,1900,0.0,1.0,10.0,0.0,1,240.0,1900.0,240.0,-0.0,True,240.0,42.0,3,False,0.0046,0.0,-0.0047,-0.0284,-0.0118,inf
22000,8300,-54,156,0.0,1900,0.0,1.0,10.0,0.0,2,240.0,1900.0,240.0,-0.0,True,240.0,42.0,3,False,0.0046,0.0,-0.0047,-0.0284,-0.0118,inf
22000,8300,-54,156,0.0,1900,0.0,1.0,10.0,0.0,3,240.0,1900.0,240.0,-0.0,True,240.0,42.0,3,False,0.0046,0.0,-0.0047,-0.0284,-0.0118,inf
22000,8300,-54,156,0.0,1900,0.0,1.0,10.0,0.0,4,240.0,1900.0,240.0,-0.0,True,240.0,42.0,3,False,0.0046,0.0,-0.0047,-0.0284,-0.0118,inf
22000,8300,-54,161,0.417,arada,0.0951,1.0,10.0,0.0,0,252.9044,1900.0,253.0,0.0956,True,253.0,42.0,3,False,-0.0002,0.0,0.0002,0.0013,0.0005,0.0
22000,8300,-54,161,0.417,arada,0.0951,1.0,10.0,0.0,1,252.9044,1900.0,253.0,0.0956,True,253.0,42.0,3,False,-0.0002,0.0,0.0002,0.0013,0.0005,0.0
22000,8300,-54,161,0.417,arada,0.0951,1.0,10.0,0.0,2,252.9044,1900.0,253.0,0.0956,True,253.0,42.0,3,False,-0.0002,0.0,0.0002,0.0013,0.0005,0.0
22000,8300,-54,161,0.417,arada,0.0951,1.0,10.0,0.0,3,252.9044,1900.0,253.0,0.0956,True,253.0,42.0,3,False,-0.0002,0.0,0.0002,0.0013,0.0005,0.0
22000,8300,-54,161,0.417,arada,0.0951,1.0,10.0,0.0,4,252.9044,1900.0,253.0,0.0956,True,253.0,42.0,3,False,-0.0002,0.0,0.0002,0.0013,0.0005,0.0
22000,8300,-54,166,0.833,1900,0.0,1.0,10.0,0.0,0,266.2143,1900.0,266.2143,-0.0,True,266.2143,42.0,3,False,0.0025,0.0,-0.0025,-0.015,-0.0056,inf
22000,8300,-54,166,0.833,1900,0.0,1.0,10.0,0.0,1,266.2143,1900.0,266.2143,-0.0,True,266.2143,42.0,3,False,0.0025,0.0,-0.0025,-0.015,-0.0056,inf
22000,8300,-54,166,0.833,1900,0.0,1.0,10.0,0.0,2,266.2143,1900.0,266.2143,-0.0,True,266.2143,42.0,3,False,0.0025,0.0,-0.0025,-0.015,-0.0056,inf
22000,8300,-54,166,0.833,1900,0.0,1.0,10.0,0.0,3,266.2143,1887.5,266.2608,0.0465,True,266.2143,58.0,4,False,0.0031,-0.0465,-0.0101,-0.0608,-0.0228,inf
22000,8300,-54,166,0.833,1900,0.0,1.0,10.0,0.0,4,266.2143,1887.5,266.2608,0.0465,True,266.2143,58.0,4,False,0.0031,-0.0465,-0.0101,-0.0608,-0.0228,inf
22000,8300,-54,168,1.0,1900,0.0,1.0,10.0,0.0,0,271.5,1887.5,271.6462,0.1462,True,271.5,58.0,4,False,0.0059,-0.1462,-0.0281,-0.1683,-0.062,inf
22000,8300,-54,168,1.0,1900,0.0,1.0,10.0,0.0,1,271.5,1900.0,271.5,-0.0,True,271.5,42.0,3,False,0.0045,0.0,-0.0046,-0.0276,-0.0102,inf
22000,8300,-54,168,1.0,1900,0.0,1.0,10.0,0.0,2,271.5,1900.0,271.5,-0.0,True,271.5,42.0,3,False,0.0045,0.0,-0.0046,-0.0276,-0.0102,inf
22000,8300,-54,168,1.0,1900,0.0,1.0,10.0,0.0,3,271.5,1900.0,271.5,-0.0,True,271.5,42.0,3,False,0.0045,0.0,-0.0046,-0.0276,-0.0102,inf
22000,8300,-54,168,1.0,1900,0.0,1.0,10.0,0.0,4,271.5,1900.0,271.5,-0.0,True,271.5,42.0,3,False,0.0045,0.0,-0.0046,-0.0276,-0.0102,inf
22000,8300,-50,156,0.0,1900,0.0,1.0,10.0,0.0,0,241.0,1900.0,241.0,-0.0,True,241.0,42.0,3,False,0.0031,0.0,-0.0032,-0.0192,-0.008,inf
22000,8300,-50,156,0.0,1900,0.0,1.0,10.0,0.0,1,241.0,1900.0,241.0,-0.0,True,241.0,42.0,3,False,0.0031,0.0,-0.0032,-0.0192,-0.008,inf
22000,8300,-50,156,0.0,1900,0.0,1.0,10.0,0.0,2,241.0,1900.0,241.0,-0.0,True,241.0,42.0,3,False,0.0031,0.0,-0.0032,-0.0192,-0.008,inf
22000,8300,-50,156,0.0,1900,0.0,1.0,10.0,0.0,3,241.0,1887.5,241.1068,0.1068,True,241.0,58.0,4,False,0.0042,-0.1068,-0.0203,-0.1219,-0.0506,inf
22000,8300,-50,156,0.0,1900,0.0,1.0,10.0,0.0,4,241.0,1900.0,241.0,-0.0,True,241.0,42.0,3,False,0.0031,0.0,-0.0032,-0.0192,-0.008,inf
22000,8300,-50,161,0.385,1900,0.0,1.0,10.0,0.0,0,251.0,1900.0,251.0,-0.0,True,251.0,42.0,3,False,0.0075,0.0,-0.0076,-0.0458,-0.0182,inf
22000,8300,-50,161,0.385,1900,0.0,1.0,10.0,0.0,1,251.0,1900.0,251.0,-0.0,True,251.0,42.0,3,False,0.0075,0.0,-0.0076,-0.0458,-0.0182,inf
22000,8300,-50,161,0.385,1900,0.0,1.0,10.0,0.0,2,251.0,1900.0,251.0,-0.0,True,251.0,42.0,3,False,0.0075,0.0,-0.0076,-0.0458,-0.0182,inf
22000,8300,-50,161,0.385,1900,0.0,1.0,10.0,0.0,3,251.0,1900.0,251.0,-0.0,True,251.0,42.0,3,False,0.0075,0.0,-0.0076,-0.0458,-0.0182,inf
22000,8300,-50,161,0.385,1900,0.0,1.0,10.0,0.0,4,251.0,1900.0,251.0,-0.0,True,251.0,42.0,3,False,0.0075,0.0,-0.0076,-0.0458,-0.0182,inf
22000,8300,-50,166,0.769,1900,0.0,1.0,10.0,0.0,0,264.1429,1900.0,264.1429,-0.0,True,264.1429,42.0,3,False,0.0088,0.0,-0.009,-0.0541,-0.0205,inf
22000,8300,-50,166,0.769,1900,0.0,1.0,10.0,0.0,1,264.1429,1900.0,264.1429,-0.0,True,264.1429,42.0,3,False,0.0088,0.0,-0.009,-0.0541,-0.0205,inf
22000,8300,-50,166,0.769,1900,0.0,1.0,10.0,0.0,2,264.1429,1900.0,264.1429,-0.0,True,264.1429,42.0,3,False,0.0088,0.0,-0.009,-0.0541,-0.0205,inf
22000,8300,-50,166,0.769,1900,0.0,1.0,10.0,0.0,3,264.1429,1900.0,264.1429,-0.0,True,264.1429,42.0,3,False,0.0088,0.0,-0.009,-0.0541,-0.0205,inf
22000,8300,-50,166,0.769,1900,0.0,1.0,10.0,0.0,4,264.1429,1900.0,264.1429,-0.0,True,264.1429,42.0,3,False,0.0088,0.0,-0.009,-0.0541,-0.0205,inf
22000,8300,-50,169,1.0,1900,0.0,1.0,10.0,0.0,0,272.5,1900.0,272.5,-0.0,True,272.5,42.0,3,False,0.0093,0.0,-0.0095,-0.0573,-0.021,inf
22000,8300,-50,169,1.0,1900,0.0,1.0,10.0,0.0,1,272.5,1900.0,272.5,-0.0,True,272.5,42.0,3,False,0.0093,0.0,-0.0095,-0.0573,-0.021,inf
22000,8300,-50,169,1.0,1900,0.0,1.0,10.0,0.0,2,272.5,1900.0,272.5,-0.0,True,272.5,42.0,3,False,0.0093,0.0,-0.0095,-0.0573,-0.021,inf
22000,8300,-50,169,1.0,1900,0.0,1.0,10.0,0.0,3,272.5,1900.0,272.5,-0.0,True,272.5,42.0,3,False,0.0093,0.0,-0.0095,-0.0573,-0.021,inf
22000,8300,-50,169,1.0,1900,0.0,1.0,10.0,0.0,4,272.5,1900.0,272.5,-0.0,True,272.5,42.0,3,False,0.0093,0.0,-0.0095,-0.0573,-0.021,inf
22000,8300,-40,159,0.0,1900,0.0,1.0,10.0,0.0,0,245.0,1900.0,245.0,-0.0,True,245.0,42.0,3,False,0.0078,0.0,-0.008,-0.048,-0.0196,inf
22000,8300,-40,159,0.0,1900,0.0,1.0,10.0,0.0,1,245.0,1900.0,245.0,-0.0,True,245.0,42.0,3,False,0.0078,0.0,-0.008,-0.048,-0.0196,inf
22000,8300,-40,159,0.0,1900,0.0,1.0,10.0,0.0,2,245.0,1900.0,245.0,-0.0,True,245.0,42.0,3,False,0.0078,0.0,-0.008,-0.048,-0.0196,inf
22000,8300,-40,159,0.0,1900,0.0,1.0,10.0,0.0,3,245.0,1900.0,245.0,-0.0,True,245.0,42.0,3,False,0.0078,0.0,-0.008,-0.048,-0.0196,inf
22000,8300,-40,159,0.0,1900,0.0,1.0,10.0,0.0,4,245.0,1900.0,245.0,-0.0,True,245.0,42.0,3,False,0.0078,0.0,-0.008,-0.048,-0.0196,inf
22000,8300,-40,164,1.0,1900,0.0,1.0,10.0,0.0,0,257.0833,1900.0,257.0833,0.0,True,257.0833,42.0,3,False,0.0095,0.0,-0.0097,-0.0582,-0.0226,inf
22000,8300,-40,164,1.0,1900,0.0,1.0,10.0,0.0,1,257.0833,1900.0,257.0833,0.0,True,257.0833,42.0,3,False,0.0095,0.0,-0.0097,-0.0582,-0.0226,inf
22000,8300,-40,164,1.0,1900,0.0,1.0,10.0,0.0,2,257.0833,1900.0,257.0833,0.0,True,257.0833,42.0,3,False,0.0095,0.0,-0.0097,-0.0582,-0.0226,inf
22000,8300,-40,164,1.0,1900,0.0,1.0,10.0,0.0,3,257.0833,1887.5,257.4887,0.4054,True,257.0833,58.0,4,False,0.013,-0.4054,-0.0742,-0.4454,-0.1733,inf
22000,8300,-40,164,1.0,1900,0.0,1.0,10.0,0.0,4,257.0833,1900.0,257.0833,0.0,True,257.0833,42.0,3,False,0.0095,0.0,-0.0097,-0.0582,-0.0226,inf
24000,7800,-54,157,0.0,1900,0.0,1.0,10.0,0.0,0,228.0,1900.0,228.0,-0.0,True,228.0,42.0,3,False,0.0029,0.0,-0.0029,-0.0177,-0.0078,inf
24000,7800,-54,157,0.0,1900,0.0,1.0,10.0,0.0,1,228.0,1900.0,228.0,-0.0,True,228.0,42.0,3,False,0.0029,0.0,-0.0029,-0.0177,-0.0078,inf
24000,7800,-54,157,0.0,1900,0.0,1.0,10.0,0.0,2,228.0,1875.0,228.2116,0.2116,True,228.0,74.0,5,False,0.0054,-0.2116,-0.0364,-0.2182,-0.0957,inf
24000,7800,-54,157,0.0,1900,0.0,1.0,10.0,0.0,3,228.0,1900.0,228.0,-0.0,True,228.0,42.0,3,False,0.0029,0.0,-0.0029,-0.0177,-0.0078,inf
24000,7800,-54,157,0.0,1900,0.0,1.0,10.0,0.0,4,228.0,1887.5,228.0866,0.0866,True,228.0,58.0,4,False,0.0038,-0.0866,-0.0169,-0.1013,-0.0444,inf
24000,7800,-54,162,0.625,1900,0.0,1.0,10.0,0.0,0,239.1538,1900.0,239.1538,0.0,True,239.1538,42.0,3,False,0.0041,0.0,-0.0041,-0.0248,-0.0104,inf
24000,7800,-54,162,0.625,1900,0.0,1.0,10.0,0.0,1,239.1538,1887.5,239.2899,0.1361,True,239.1538,58.0,4,False,0.0054,-0.136,-0.0259,-0.1556,-0.0651,inf
24000,7800,-54,162,0.625,1900,0.0,1.0,10.0,0.0,2,239.1538,1900.0,239.1538,0.0,True,239.1538,42.0,3,False,0.0041,0.0,-0.0041,-0.0248,-0.0104,inf
24000,7800,-54,162,0.625,1900,0.0,1.0,10.0,0.0,3,239.1538,1887.5,239.2899,0.1361,True,239.1538,58.0,4,False,0.0054,-0.136,-0.0259,-0.1556,-0.0651,inf
24000,7800,-54,162,0.625,1900,0.0,1.0,10.0,0.0,4,239.1538,1900.0,239.1538,0.0,True,239.1538,42.0,3,False,0.0041,0.0,-0.0041,-0.0248,-0.0104,inf
24000,7800,-54,165,1.0,1900,0.0,1.0,10.0,0.0,0,246.3077,1900.0,246.3077,-0.0,True,246.3077,42.0,3,False,0.0072,0.0,-0.0073,-0.044,-0.0179,inf
24000,7800,-54,165,1.0,1900,0.0,1.0,10.0,0.0,1,246.3077,1900.0,246.3077,-0.0,True,246.3077,42.0,3,False,0.0072,0.0,-0.0073,-0.044,-0.0179,inf
24000,7800,-54,165,1.0,1900,0.0,1.0,10.0,0.0,2,246.3077,1900.0,246.3077,-0.0,True,246.3077,42.0,3,False,0.0072,0.0,-0.0073,-0.044,-0.0179,inf
24000,7800,-54,165,1.0,1900,0.0,1.0,10.0,0.0,3,246.3077,1887.5,246.5998,0.2921,True,246.3077,58.0,4,False,0.0097,-0.2921,-0.0539,-0.3233,-0.1313,inf
24000,7800,-54,165,1.0,1900,0.0,1.0,10.0,0.0,4,246.3077,1887.5,246.5998,0.2921,True,246.3077,58.0,4,False,0.0097,-0.2921,-0.0539,-0.3233,-0.1313,inf
24000,7800,-50,159,0.0,1900,0.0,1.0,10.0,0.0,0,231.0,1887.5,231.1644,0.1644,True,231.0,58.0,4,False,0.0062,-0.1644,-0.0311,-0.1866,-0.0808,inf
24000,7800,-50,159,0.0,1900,0.0,1.0,10.0,0.0,1,231.0,1900.0,231.0,-0.0,True,231.0,42.0,3,False,0.0047,0.0,-0.0048,-0.0288,-0.0125,inf
24000,7800,-50,159,0.0,1900,0.0,1.0,10.0,0.0,2,231.0,1887.5,231.1644,0.1644,True,231.0,58.0,4,False,0.0062,-0.1644,-0.0311,-0.1866,-0.0808,inf
24000,7800,-50,159,0.0,1900,0.0,1.0,10.0,0.0,3,231.0,1900.0,231.0,-0.0,True,231.0,42.0,3,False,0.0047,0.0,-0.0048,-0.0288,-0.0125,inf
24000,7800,-50,159,0.0,1900,0.0,1.0,10.0,0.0,4,231.0,1900.0,231.0,-0.0,True,231.0,42.0,3,False,0.0047,0.0,-0.0048,-0.0288,-0.0125,inf
24000,7800,-50,164,0.714,1900,0.0,1.0,10.0,0.0,0,243.1429,1900.0,243.1429,-0.0,True,243.1429,42.0,3,False,0.006,0.0,-0.0061,-0.0368,-0.0151,inf
24000,7800,-50,164,0.714,1900,0.0,1.0,10.0,0.0,1,243.1429,1900.0,243.1429,-0.0,True,243.1429,42.0,3,False,0.006,0.0,-0.0061,-0.0368,-0.0151,inf
24000,7800,-50,164,0.714,1900,0.0,1.0,10.0,0.0,2,243.1429,1900.0,243.1429,-0.0,True,243.1429,42.0,3,False,0.006,0.0,-0.0061,-0.0368,-0.0151,inf
24000,7800,-50,164,0.714,1900,0.0,1.0,10.0,0.0,3,243.1429,1900.0,243.1429,-0.0,True,243.1429,42.0,3,False,0.006,0.0,-0.0061,-0.0368,-0.0151,inf
24000,7800,-50,164,0.714,1900,0.0,1.0,10.0,0.0,4,243.1429,1875.0,243.6427,0.4998,True,243.1429,74.0,5,False,0.0115,-0.4998,-0.0847,-0.5082,-0.209,inf
24000,7800,-50,166,1.0,1900,0.0,1.0,10.0,0.0,0,248.0,1900.0,248.0,-0.0,True,248.0,42.0,3,False,0.007,0.0,-0.0072,-0.0431,-0.0174,inf
24000,7800,-50,166,1.0,1900,0.0,1.0,10.0,0.0,1,248.0,1900.0,248.0,-0.0,True,248.0,42.0,3,False,0.007,0.0,-0.0072,-0.0431,-0.0174,inf
24000,7800,-50,166,1.0,1900,0.0,1.0,10.0,0.0,2,248.0,1900.0,248.0,-0.0,True,248.0,42.0,3,False,0.007,0.0,-0.0072,-0.0431,-0.0174,inf
24000,7800,-50,166,1.0,1900,0.0,1.0,10.0,0.0,3,248.0,1900.0,248.0,-0.0,True,248.0,42.0,3,False,0.007,0.0,-0.0072,-0.0431,-0.0174,inf
24000,7800,-50,166,1.0,1900,0.0,1.0,10.0,0.0,4,248.0,1900.0,248.0,-0.0,True,248.0,42.0,3,False,0.007,0.0,-0.0072,-0.0431,-0.0174,inf
24000,7800,-40,160,0.0,1900,0.0,1.0,10.0,0.0,0,232.0,1900.0,232.0,-0.0,True,232.0,42.0,3,False,0.0063,0.0,-0.0064,-0.0387,-0.0167,inf
24000,7800,-40,160,0.0,1900,0.0,1.0,10.0,0.0,1,232.0,1887.5,232.252,0.252,True,232.0,58.0,4,False,0.0085,-0.252,-0.0466,-0.2798,-0.1206,inf
24000,7800,-40,160,0.0,1900,0.0,1.0,10.0,0.0,2,232.0,1900.0,232.0,-0.0,True,232.0,42.0,3,False,0.0063,0.0,-0.0064,-0.0387,-0.0167,inf
24000,7800,-40,160,0.0,1900,0.0,1.0,10.0,0.0,3,232.0,1887.5,232.252,0.252,True,232.0,58.0,4,False,0.0085,-0.252,-0.0466,-0.2798,-0.1206,inf
24000,7800,-40,160,0.0,1900,0.0,1.0,10.0,0.0,4,232.0,1900.0,232.0,-0.0,True,232.0,42.0,3,False,0.0063,0.0,-0.0064,-0.0387,-0.0167,inf
24000,7800,-40,161,1.0,1900,0.0,1.0,10.0,0.0,0,234.125,1900.0,234.125,-0.0,True,234.125,42.0,3,False,0.0071,0.0,-0.0072,-0.0433,-0.0185,inf
24000,7800,-40,161,1.0,1900,0.0,1.0,10.0,0.0,1,234.125,1900.0,234.125,-0.0,True,234.125,42.0,3,False,0.0071,0.0,-0.0072,-0.0433,-0.0185,inf
24000,7800,-40,161,1.0,1900,0.0,1.0,10.0,0.0,2,234.125,1900.0,234.125,-0.0,True,234.125,42.0,3,False,0.0071,0.0,-0.0072,-0.0433,-0.0185,inf
24000,7800,-40,161,1.0,1900,0.0,1.0,10.0,0.0,3,234.125,1900.0,234.125,-0.0,True,234.125,42.0,3,False,0.0071,0.0,-0.0072,-0.0433,-0.0185,inf
24000,7800,-40,161,1.0,1900,0.0,1.0,10.0,0.0,4,234.125,1900.0,234.125,-0.0,True,234.125,42.0,3,False,0.0071,0.0,-0.0072,-0.0433,-0.0185,inf
