irtifa_ft,sicaklik_C,hiz_kt,gurultu_yuzde,ortalama_s,esik_pph,tohum,ref_yakit_pph,bulunan_devir_rpm,bulunan_gercek_yakit_pph,yakit_farki_pph,basari,yakit_1900_pph,yakinsama_s,olcum_sayisi,olcum_limiti_doldu,arama_maliyeti_lb,kararli_kazanc_pph,net_tasarruf_lb,net_tasarruf_pph,net_tasarruf_yuzde,basabas_s
2000,-54,142,0.5,2,0.0,0,330.1239,1637.5,330.1563,0.0324,True,336.0,74.0,10,False,-0.0982,5.8437,0.952,5.7117,1.6999,0.0
2000,-54,142,0.5,2,0.0,1,330.1239,1675.0,330.1607,0.0369,True,336.0,74.0,10,False,-0.0979,5.8393,0.9511,5.7069,1.6985,0.0
2000,-54,142,0.5,2,0.0,2,330.1239,1650.0,330.127,0.0031,True,336.0,66.0,9,False,-0.0853,5.873,0.9564,5.7385,1.7079,0.0
2000,-54,142,0.5,2,0.0,3,330.1239,1675.0,330.1607,0.0369,True,336.0,74.0,10,False,-0.0979,5.8393,0.9511,5.7069,1.6985,0.0
2000,-54,142,0.5,2,0.0,4,330.1239,1700.0,330.3175,0.1936,True,336.0,58.0,8,False,-0.0718,5.6825,0.9274,5.5643,1.6561,0.0
2000,-54,142,0.5,2,0.0,5,330.1239,1700.0,330.3175,0.1936,True,336.0,58.0,8,False,-0.0718,5.6825,0.9274,5.5643,1.6561,0.0
2000,-54,142,0.5,2,0.0,6,330.1239,1700.0,330.3175,0.1936,True,336.0,58.0,8,False,-0.0718,5.6825,0.9274,5.5643,1.6561,0.0
2000,-54,142,0.5,2,0.0,7,330.1239,1700.0,330.3175,0.1936,True,336.0,58.0,8,False,-0.0718,5.6825,0.9274,5.5643,1.6561,0.0
2000,-54,142,0.5,2,0.0,8,330.1239,1650.0,330.127,0.0031,True,336.0,66.0,9,False,-0.0853,5.873,0.9564,5.7385,1.7079,0.0
2000,-54,142,0.5,2,0.0,9,330.1239,1650.0,330.127,0.0031,True,336.0,66.0,9,False,-0.0853,5.873,0.9564,5.7385,1.7079,0.0
2000,-54,142,0.5,2,0.0,10,330.1239,1662.5,330.1285,0.0046,True,336.0,82.0,11,False,-0.1108,5.8715,0.9557,5.734,1.7066,0.0
2000,-54,142,0.5,2,0.0,11,330.1239,1700.0,330.3175,0.1936,True,336.0,58.0,8,False,-0.0718,5.6825,0.9274,5.5643,1.6561,0.0
2000,-54,142,0.5,2,0.0,12,330.1239,1625.0,330.2163,0.0924,True,336.0,74.0,10,False,-0.0979,5.7837,0.943,5.6577,1.6839,0.0
2000,-54,142,0.5,2,0.0,13,330.1239,1650.0,330.127,0.0031,True,336.0,66.0,9,False,-0.0853,5.873,0.9564,5.7385,1.7079,0.0
2000,-54,142,0.5,2,0.0,14,330.1239,1637.5,330.1563,0.0324,True,336.0,74.0,10,False,-0.0982,5.8437,0.952,5.7117,1.6999,0.0
2000,-54,142,0.5,2,0.0,15,330.1239,1700.0,330.3175,0.1936,True,336.0,82.0,11,False,-0.1098,5.6825,0.9275,5.5649,1.6562,0.0
2000,-54,142,0.5,2,0.0,16,330.1239,1737.5,330.7832,0.6594,False,336.0,58.0,8,False,-0.0677,5.2168,0.8532,5.119,1.5235,0.0
2000,-54,142,0.5,2,0.0,17,330.1239,1675.0,330.1607,0.0369,True,336.0,74.0,10,False,-0.0979,5.8393,0.9511,5.7069,1.6985,0.0
2000,-54,142,0.5,2,0.0,18,330.1239,1725.0,330.5972,0.4734,True,336.0,66.0,9,False,-0.0826,5.4028,0.884,5.3042,1.5786,0.0
2000,-54,142,0.5,2,0.0,19,330.1239,1700.0,330.3175,0.1936,True,336.0,58.0,8,False,-0.0718,5.6825,0.9274,5.5643,1.6561,0.0
2000,-54,142,0.5,2,0.0,20,330.1239,1600.0,330.4286,0.3047,True,336.0,58.0,8,False,-0.0722,5.5714,0.9111,5.4667,1.627,0.0
2000,-54,142,0.5,2,0.0,21,330.1239,1650.0,330.127,0.0031,True,336.0,66.0,9,False,-0.0853,5.873,0.9564,5.7385,1.7079,0.0
2000,-54,142,0.5,2,0.0,22,330.1239,1700.0,330.3175,0.1936,True,336.0,58.0,8,False,-0.0718,5.6825,0.9274,5.5643,1.6561,0.0
2000,-54,142,0.5,2,0.0,23,330.1239,1800.0,332.1746,2.0507,False,336.0,42.0,6,False,-0.0382,3.8254,0.6313,3.7879,1.1273,0.0
2000,-54,142,0.5,2,0.0,24,330.1239,1650.0,330.127,0.0031,True,336.0,66.0,9,False,-0.0853,5.873,0.9564,5.7385,1.7079,0.0
2000,-54,142,0.5,2,0.0,25,330.1239,1600.0,330.4286,0.3047,True,336.0,58.0,8,False,-0.0722,5.5714,0.9111,5.4667,1.627,0.0
2000,-54,142,0.5,2,0.0,26,330.1239,1650.0,330.127,0.0031,True,336.0,66.0,9,False,-0.0853,5.873,0.9564,5.7385,1.7079,0.0
2000,-54,142,0.5,2,0.0,27,330.1239,1725.0,330.5972,0.4734,True,336.0,66.0,9,False,-0.0826,5.4028,0.884,5.3042,1.5786,0.0
2000,-54,142,0.5,2,0.0,28,330.1239,1675.0,330.1607,0.0369,True,336.0,74.0,10,False,-0.0979,5.8393,0.9511,5.7069,1.6985,0.0
2000,-54,142,0.5,2,0.0,29,330.1239,1637.5,330.1563,0.0324,True,336.0,74.0,10,False,-0.0982,5.8437,0.952,5.7117,1.6999,0.0
2000,-54,142,0.5,2,0.5,0,330.1239,1700.0,330.3175,0.1936,True,336.0,58.0,8,False,-0.0718,5.6825,0.9274,5.5643,1.6561,0.0
2000,-54,142,0.5,2,0.5,1,330.1239,1687.5,330.2237,0.0998,True,336.0,66.0,9,False,-0.0847,5.7763,0.9416,5.6496,1.6814,0.0
2000,-54,142,0.5,2,0.5,2,330.1239,1700.0,330.3175,0.1936,True,336.0,58.0,8,False,-0.0718,5.6825,0.9274,5.5643,1.6561,0.0
2000,-54,142,0.5,2,0.5,3,330.1239,1650.0,330.127,0.0031,True,336.0,66.0,9,False,-0.0853,5.873,0.9564,5.7385,1.7079,0.0
2000,-54,142,0.5,2,0.5,4,330.1239,1700.0,330.3175,0.1936,True,336.0,58.0,8,False,-0.0718,5.6825,0.9274,5.5643,1.6561,0.0
2000,-54,142,0.5,2,0.5,5,330.1239,1700.0,330.3175,0.1936,True,336.0,58.0,8,False,-0.0718,5.6825,0.9274,5.5643,1.6561,0.0
2000,-54,142,0.5,2,0.5,6,330.1239,1700.0,330.3175,0.1936,True,336.0,58.0,8,False,-0.0718,5.6825,0.9274,5.5643,1.6561,0.0
2000,-54,142,0.5,2,0.5,7,330.1239,1700.0,330.3175,0.1936,True,336.0,58.0,8,False,-0.0718,5.6825,0.9274,5.5643,1.6561,0.0
2000,-54,142,0.5,2,0.5,8,330.1239,1650.0,330.127,0.0031,True,336.0,66.0,9,False,-0.0853,5.873,0.9564,5.7385,1.7079,0.0
2000,-54,142,0.5,2,0.5,9,330.1239,1750.0,331.0,0.8761,False,336.0,50.0,7,False,-0.0558,5.0,0.8198,4.9185,1.4638,0.0
2000,-54,142,0.5,2,0.5,10,330.1239,1700.0,330.3175,0.1936,True,336.0,58.0,8,False,-0.0718,5.6825,0.9274,5.5643,1.6561,0.0
2000,-54,142,0.5,2,0.5,11,330.1239,1700.0,330.3175,0.1936,True,336.0,58.0,8,False,-0.0718,5.6825,0.9274,5.5643,1.6561,0.0
2000,-54,142,0.5,2,0.5,12,330.1239,1737.5,330.7832,0.6594,False,336.0,58.0,8,False,-0.0677,5.2168,0.8532,5.119,1.5235,0.0
2000,-54,142,0.5,2,0.5,13,330.1239,1750.0,331.0,0.8761,False,336.0,50.0,7,False,-0.0558,5.0,0.8198,4.9185,1.4638,0.0
2000,-54,142,0.5,2,0.5,14,330.1239,1750.0,331.0,0.8761,False,336.0,50.0,7,False,-0.0558,5.0,0.8198,4.9185,1.4638,0.0
2000,-54,142,0.5,2,0.5,15,330.1239,1700.0,330.3175,0.1936,True,336.0,58.0,8,False,-0.0718,5.6825,0.9274,5.5643,1.6561,0.0
2000,-54,142,0.5,2,0.5,16,330.1239,1750.0,331.0,0.8761,False,336.0,50.0,7,False,-0.0558,5.0,0.8198,4.9185,1.4638,0.0
2000,-54,142,0.5,2,0.5,17,330.1239,1700.0,330.3175,0.1936,True,336.0,58.0,8,False,-0.0718,5.6825,0.9274,5.5643,1.6561,0.0
2000,-54,142,0.5,2,0.5,18,330.1239,1700.0,330.3175,0.1936,True,336.0,58.0,8,False,-0.0718,5.6825,0.9274,5.5643,1.6561,0.0
2000,-54,142,0.5,2,0.5,19,330.1239,1800.0,332.1746,2.0507,False,336.0,42.0,6,False,-0.0382,3.8254,0.6313,3.7879,1.1273,0.0
2000,-54,142,0.5,2,0.5,20,330.1239,1750.0,331.0,0.8761,False,336.0,50.0,7,False,-0.0558,5.0,0.8198,4.9185,1.4638,0.0
2000,-54,142,0.5,2,0.5,21,330.1239,1650.0,330.127,0.0031,True,336.0,66.0,9,False,-0.0853,5.873,0.9564,5.7385,1.7079,0.0
2000,-54,142,0.5,2,0.5,22,330.1239,1700.0,330.3175,0.1936,True,336.0,58.0,8,False,-0.0718,5.6825,0.9274,5.5643,1.6561,0.0
2000,-54,142,0.5,2,0.5,23,330.1239,1800.0,332.1746,2.0507,False,336.0,42.0,6,False,-0.0382,3.8254,0.6313,3.7879,1.1273,0.0
2000,-54,142,0.5,2,0.5,24,330.1239,1650.0,330.127,0.0031,True,336.0,66.0,9,False,-0.0853,5.873,0.9564,5.7385,1.7079,0.0
2000,-54,142,0.5,2,0.5,25,330.1239,1750.0,331.0,0.8761,False,336.0,50.0,7,False,-0.0558,5.0,0.8198,4.9185,1.4638,0.0
2000,-54,142,0.5,2,0.5,26,330.1239,1750.0,331.0,0.8761,False,336.0,50.0,7,False,-0.0558,5.0,0.8198,4.9185,1.4638,0.0
2000,-54,142,0.5,2,0.5,27,330.1239,1725.0,330.5972,0.4734,True,336.0,66.0,9,False,-0.0826,5.4028,0.884,5.3042,1.5786,0.0
2000,-54,142,0.5,2,0.5,28,330.1239,1750.0,331.0,0.8761,False,336.0,50.0,7,False,-0.0558,5.0,0.8198,4.9185,1.4638,0.0
2000,-54,142,0.5,2,0.5,29,330.1239,1700.0,330.3175,0.1936,True,336.0,58.0,8,False,-0.0718,5.6825,0.9274,5.5643,1.6561,0.0
2000,-54,142,0.5,5,0.0,0,330.1239,1675.0,330.1607,0.0369,True,336.0,104.0,10,False,-0.1359,5.8393,0.9404,5.6424,1.6793,0.0
2000,-54,142,0.5,5,0.0,1,330.1239,1650.0,330.127,0.0031,True,336.0,93.0,9,False,-0.1184,5.873,0.9455,5.6732,1.6884,0.0
2000,-54,142,0.5,5,0.0,2,330.1239,1700.0,330.3175,0.1936,True,336.0,82.0,8,False,-0.0999,5.6825,0.9176,5.5056,1.6386,0.0
2000,-54,142,0.5,5,0.0,3,330.1239,1650.0,330.127,0.0031,True,336.0,93.0,9,False,-0.1184,5.873,0.9455,5.6732,1.6884,0.0
2000,-54,142,0.5,5,0.0,4,330.1239,1700.0,330.3175,0.1936,True,336.0,82.0,8,False,-0.0999,5.6825,0.9176,5.5056,1.6386,0.0
2000,-54,142,0.5,5,0.0,5,330.1239,1600.0,330.4286,0.3047,True,336.0,82.0,8,False,-0.1004,5.5714,0.9022,5.4133,1.6111,0.0
2000,-54,142,0.5,5,0.0,6,330.1239,1700.0,330.3175,0.1936,True,336.0,82.0,8,False,-0.0999,5.6825,0.9176,5.5056,1.6386,0.0
2000,-54,142,0.5,5,0.0,7,330.1239,1700.0,330.3175,0.1936,True,336.0,82.0,8,False,-0.0999,5.6825,0.9176,5.5056,1.6386,0.0
2000,-54,142,0.5,5,0.0,8,330.1239,1700.0,330.3175,0.1936,True,336.0,82.0,8,False,-0.0999,5.6825,0.9176,5.5056,1.6386,0.0
2000,-54,142,0.5,5,0.0,9,330.1239,1600.0,330.4286,0.3047,True,336.0,82.0,8,False,-0.1004,5.5714,0.9022,5.4133,1.6111,0.0
2000,-54,142,0.5,5,0.0,10,330.1239,1700.0,330.3175,0.1936,True,336.0,82.0,8,False,-0.0999,5.6825,0.9176,5.5056,1.6386,0.0
2000,-54,142,0.5,5,0.0,11,330.1239,1637.5,330.1563,0.0324,True,336.0,104.0,10,False,-0.1361,5.8437,0.9412,5.6474,1.6808,0.0
2000,-54,142,0.5,5,0.0,12,330.1239,1650.0,330.127,0.0031,True,336.0,93.0,9,False,-0.1184,5.873,0.9455,5.6732,1.6884,0.0
2000,-54,142,0.5,5,0.0,13,330.1239,1700.0,330.3175,0.1936,True,336.0,82.0,8,False,-0.0999,5.6825,0.9176,5.5056,1.6386,0.0
2000,-54,142,0.5,5,0.0,14,330.1239,1650.0,330.127,0.0031,True,336.0,93.0,9,False,-0.1184,5.873,0.9455,5.6732,1.6884,0.0
2000,-54,142,0.5,5,0.0,15,330.1239,1650.0,330.127,0.0031,True,336.0,93.0,9,False,-0.1184,5.873,0.9455,5.6732,1.6884,0.0
2000,-54,142,0.5,5,0.0,16,330.1239,1662.5,330.1285,0.0046,True,336.0,115.0,11,False,-0.1538,5.8715,0.9448,5.669,1.6872,0.0
2000,-54,142,0.5,5,0.0,17,330.1239,1750.0,331.0,0.8761,False,336.0,71.0,7,False,-0.0777,5.0,0.8126,4.8753,1.451,0.0
2000,-54,142,0.5,5,0.0,18,330.1239,1650.0,330.127,0.0031,True,336.0,93.0,9,False,-0.1184,5.873,0.9455,5.6732,1.6884,0.0
2000,-54,142,0.5,5,0.0,19,330.1239,1750.0,331.0,0.8761,False,336.0,71.0,7,False,-0.0777,5.0,0.8126,4.8753,1.451,0.0
2000,-54,142,0.5,5,0.0,20,330.1239,1637.5,330.1563,0.0324,True,336.0,104.0,10,False,-0.1361,5.8437,0.9412,5.6474,1.6808,0.0
2000,-54,142,0.5,5,0.0,21,330.1239,1662.5,330.1285,0.0046,True,336.0,115.0,11,False,-0.1536,5.8715,0.9446,5.6676,1.6868,0.0
2000,-54,142,0.5,5,0.0,22,330.1239,1700.0,330.3175,0.1936,True,336.0,82.0,8,False,-0.0999,5.6825,0.9176,5.5056,1.6386,0.0
2000,-54,142,0.5,5,0.0,23,330.1239,1700.0,330.3175,0.1936,True,336.0,82.0,8,False,-0.0999,5.6825,0.9176,5.5056,1.6386,0.0
2000,-54,142,0.5,5,0.0,24,330.1239,1650.0,330.127,0.0031,True,336.0,93.0,9,False,-0.1184,5.873,0.9455,5.6732,1.6884,0.0
2000,-54,142,0.5,5,0.0,25,330.1239,1700.0,330.3175,0.1936,True,336.0,82.0,8,False,-0.0999,5.6825,0.9176,5.5056,1.6386,0.0
2000,-54,142,0.5,5,0.0,26,330.1239,1637.5,330.1563,0.0324,True,336.0,104.0,10,False,-0.1361,5.8437,0.9412,5.6474,1.6808,0.0
2000,-54,142,0.5,5,0.0,27,330.1239,1725.0,330.5972,0.4734,True,336.0,93.0,9,False,-0.1146,5.4028,0.8756,5.2536,1.5636,0.0
2000,-54,142,0.5,5,0.0,28,330.1239,1675.0,330.1607,0.0369,True,336.0,104.0,10,False,-0.1359,5.8393,0.9404,5.6424,1.6793,0.0
2000,-54,142,0.5,5,0.0,29,330.1239,1637.5,330.1563,0.0324,True,336.0,104.0,10,False,-0.1361,5.8437,0.9412,5.6474,1.6808,0.0
2000,-54,142,0.5,5,0.5,0,330.1239,1737.5,330.7832,0.6594,False,336.0,82.0,8,False,-0.0941,5.2168,0.8449,5.0691,1.5087,0.0
2000,-54,142,0.5,5,0.5,1,330.1239,1700.0,330.3175,0.1936,True,336.0,82.0,8,False,-0.0999,5.6825,0.9176,5.5056,1.6386,0.0
2000,-54,142,0.5,5,0.5,2,330.1239,1700.0,330.3175,0.1936,True,336.0,82.0,8,False,-0.0999,5.6825,0.9176,5.5056,1.6386,0.0
2000,-54,142,0.5,5,0.5,3,330.1239,1650.0,330.127,0.0031,True,336.0,93.0,9,False,-0.1184,5.873,0.9455,5.6732,1.6884,0.0
2000,-54,142,0.5,5,0.5,4,330.1239,1750.0,331.0,0.8761,False,336.0,71.0,7,False,-0.0777,5.0,0.8126,4.8753,1.451,0.0
2000,-54,142,0.5,5,0.5,5,330.1239,1700.0,330.3175,0.1936,True,336.0,82.0,8,False,-0.0999,5.6825,0.9176,5.5056,1.6386,0.0
2000,-54,142,0.5,5,0.5,6,330.1239,1700.0,330.3175,0.1936,True,336.0,82.0,8,False,-0.0999,5.6825,0.9176,5.5056,1.6386,0.0
2000,-54,142,0.5,5,0.5,7,330.1239,1700.0,330.3175,0.1936,True,336.0,82.0,8,False,-0.0999,5.6825,0.9176,5.5056,1.6386,0.0
2000,-54,142,0.5,5,0.5,8,330.1239,1700.0,330.3175,0.1936,True,336.0,82.0,8,False,-0.0999,5.6825,0.9176,5.5056,1.6386,0.0
2000,-54,142,0.5,5,0.5,9,330.1239,1750.0,331.0,0.8761,False,336.0,71.0,7,False,-0.0777,5.0,0.8126,4.8753,1.451,0.0
2000,-54,142,0.5,5,0.5,10,330.1239,1700.0,330.3175,0.1936,True,336.0,82.0,8,False,-0.0999,5.6825,0.9176,5.5056,1.6386,0.0
2000,-54,142,0.5,5,0.5,11,330.1239,1750.0,331.0,0.8761,False,336.0,71.0,7,False,-0.0777,5.0,0.8126,4.8753,1.451,0.0
2000,-54,142,0.5,5,0.5,12,330.1239,1650.0,330.127,0.0031,True,336.0,93.0,9,False,-0.1184,5.873,0.9455,5.6732,1.6884,0.0
2000,-54,142,0.5,5,0.5,13,330.1239,1700.0,330.3175,0.1936,True,336.0,82.0,8,False,-0.0999,5.6825,0.9176,5.5056,1.6386,0.0
2000,-54,142,0.5,5,0.5,14,330.1239,1750.0,331.0,0.8761,False,336.0,71.0,7,False,-0.0777,5.0,0.8126,4.8753,1.451,0.0
2000,-54,142,0.5,5,0.5,15,330.1239,1650.0,330.127,0.0031,True,336.0,93.0,9,False,-0.1184,5.873,0.9455,5.6732,1.6884,0.0
2000,-54,142,0.5,5,0.5,16,330.1239,1750.0,331.0,0.8761,False,336.0,71.0,7,False,-0.0777,5.0,0.8126,4.8753,1.451,0.0
2000,-54,142,0.5,5,0.5,17,330.1239,1750.0,331.0,0.8761,False,336.0,71.0,7,False,-0.0777,5.0,0.8126,4.8753,1.451,0.0
2000,-54,142,0.5,5,0.5,18,330.1239,1700.0,330.3175,0.1936,True,336.0,82.0,8,False,-0.0999,5.6825,0.9176,5.5056,1.6386,0.0
2000,-54,142,0.5,5,0.5,19,330.1239,1750.0,331.0,0.8761,False,336.0,71.0,7,False,-0.0777,5.0,0.8126,4.8753,1.451,0.0
2000,-54,142,0.5,5,0.5,20,330.1239,1750.0,331.0,0.8761,False,336.0,71.0,7,False,-0.0777,5.0,0.8126,4.8753,1.451,0.0
2000,-54,142,0.5,5,0.5,21,330.1239,1700.0,330.3175,0.1936,True,336.0,82.0,8,False,-0.0999,5.6825,0.9176,5.5056,1.6386,0.0
2000,-54,142,0.5,5,0.5,22,330.1239,1700.0,330.3175,0.1936,True,336.0,82.0,8,False,-0.0999,5.6825,0.9176,5.5056,1.6386,0.0
2000,-54,142,0.5,5,0.5,23,330.1239,1700.0,330.3175,0.1936,True,336.0,82.0,8,False,-0.0999,5.6825,0.9176,5.5056,1.6386,0.0
2000,-54,142,0.5,5,0.5,24,330.1239,1700.0,330.3175,0.1936,True,336.0,82.0,8,False,-0.0999,5.6825,0.9176,5.5056,1.6386,0.0
2000,-54,142,0.5,5,0.5,25,330.1239,1700.0,330.3175,0.1936,True,336.0,82.0,8,False,-0.0999,5.6825,0.9176,5.5056,1.6386,0.0
2000,-54,142,0.5,5,0.5,26,330.1239,1750.0,331.0,0.8761,False,336.0,71.0,7,False,-0.0777,5.0,0.8126,4.8753,1.451,0.0
2000,-54,142,0.5,5,0.5,27,330.1239,1687.5,330.2237,0.0998,True,336.0,93.0,9,False,-0.1177,5.7763,0.9312,5.5874,1.6629,0.0
2000,-54,142,0.5,5,0.5,28,330.1239,1700.0,330.3175,0.1936,True,336.0,82.0,8,False,-0.0999,5.6825,0.9176,5.5056,1.6386,0.0
2000,-54,142,0.5,5,0.5,29,330.1239,1700.0,330.3175,0.1936,True,336.0,82.0,8,False,-0.0999,5.6825,0.9176,5.5056,1.6386,0.0
2000,-54,142,0.5,10,0.0,0,330.1239,1700.0,330.3175,0.1936,True,336.0,122.0,8,False,-0.1467,5.6825,0.9013,5.4078,1.6095,0.0
2000,-54,142,0.5,10,0.0,1,330.1239,1675.0,330.1607,0.0369,True,336.0,154.0,10,False,-0.1991,5.8393,0.9225,5.535,1.6473,0.0
2000,-54,142,0.5,10,0.0,2,330.1239,1675.0,330.1607,0.0369,True,336.0,154.0,10,False,-0.1991,5.8393,0.9225,5.535,1.6473,0.0
2000,-54,142,0.5,10,0.0,3,330.1239,1625.0,330.2163,0.0924,True,336.0,170.0,11,False,-0.2248,5.7837,0.9156,5.4934,1.6349,0.0
2000,-54,142,0.5,10,0.0,4,330.1239,1650.0,330.127,0.0031,True,336.0,186.0,12,False,-0.2512,5.873,0.9265,5.5592,1.6545,0.0
2000,-54,142,0.5,10,0.0,5,330.1239,1637.5,330.1563,0.0324,True,336.0,154.0,10,False,-0.1994,5.8437,0.9234,5.5403,1.6489,0.0
2000,-54,142,0.5,10,0.0,6,330.1239,1637.5,330.1563,0.0324,True,336.0,186.0,12,False,-0.2512,5.8437,0.9232,5.5394,1.6486,0.0
2000,-54,142,0.5,10,0.0,7,330.1239,1650.0,330.127,0.0031,True,336.0,138.0,9,False,-0.1737,5.873,0.9274,5.5643,1.656,0.0
2000,-54,142,0.5,10,0.0,8,330.1239,1675.0,330.1607,0.0369,True,336.0,154.0,10,False,-0.1987,5.8393,0.9222,5.533,1.6467,0.0
2000,-54,142,0.5,10,0.0,9,330.1239,1650.0,330.127,0.0031,True,336.0,138.0,9,False,-0.1737,5.873,0.9274,5.5643,1.656,0.0
2000,-54,142,0.5,10,0.0,10,330.1239,1675.0,330.1607,0.0369,True,336.0,154.0,10,False,-0.1991,5.8393,0.9225,5.535,1.6473,0.0
2000,-54,142,0.5,10,0.0,11,330.1239,1675.0,330.1607,0.0369,True,336.0,154.0,10,False,-0.1991,5.8393,0.9225,5.535,1.6473,0.0
2000,-54,142,0.5,10,0.0,12,330.1239,1650.0,330.127,0.0031,True,336.0,138.0,9,False,-0.1737,5.873,0.9274,5.5643,1.656,0.0
2000,-54,142,0.5,10,0.0,13,330.1239,1675.0,330.1607,0.0369,True,336.0,154.0,10,False,-0.1991,5.8393,0.9225,5.535,1.6473,0.0
2000,-54,142,0.5,10,0.0,14,330.1239,1650.0,330.127,0.0031,True,336.0,186.0,12,False,-0.2512,5.873,0.9265,5.5592,1.6545,0.0
2000,-54,142,0.5,10,0.0,15,330.1239,1700.0,330.3175,0.1936,True,336.0,122.0,8,False,-0.1467,5.6825,0.9013,5.4078,1.6095,0.0
2000,-54,142,0.5,10,0.0,16,330.1239,1650.0,330.127,0.0031,True,336.0,138.0,9,False,-0.1737,5.873,0.9274,5.5643,1.656,0.0
2000,-54,142,0.5,10,0.0,17,330.1239,1650.0,330.127,0.0031,True,336.0,138.0,9,False,-0.1737,5.873,0.9274,5.5643,1.656,0.0
2000,-54,142,0.5,10,0.0,18,330.1239,1650.0,330.127,0.0031,True,336.0,138.0,9,False,-0.1737,5.873,0.9274,5.5643,1.656,0.0
2000,-54,142,0.5,10,0.0,19,330.1239,1650.0,330.127,0.0031,True,336.0,138.0,9,False,-0.1737,5.873,0.9274,5.5643,1.656,0.0
2000,-54,142,0.5,10,0.0,20,330.1239,1650.0,330.127,0.0031,True,336.0,138.0,9,False,-0.1737,5.873,0.9274,5.5643,1.656,0.0
2000,-54,142,0.5,10,0.0,21,330.1239,1662.5,330.1285,0.0046,True,336.0,170.0,11,False,-0.2252,5.8715,0.9265,5.5589,1.6544,0.0
2000,-54,142,0.5,10,0.0,22,330.1239,1650.0,330.127,0.0031,True,336.0,138.0,9,False,-0.1737,5.873,0.9274,5.5643,1.656,0.0
2000,-54,142,0.5,10,0.0,23,330.1239,1700.0,330.3175,0.1936,True,336.0,122.0,8,False,-0.1467,5.6825,0.9013,5.4078,1.6095,0.0
2000,-54,142,0.5,10,0.0,24,330.1239,1600.0,330.4286,0.3047,True,336.0,122.0,8,False,-0.1475,5.5714,0.8874,5.3243,1.5846,0.0
2000,-54,142,0.5,10,0.0,25,330.1239,1650.0,330.127,0.0031,True,336.0,138.0,9,False,-0.1737,5.873,0.9274,5.5643,1.656,0.0
2000,-54,142,0.5,10,0.0,26,330.1239,1625.0,330.2163,0.0924,True,336.0,170.0,11,False,-0.2248,5.7837,0.9156,5.4934,1.6349,0.0
2000,-54,142,0.5,10,0.0,27,330.1239,1650.0,330.127,0.0031,True,336.0,138.0,9,False,-0.1737,5.873,0.9274,5.5643,1.656,0.0
2000,-54,142,0.5,10,0.0,28,330.1239,1637.5,330.1563,0.0324,True,336.0,154.0,10,False,-0.1994,5.8437,0.9234,5.5403,1.6489,0.0
2000,-54,142,0.5,10,0.0,29,330.1239,1637.5,330.1563,0.0324,True,336.0,154.0,10,False,-0.1994,5.8437,0.9234,5.5403,1.6489,0.0
2000,-54,142,0.5,10,0.5,0,330.1239,1700.0,330.3175,0.1936,True,336.0,122.0,8,False,-0.1467,5.6825,0.9013,5.4078,1.6095,0.0
2000,-54,142,0.5,10,0.5,1,330.1239,1700.0,330.3175,0.1936,True,336.0,122.0,8,False,-0.1467,5.6825,0.9013,5.4078,1.6095,0.0
2000,-54,142,0.5,10,0.5,2,330.1239,1650.0,330.127,0.0031,True,336.0,138.0,9,False,-0.1737,5.873,0.9274,5.5643,1.656,0.0
2000,-54,142,0.5,10,0.5,3,330.1239,1700.0,330.3175,0.1936,True,336.0,122.0,8,False,-0.1467,5.6825,0.9013,5.4078,1.6095,0.0
2000,-54,142,0.5,10,0.5,4,330.1239,1700.0,330.3175,0.1936,True,336.0,122.0,8,False,-0.1467,5.6825,0.9013,5.4078,1.6095,0.0
2000,-54,142,0.5,10,0.5,5,330.1239,1700.0,330.3175,0.1936,True,336.0,122.0,8,False,-0.1467,5.6825,0.9013,5.4078,1.6095,0.0
2000,-54,142,0.5,10,0.5,6,330.1239,1700.0,330.3175,0.1936,True,336.0,122.0,8,False,-0.1467,5.6825,0.9013,5.4078,1.6095,0.0
2000,-54,142,0.5,10,0.5,7,330.1239,1700.0,330.3175,0.1936,True,336.0,122.0,8,False,-0.1467,5.6825,0.9013,5.4078,1.6095,0.0
2000,-54,142,0.5,10,0.5,8,330.1239,1700.0,330.3175,0.1936,True,336.0,122.0,8,False,-0.1467,5.6825,0.9013,5.4078,1.6095,0.0
2000,-54,142,0.5,10,0.5,9,330.1239,1700.0,330.3175,0.1936,True,336.0,122.0,8,False,-0.1467,5.6825,0.9013,5.4078,1.6095,0.0
2000,-54,142,0.5,10,0.5,10,330.1239,1700.0,330.3175,0.1936,True,336.0,122.0,8,False,-0.1467,5.6825,0.9013,5.4078,1.6095,0.0
2000,-54,142,0.5,10,0.5,11,330.1239,1700.0,330.3175,0.1936,True,336.0,122.0,8,False,-0.1467,5.6825,0.9013,5.4078,1.6095,0.0
2000,-54,142,0.5,10,0.5,12,330.1239,1750.0,331.0,0.8761,False,336.0,106.0,7,False,-0.1143,5.0,0.8005,4.8033,1.4295,0.0
2000,-54,142,0.5,10,0.5,13,330.1239,1700.0,330.3175,0.1936,True,336.0,122.0,8,False,-0.1467,5.6825,0.9013,5.4078,1.6095,0.0
2000,-54,142,0.5,10,0.5,14,330.1239,1700.0,330.3175,0.1936,True,336.0,122.0,8,False,-0.1467,5.6825,0.9013,5.4078,1.6095,0.0
2000,-54,142,0.5,10,0.5,15,330.1239,1700.0,330.3175,0.1936,True,336.0,122.0,8,False,-0.1467,5.6825,0.9013,5.4078,1.6095,0.0
2000,-54,142,0.5,10,0.5,16,330.1239,1700.0,330.3175,0.1936,True,336.0,122.0,8,False,-0.1467,5.6825,0.9013,5.4078,1.6095,0.0
2000,-54,142,0.5,10,0.5,17,330.1239,1750.0,331.0,0.8761,False,336.0,106.0,7,False,-0.1143,5.0,0.8005,4.8033,1.4295,0.0
2000,-54,142,0.5,10,0.5,18,330.1239,1650.0,330.127,0.0031,True,336.0,138.0,9,False,-0.1737,5.873,0.9274,5.5643,1.656,0.0
2000,-54,142,0.5,10,0.5,19,330.1239,1700.0,330.3175,0.1936,True,336.0,122.0,8,False,-0.1467,5.6825,0.9013,5.4078,1.6095,0.0
2000,-54,142,0.5,10,0.5,20,330.1239,1700.0,330.3175,0.1936,True,336.0,122.0,8,False,-0.1467,5.6825,0.9013,5.4078,1.6095,0.0
2000,-54,142,0.5,10,0.5,21,330.1239,1700.0,330.3175,0.1936,True,336.0,122.0,8,False,-0.1467,5.6825,0.9013,5.4078,1.6095,0.0
2000,-54,142,0.5,10,0.5,22,330.1239,1700.0,330.3175,0.1936,True,336.0,122.0,8,False,-0.1467,5.6825,0.9013,5.4078,1.6095,0.0
2000,-54,142,0.5,10,0.5,23,330.1239,1700.0,330.3175,0.1936,True,336.0,122.0,8,False,-0.1467,5.6825,0.9013,5.4078,1.6095,0.0
2000,-54,142,0.5,10,0.5,24,330.1239,1700.0,330.3175,0.1936,True,336.0,122.0,8,False,-0.1467,5.6825,0.9013,5.4078,1.6095,0.0
2000,-54,142,0.5,10,0.5,25,330.1239,1750.0,331.0,0.8761,False,336.0,106.0,7,False,-0.1143,5.0,0.8005,4.8033,1.4295,0.0
2000,-54,142,0.5,10,0.5,26,330.1239,1700.0,330.3175,0.1936,True,336.0,122.0,8,False,-0.1467,5.6825,0.9013,5.4078,1.6095,0.0
2000,-54,142,0.5,10,0.5,27,330.1239,1700.0,330.3175,0.1936,True,336.0,122.0,8,False,-0.1467,5.6825,0.9013,5.4078,1.6095,0.0
2000,-54,142,0.5,10,0.5,28,330.1239,1750.0,331.0,0.8761,False,336.0,106.0,7,False,-0.1143,5.0,0.8005,4.8033,1.4295,0.0
2000,-54,142,0.5,10,0.5,29,330.1239,1700.0,330.3175,0.1936,True,336.0,122.0,8,False,-0.1467,5.6825,0.9013,5.4078,1.6095,0.0
2000,-54,142,1.0,2,0.0,0,330.1239,1637.5,330.1563,0.0324,True,336.0,74.0,10,False,-0.0982,5.8437,0.952,5.7117,1.6999,0.0
2000,-54,142,1.0,2,0.0,1,330.1239,1787.5,331.8348,1.711,False,336.0,50.0,7,False,-0.048,4.1652,0.6845,4.1069,1.2223,0.0
2000,-54,142,1.0,2,0.0,2,330.1239,1650.0,330.127,0.0031,True,336.0,66.0,9,False,-0.0853,5.873,0.9564,5.7385,1.7079,0.0
2000,-54,142,1.0,2,0.0,3,330.1239,1675.0,330.1607,0.0369,True,336.0,74.0,10,False,-0.0979,5.8393,0.9511,5.7069,1.6985,0.0
2000,-54,142,1.0,2,0.0,4,330.1239,1700.0,330.3175,0.1936,True,336.0,58.0,8,False,-0.0718,5.6825,0.9274,5.5643,1.6561,0.0
2000,-54,142,1.0,2,0.0,5,330.1239,1700.0,330.3175,0.1936,True,336.0,58.0,8,False,-0.0718,5.6825,0.9274,5.5643,1.6561,0.0
2000,-54,142,1.0,2,0.0,6,330.1239,1700.0,330.3175,0.1936,True,336.0,58.0,8,False,-0.0718,5.6825,0.9274,5.5643,1.6561,0.0
2000,-54,142,1.0,2,0.0,7,330.1239,1700.0,330.3175,0.1936,True,336.0,58.0,8,False,-0.0718,5.6825,0.9274,5.5643,1.6561,0.0
2000,-54,142,1.0,2,0.0,8,330.1239,1650.0,330.127,0.0031,True,336.0,66.0,9,False,-0.0853,5.873,0.9564,5.7385,1.7079,0.0
2000,-54,142,1.0,2,0.0,9,330.1239,1650.0,330.127,0.0031,True,336.0,66.0,9,False,-0.0853,5.873,0.9564,5.7385,1.7079,0.0
2000,-54,142,1.0,2,0.0,10,330.1239,1687.5,330.2237,0.0998,True,336.0,66.0,9,False,-0.0847,5.7763,0.9416,5.6496,1.6814,0.0
2000,-54,142,1.0,2,0.0,11,330.1239,1700.0,330.3175,0.1936,True,336.0,58.0,8,False,-0.0718,5.6825,0.9274,5.5643,1.6561,0.0
2000,-54,142,1.0,2,0.0,12,330.1239,1625.0,330.2163,0.0924,True,336.0,74.0,10,False,-0.0979,5.7837,0.943,5.6577,1.6839,0.0
2000,-54,142,1.0,2,0.0,13,330.1239,1750.0,331.0,0.8761,False,336.0,50.0,7,False,-0.0558,5.0,0.8198,4.9185,1.4638,0.0
2000,-54,142,1.0,2,0.0,14,330.1239,1700.0,330.3175,0.1936,True,336.0,58.0,8,False,-0.0718,5.6825,0.9274,5.5643,1.6561,0.0
2000,-54,142,1.0,2,0.0,15,330.1239,1700.0,330.3175,0.1936,True,336.0,82.0,11,False,-0.1098,5.6825,0.9275,5.5649,1.6562,0.0
2000,-54,142,1.0,2,0.0,16,330.1239,1775.0,331.5258,1.4019,False,336.0,58.0,8,False,-0.0635,4.4742,0.7372,4.4234,1.3165,0.0
2000,-54,142,1.0,2,0.0,17,330.1239,1675.0,330.1607,0.0369,True,336.0,74.0,10,False,-0.0979,5.8393,0.9511,5.7069,1.6985,0.0
2000,-54,142,1.0,2,0.0,18,330.1239,1725.0,330.5972,0.4734,True,336.0,66.0,9,False,-0.0826,5.4028,0.884,5.3042,1.5786,0.0
2000,-54,142,1.0,2,0.0,19,330.1239,1825.0,332.9464,2.8226,False,336.0,50.0,7,False,-0.0418,3.0536,0.5085,3.0512,0.9081,0.0
2000,-54,142,1.0,2,0.0,20,330.1239,1737.5,330.7832,0.6594,False,336.0,58.0,8,False,-0.0677,5.2168,0.8532,5.119,1.5235,0.0
2000,-54,142,1.0,2,0.0,21,330.1239,1650.0,330.127,0.0031,True,336.0,66.0,9,False,-0.0853,5.873,0.9564,5.7385,1.7079,0.0
2000,-54,142,1.0,2,0.0,22,330.1239,1700.0,330.3175,0.1936,True,336.0,58.0,8,False,-0.0718,5.6825,0.9274,5.5643,1.6561,0.0
2000,-54,142,1.0,2,0.0,23,330.1239,1800.0,332.1746,2.0507,False,336.0,42.0,6,False,-0.0382,3.8254,0.6313,3.7879,1.1273,0.0
2000,-54,142,1.0,2,0.0,24,330.1239,1650.0,330.127,0.0031,True,336.0,66.0,9,False,-0.0853,5.873,0.9564,5.7385,1.7079,0.0
2000,-54,142,1.0,2,0.0,25,330.1239,1737.5,330.7832,0.6594,False,336.0,58.0,8,False,-0.0677,5.2168,0.8532,5.119,1.5235,0.0
2000,-54,142,1.0,2,0.0,26,330.1239,1750.0,331.0,0.8761,False,336.0,50.0,7,False,-0.0558,5.0,0.8198,4.9185,1.4638,0.0
2000,-54,142,1.0,2,0.0,27,330.1239,1725.0,330.5972,0.4734,True,336.0,66.0,9,False,-0.0826,5.4028,0.884,5.3042,1.5786,0.0
2000,-54,142,1.0,2,0.0,28,330.1239,1725.0,330.5972,0.4734,True,336.0,66.0,9,False,-0.0799,5.4028,0.8814,5.2885,1.574,0.0
2000,-54,142,1.0,2,0.0,29,330.1239,1700.0,330.3175,0.1936,True,336.0,58.0,8,False,-0.0718,5.6825,0.9274,5.5643,1.6561,0.0
2000,-54,142,1.0,2,0.5,0,330.1239,1700.0,330.3175,0.1936,True,336.0,58.0,8,False,-0.0718,5.6825,0.9274,5.5643,1.6561,0.0
2000,-54,142,1.0,2,0.5,1,330.1239,1787.5,331.8348,1.711,False,336.0,50.0,7,False,-0.048,4.1652,0.6845,4.1069,1.2223,0.0
2000,-54,142,1.0,2,0.5,2,330.1239,1850.0,333.8413,3.7174,False,336.0,34.0,5,False,-0.0203,2.1587,0.3599,2.1593,0.6427,0.0
2000,-54,142,1.0,2,0.5,3,330.1239,1800.0,332.1746,2.0507,False,336.0,42.0,6,False,-0.0382,3.8254,0.6313,3.7879,1.1273,0.0
2000,-54,142,1.0,2,0.5,4,330.1239,1700.0,330.3175,0.1936,True,336.0,58.0,8,False,-0.0718,5.6825,0.9274,5.5643,1.6561,0.0
2000,-54,142,1.0,2,0.5,5,330.1239,1837.5,333.3785,3.2546,False,336.0,42.0,6,False,-0.0268,2.6215,0.4334,2.6002,0.7739,0.0
2000,-54,142,1.0,2,0.5,6,330.1239,1700.0,330.3175,0.1936,True,336.0,58.0,8,False,-0.0718,5.6825,0.9274,5.5643,1.6561,0.0
2000,-54,142,1.0,2,0.5,7,330.1239,1700.0,330.3175,0.1936,True,336.0,58.0,8,False,-0.0718,5.6825,0.9274,5.5643,1.6561,0.0
2000,-54,142,1.0,2,0.5,8,330.1239,1650.0,330.127,0.0031,True,336.0,66.0,9,False,-0.0853,5.873,0.9564,5.7385,1.7079,0.0
2000,-54,142,1.0,2,0.5,9,330.1239,1775.0,331.5258,1.4019,False,336.0,58.0,8,False,-0.0635,4.4742,0.7372,4.4234,1.3165,0.0
2000,-54,142,1.0,2,0.5,10,330.1239,1700.0,330.3175,0.1936,True,336.0,58.0,8,False,-0.0718,5.6825,0.9274,5.5643,1.6561,0.0
2000,-54,142,1.0,2,0.5,11,330.1239,1700.0,330.3175,0.1936,True,336.0,58.0,8,False,-0.0718,5.6825,0.9274,5.5643,1.6561,0.0
2000,-54,142,1.0,2,0.5,12,330.1239,1800.0,332.1746,2.0507,False,336.0,42.0,6,False,-0.0382,3.8254,0.6313,3.7879,1.1273,0.0
2000,-54,142,1.0,2,0.5,13,330.1239,1750.0,331.0,0.8761,False,336.0,50.0,7,False,-0.0558,5.0,0.8198,4.9185,1.4638,0.0
2000,-54,142,1.0,2,0.5,14,330.1239,1837.5,333.3785,3.2546,False,336.0,42.0,6,False,-0.0268,2.6215,0.4334,2.6002,0.7739,0.0
2000,-54,142,1.0,2,0.5,15,330.1239,1675.0,330.1607,0.0369,True,336.0,74.0,10,False,-0.0978,5.8393,0.951,5.7059,1.6982,0.0
2000,-54,142,1.0,2,0.5,16,330.1239,1850.0,333.8413,3.7174,False,336.0,34.0,5,False,-0.0203,2.1587,0.3599,2.1593,0.6427,0.0
2000,-54,142,1.0,2,0.5,17,330.1239,1750.0,331.0,0.8761,False,336.0,50.0,7,False,-0.0558,5.0,0.8198,4.9185,1.4638,0.0
2000,-54,142,1.0,2,0.5,18,330.1239,1725.0,330.5972,0.4734,True,336.0,66.0,9,False,-0.0826,5.4028,0.884,5.3042,1.5786,0.0
2000,-54,142,1.0,2,0.5,19,330.1239,1825.0,332.9464,2.8226,False,336.0,50.0,7,False,-0.0418,3.0536,0.5085,3.0512,0.9081,0.0
2000,-54,142,1.0,2,0.5,20,330.1239,1737.5,330.7832,0.6594,False,336.0,58.0,8,False,-0.0677,5.2168,0.8532,5.119,1.5235,0.0
2000,-54,142,1.0,2,0.5,21,330.1239,1650.0,330.127,0.0031,True,336.0,66.0,9,False,-0.0853,5.873,0.9564,5.7385,1.7079,0.0
2000,-54,142,1.0,2,0.5,22,330.1239,1700.0,330.3175,0.1936,True,336.0,58.0,8,False,-0.0718,5.6825,0.9274,5.5643,1.6561,0.0
2000,-54,142,1.0,2,0.5,23,330.1239,1800.0,332.1746,2.0507,False,336.0,42.0,6,False,-0.0382,3.8254,0.6313,3.7879,1.1273,0.0
2000,-54,142,1.0,2,0.5,24,330.1239,1775.0,331.5258,1.4019,False,336.0,58.0,8,False,-0.0635,4.4742,0.7372,4.4234,1.3165,0.0
2000,-54,142,1.0,2,0.5,25,330.1239,1750.0,331.0,0.8761,False,336.0,50.0,7,False,-0.0558,5.0,0.8198,4.9185,1.4638,0.0
2000,-54,142,1.0,2,0.5,26,330.1239,1750.0,331.0,0.8761,False,336.0,50.0,7,False,-0.0558,5.0,0.8198,4.9185,1.4638,0.0
2000,-54,142,1.0,2,0.5,27,330.1239,1725.0,330.5972,0.4734,True,336.0,66.0,9,False,-0.0826,5.4028,0.884,5.3042,1.5786,0.0
2000,-54,142,1.0,2,0.5,28,330.1239,1737.5,330.7832,0.6594,False,336.0,58.0,8,False,-0.0677,5.2168,0.8532,5.119,1.5235,0.0
2000,-54,142,1.0,2,0.5,29,330.1239,1700.0,330.3175,0.1936,True,336.0,58.0,8,False,-0.0718,5.6825,0.9274,5.5643,1.6561,0.0
2000,-54,142,1.0,5,0.0,0,330.1239,1762.5,331.2475,1.1237,False,336.0,93.0,9,False,-0.1034,4.7525,0.7728,4.6369,1.38,0.0
2000,-54,142,1.0,5,0.0,1,330.1239,1650.0,330.127,0.0031,True,336.0,93.0,9,False,-0.1184,5.873,0.9455,5.6732,1.6884,0.0
2000,-54,142,1.0,5,0.0,2,330.1239,1700.0,330.3175,0.1936,True,336.0,82.0,8,False,-0.0999,5.6825,0.9176,5.5056,1.6386,0.0
2000,-54,142,1.0,5,0.0,3,330.1239,1600.0,330.4286,0.3047,True,336.0,82.0,8,False,-0.1004,5.5714,0.9022,5.4133,1.6111,0.0
2000,-54,142,1.0,5,0.0,4,330.1239,1750.0,331.0,0.8761,False,336.0,71.0,7,False,-0.0777,5.0,0.8126,4.8753,1.451,0.0
2000,-54,142,1.0,5,0.0,5,330.1239,1725.0,330.5972,0.4734,True,336.0,93.0,9,False,-0.1146,5.4028,0.8756,5.2536,1.5636,0.0
2000,-54,142,1.0,5,0.0,6,330.1239,1700.0,330.3175,0.1936,True,336.0,82.0,8,False,-0.0999,5.6825,0.9176,5.5056,1.6386,0.0
2000,-54,142,1.0,5,0.0,7,330.1239,1700.0,330.3175,0.1936,True,336.0,82.0,8,False,-0.0999,5.6825,0.9176,5.5056,1.6386,0.0
2000,-54,142,1.0,5,0.0,8,330.1239,1700.0,330.3175,0.1936,True,336.0,82.0,8,False,-0.0999,5.6825,0.9176,5.5056,1.6386,0.0
2000,-54,142,1.0,5,0.0,9,330.1239,1600.0,330.4286,0.3047,True,336.0,82.0,8,False,-0.1004,5.5714,0.9022,5.4133,1.6111,0.0
2000,-54,142,1.0,5,0.0,10,330.1239,1700.0,330.3175,0.1936,True,336.0,82.0,8,False,-0.0999,5.6825,0.9176,5.5056,1.6386,0.0
2000,-54,142,1.0,5,0.0,11,330.1239,1637.5,330.1563,0.0324,True,336.0,104.0,10,False,-0.1361,5.8437,0.9412,5.6474,1.6808,0.0
2000,-54,142,1.0,5,0.0,12,330.1239,1650.0,330.127,0.0031,True,336.0,93.0,9,False,-0.1184,5.873,0.9455,5.6732,1.6884,0.0
2000,-54,142,1.0,5,0.0,13,330.1239,1700.0,330.3175,0.1936,True,336.0,82.0,8,False,-0.0999,5.6825,0.9176,5.5056,1.6386,0.0
2000,-54,142,1.0,5,0.0,14,330.1239,1750.0,331.0,0.8761,False,336.0,71.0,7,False,-0.0777,5.0,0.8126,4.8753,1.451,0.0
2000,-54,142,1.0,5,0.0,15,330.1239,1650.0,330.127,0.0031,True,336.0,93.0,9,False,-0.1184,5.873,0.9455,5.6732,1.6884,0.0
2000,-54,142,1.0,5,0.0,16,330.1239,1725.0,330.5972,0.4734,True,336.0,93.0,9,False,-0.111,5.4028,0.872,5.232,1.5571,0.0
2000,-54,142,1.0,5,0.0,17,330.1239,1750.0,331.0,0.8761,False,336.0,71.0,7,False,-0.0777,5.0,0.8126,4.8753,1.451,0.0
2000,-54,142,1.0,5,0.0,18,330.1239,1650.0,330.127,0.0031,True,336.0,93.0,9,False,-0.1184,5.873,0.9455,5.6732,1.6884,0.0
2000,-54,142,1.0,5,0.0,19,330.1239,1750.0,331.0,0.8761,False,336.0,71.0,7,False,-0.0777,5.0,0.8126,4.8753,1.451,0.0
2000,-54,142,1.0,5,0.0,20,330.1239,1600.0,330.4286,0.3047,True,336.0,82.0,8,False,-0.1004,5.5714,0.9022,5.4133,1.6111,0.0
2000,-54,142,1.0,5,0.0,21,330.1239,1662.5,330.1285,0.0046,True,336.0,115.0,11,False,-0.1536,5.8715,0.9446,5.6676,1.6868,0.0
2000,-54,142,1.0,5,0.0,22,330.1239,1700.0,330.3175,0.1936,True,336.0,82.0,8,False,-0.0999,5.6825,0.9176,5.5056,1.6386,0.0
2000,-54,142,1.0,5,0.0,23,330.1239,1700.0,330.3175,0.1936,True,336.0,82.0,8,False,-0.0999,5.6825,0.9176,5.5056,1.6386,0.0
2000,-54,142,1.0,5,0.0,24,330.1239,1625.0,330.2163,0.0924,True,336.0,115.0,11,False,-0.1536,5.7837,0.9327,5.5963,1.6656,0.0
2000,-54,142,1.0,5,0.0,25,330.1239,1700.0,330.3175,0.1936,True,336.0,82.0,8,False,-0.0999,5.6825,0.9176,5.5056,1.6386,0.0
2000,-54,142,1.0,5,0.0,26,330.1239,1600.0,330.4286,0.3047,True,336.0,82.0,8,False,-0.1004,5.5714,0.9022,5.4133,1.6111,0.0
2000,-54,142,1.0,5,0.0,27,330.1239,1725.0,330.5972,0.4734,True,336.0,93.0,9,False,-0.1146,5.4028,0.8756,5.2536,1.5636,0.0
2000,-54,142,1.0,5,0.0,28,330.1239,1787.5,331.8348,1.711,False,336.0,71.0,7,False,-0.0669,4.1652,0.6791,4.0745,1.2127,0.0
2000,-54,142,1.0,5,0.0,29,330.1239,1700.0,330.3175,0.1936,True,336.0,82.0,8,False,-0.0999,5.6825,0.9176,5.5056,1.6386,0.0
2000,-54,142,1.0,5,0.5,0,330.1239,1800.0,332.1746,2.0507,False,336.0,60.0,6,False,-0.0534,3.8254,0.6274,3.7641,1.1203,0.0
2000,-54,142,1.0,5,0.5,1,330.1239,1700.0,330.3175,0.1936,True,336.0,82.0,8,False,-0.0999,5.6825,0.9176,5.5056,1.6386,0.0
2000,-54,142,1.0,5,0.5,2,330.1239,1700.0,330.3175,0.1936,True,336.0,82.0,8,False,-0.0999,5.6825,0.9176,5.5056,1.6386,0.0
2000,-54,142,1.0,5,0.5,3,330.1239,1737.5,330.7832,0.6594,False,336.0,82.0,8,False,-0.0941,5.2168,0.8449,5.0691,1.5087,0.0
2000,-54,142,1.0,5,0.5,4,330.1239,1750.0,331.0,0.8761,False,336.0,71.0,7,False,-0.0777,5.0,0.8126,4.8753,1.451,0.0
2000,-54,142,1.0,5,0.5,5,330.1239,1700.0,330.3175,0.1936,True,336.0,82.0,8,False,-0.0999,5.6825,0.9176,5.5056,1.6386,0.0
2000,-54,142,1.0,5,0.5,6,330.1239,1700.0,330.3175,0.1936,True,336.0,82.0,8,False,-0.0999,5.6825,0.9176,5.5056,1.6386,0.0
2000,-54,142,1.0,5,0.5,7,330.1239,1700.0,330.3175,0.1936,True,336.0,82.0,8,False,-0.0999,5.6825,0.9176,5.5056,1.6386,0.0
2000,-54,142,1.0,5,0.5,8,330.1239,1700.0,330.3175,0.1936,True,336.0,82.0,8,False,-0.0999,5.6825,0.9176,5.5056,1.6386,0.0
2000,-54,142,1.0,5,0.5,9,330.1239,1887.5,335.4142,5.2903,False,336.0,38.0,4,False,-0.0113,0.5858,0.103,0.618,0.1839,0.0
2000,-54,142,1.0,5,0.5,10,330.1239,1700.0,330.3175,0.1936,True,336.0,82.0,8,False,-0.0999,5.6825,0.9176,5.5056,1.6386,0.0
2000,-54,142,1.0,5,0.5,11,330.1239,1750.0,331.0,0.8761,False,336.0,71.0,7,False,-0.0777,5.0,0.8126,4.8753,1.451,0.0
2000,-54,142,1.0,5,0.5,12,330.1239,1650.0,330.127,0.0031,True,336.0,93.0,9,False,-0.1184,5.873,0.9455,5.6732,1.6884,0.0
2000,-54,142,1.0,5,0.5,13,330.1239,1750.0,331.0,0.8761,False,336.0,71.0,7,False,-0.0777,5.0,0.8126,4.8753,1.451,0.0
2000,-54,142,1.0,5,0.5,14,330.1239,1750.0,331.0,0.8761,False,336.0,71.0,7,False,-0.0777,5.0,0.8126,4.8753,1.451,0.0
2000,-54,142,1.0,5,0.5,15,330.1239,1650.0,330.127,0.0031,True,336.0,93.0,9,False,-0.1184,5.873,0.9455,5.6732,1.6884,0.0
2000,-54,142,1.0,5,0.5,16,330.1239,1750.0,331.0,0.8761,False,336.0,71.0,7,False,-0.0777,5.0,0.8126,4.8753,1.451,0.0
2000,-54,142,1.0,5,0.5,17,330.1239,1750.0,331.0,0.8761,False,336.0,71.0,7,False,-0.0777,5.0,0.8126,4.8753,1.451,0.0
2000,-54,142,1.0,5,0.5,18,330.1239,1700.0,330.3175,0.1936,True,336.0,82.0,8,False,-0.0999,5.6825,0.9176,5.5056,1.6386,0.0
2000,-54,142,1.0,5,0.5,19,330.1239,1850.0,333.8413,3.7174,False,336.0,49.0,5,False,-0.0284,2.1587,0.359,2.1541,0.6411,0.0
2000,-54,142,1.0,5,0.5,20,330.1239,1750.0,331.0,0.8761,False,336.0,71.0,7,False,-0.0777,5.0,0.8126,4.8753,1.451,0.0
2000,-54,142,1.0,5,0.5,21,330.1239,1700.0,330.3175,0.1936,True,336.0,82.0,8,False,-0.0999,5.6825,0.9176,5.5056,1.6386,0.0
2000,-54,142,1.0,5,0.5,22,330.1239,1700.0,330.3175,0.1936,True,336.0,82.0,8,False,-0.0999,5.6825,0.9176,5.5056,1.6386,0.0
2000,-54,142,1.0,5,0.5,23,330.1239,1700.0,330.3175,0.1936,True,336.0,82.0,8,False,-0.0999,5.6825,0.9176,5.5056,1.6386,0.0
2000,-54,142,1.0,5,0.5,24,330.1239,1700.0,330.3175,0.1936,True,336.0,82.0,8,False,-0.0999,5.6825,0.9176,5.5056,1.6386,0.0
2000,-54,142,1.0,5,0.5,25,330.1239,1700.0,330.3175,0.1936,True,336.0,82.0,8,False,-0.0999,5.6825,0.9176,5.5056,1.6386,0.0
2000,-54,142,1.0,5,0.5,26,330.1239,1750.0,331.0,0.8761,False,336.0,71.0,7,False,-0.0777,5.0,0.8126,4.8753,1.451,0.0
2000,-54,142,1.0,5,0.5,27,330.1239,1725.0,330.5972,0.4734,True,336.0,93.0,9,False,-0.1146,5.4028,0.8756,5.2536,1.5636,0.0
2000,-54,142,1.0,5,0.5,28,330.1239,1800.0,332.1746,2.0507,False,336.0,60.0,6,False,-0.0534,3.8254,0.6274,3.7641,1.1203,0.0
2000,-54,142,1.0,5,0.5,29,330.1239,1700.0,330.3175,0.1936,True,336.0,82.0,8,False,-0.0999,5.6825,0.9176,5.5056,1.6386,0.0
2000,-54,142,1.0,10,0.0,0,330.1239,1700.0,330.3175,0.1936,True,336.0,122.0,8,False,-0.1467,5.6825,0.9013,5.4078,1.6095,0.0
2000,-54,142,1.0,10,0.0,1,330.1239,1625.0,330.2163,0.0924,True,336.0,154.0,10,False,-0.199,5.7837,0.9155,5.4927,1.6347,0.0
2000,-54,142,1.0,10,0.0,2,330.1239,1675.0,330.1607,0.0369,True,336.0,154.0,10,False,-0.1991,5.8393,0.9225,5.535,1.6473,0.0
2000,-54,142,1.0,10,0.0,3,330.1239,1625.0,330.2163,0.0924,True,336.0,170.0,11,False,-0.2248,5.7837,0.9156,5.4934,1.6349,0.0
2000,-54,142,1.0,10,0.0,4,330.1239,1800.0,332.1746,2.0507,False,336.0,90.0,6,False,-0.0786,3.8254,0.6208,3.7246,1.1085,0.0
2000,-54,142,1.0,10,0.0,5,330.1239,1637.5,330.1563,0.0324,True,336.0,154.0,10,False,-0.1994,5.8437,0.9234,5.5403,1.6489,0.0
2000,-54,142,1.0,10,0.0,6,330.1239,1725.0,330.5972,0.4734,True,336.0,138.0,9,False,-0.1681,5.4028,0.8615,5.1693,1.5385,0.0
2000,-54,142,1.0,10,0.0,7,330.1239,1650.0,330.127,0.0031,True,336.0,138.0,9,False,-0.1737,5.873,0.9274,5.5643,1.656,0.0
2000,-54,142,1.0,10,0.0,8,330.1239,1675.0,330.1607,0.0369,True,336.0,154.0,10,False,-0.1987,5.8393,0.9222,5.533,1.6467,0.0
2000,-54,142,1.0,10,0.0,9,330.1239,1650.0,330.127,0.0031,True,336.0,138.0,9,False,-0.1737,5.873,0.9274,5.5643,1.656,0.0
2000,-54,142,1.0,10,0.0,10,330.1239,1675.0,330.1607,0.0369,True,336.0,154.0,10,False,-0.1987,5.8393,0.9222,5.533,1.6467,0.0
2000,-54,142,1.0,10,0.0,11,330.1239,1687.5,330.2237,0.0998,True,336.0,138.0,9,False,-0.1726,5.7763,0.914,5.4838,1.6321,0.0
2000,-54,142,1.0,10,0.0,12,330.1239,1750.0,331.0,0.8761,False,336.0,106.0,7,False,-0.1143,5.0,0.8005,4.8033,1.4295,0.0
2000,-54,142,1.0,10,0.0,13,330.1239,1675.0,330.1607,0.0369,True,336.0,154.0,10,False,-0.1991,5.8393,0.9225,5.535,1.6473,0.0
2000,-54,142,1.0,10,0.0,14,330.1239,1687.5,330.2237,0.0998,True,336.0,138.0,9,False,-0.1726,5.7763,0.914,5.4838,1.6321,0.0
2000,-54,142,1.0,10,0.0,15,330.1239,1700.0,330.3175,0.1936,True,336.0,122.0,8,False,-0.1467,5.6825,0.9013,5.4078,1.6095,0.0
2000,-54,142,1.0,10,0.0,16,330.1239,1600.0,330.4286,0.3047,True,336.0,122.0,8,False,-0.1475,5.5714,0.8874,5.3243,1.5846,0.0
2000,-54,142,1.0,10,0.0,17,330.1239,1650.0,330.127,0.0031,True,336.0,138.0,9,False,-0.1737,5.873,0.9274,5.5643,1.656,0.0
2000,-54,142,1.0,10,0.0,18,330.1239,1650.0,330.127,0.0031,True,336.0,138.0,9,False,-0.1737,5.873,0.9274,5.5643,1.656,0.0
2000,-54,142,1.0,10,0.0,19,330.1239,1700.0,330.3175,0.1936,True,336.0,122.0,8,False,-0.1467,5.6825,0.9013,5.4078,1.6095,0.0
2000,-54,142,1.0,10,0.0,20,330.1239,1700.0,330.3175,0.1936,True,336.0,122.0,8,False,-0.1467,5.6825,0.9013,5.4078,1.6095,0.0
2000,-54,142,1.0,10,0.0,21,330.1239,1675.0,330.1607,0.0369,True,336.0,154.0,10,False,-0.1991,5.8393,0.9225,5.535,1.6473,0.0
2000,-54,142,1.0,10,0.0,22,330.1239,1637.5,330.1563,0.0324,True,336.0,154.0,10,False,-0.1994,5.8437,0.9234,5.5403,1.6489,0.0
2000,-54,142,1.0,10,0.0,23,330.1239,1700.0,330.3175,0.1936,True,336.0,122.0,8,False,-0.1467,5.6825,0.9013,5.4078,1.6095,0.0
2000,-54,142,1.0,10,0.0,24,330.1239,1600.0,330.4286,0.3047,True,336.0,122.0,8,False,-0.1475,5.5714,0.8874,5.3243,1.5846,0.0
2000,-54,142,1.0,10,0.0,25,330.1239,1750.0,331.0,0.8761,False,336.0,106.0,7,False,-0.1143,5.0,0.8005,4.8033,1.4295,0.0
2000,-54,142,1.0,10,0.0,26,330.1239,1625.0,330.2163,0.0924,True,336.0,170.0,11,False,-0.2248,5.7837,0.9156,5.4934,1.6349,0.0
2000,-54,142,1.0,10,0.0,27,330.1239,1650.0,330.127,0.0031,True,336.0,138.0,9,False,-0.1737,5.873,0.9274,5.5643,1.656,0.0
2000,-54,142,1.0,10,0.0,28,330.1239,1637.5,330.1563,0.0324,True,336.0,154.0,10,False,-0.1994,5.8437,0.9234,5.5403,1.6489,0.0
2000,-54,142,1.0,10,0.0,29,330.1239,1637.5,330.1563,0.0324,True,336.0,154.0,10,False,-0.1994,5.8437,0.9234,5.5403,1.6489,0.0
2000,-54,142,1.0,10,0.5,0,330.1239,1700.0,330.3175,0.1936,True,336.0,122.0,8,False,-0.1467,5.6825,0.9013,5.4078,1.6095,0.0
2000,-54,142,1.0,10,0.5,1,330.1239,1687.5,330.2237,0.0998,True,336.0,138.0,9,False,-0.1726,5.7763,0.914,5.4838,1.6321,0.0
2000,-54,142,1.0,10,0.5,2,330.1239,1650.0,330.127,0.0031,True,336.0,138.0,9,False,-0.1737,5.873,0.9274,5.5643,1.656,0.0
2000,-54,142,1.0,10,0.5,3,330.1239,1700.0,330.3175,0.1936,True,336.0,122.0,8,False,-0.1467,5.6825,0.9013,5.4078,1.6095,0.0
2000,-54,142,1.0,10,0.5,4,330.1239,1800.0,332.1746,2.0507,False,336.0,90.0,6,False,-0.0786,3.8254,0.6208,3.7246,1.1085,0.0
2000,-54,142,1.0,10,0.5,5,330.1239,1700.0,330.3175,0.1936,True,336.0,122.0,8,False,-0.1467,5.6825,0.9013,5.4078,1.6095,0.0
2000,-54,142,1.0,10,0.5,6,330.1239,1737.5,330.7832,0.6594,False,336.0,122.0,8,False,-0.1382,5.2168,0.831,4.986,1.4839,0.0
2000,-54,142,1.0,10,0.5,7,330.1239,1700.0,330.3175,0.1936,True,336.0,122.0,8,False,-0.1467,5.6825,0.9013,5.4078,1.6095,0.0
2000,-54,142,1.0,10,0.5,8,330.1239,1700.0,330.3175,0.1936,True,336.0,122.0,8,False,-0.1467,5.6825,0.9013,5.4078,1.6095,0.0
2000,-54,142,1.0,10,0.5,9,330.1239,1700.0,330.3175,0.1936,True,336.0,122.0,8,False,-0.1467,5.6825,0.9013,5.4078,1.6095,0.0
2000,-54,142,1.0,10,0.5,10,330.1239,1700.0,330.3175,0.1936,True,336.0,122.0,8,False,-0.1467,5.6825,0.9013,5.4078,1.6095,0.0
2000,-54,142,1.0,10,0.5,11,330.1239,1700.0,330.3175,0.1936,True,336.0,122.0,8,False,-0.1467,5.6825,0.9013,5.4078,1.6095,0.0
2000,-54,142,1.0,10,0.5,12,330.1239,1750.0,331.0,0.8761,False,336.0,106.0,7,False,-0.1143,5.0,0.8005,4.8033,1.4295,0.0
2000,-54,142,1.0,10,0.5,13,330.1239,1687.5,330.2237,0.0998,True,336.0,138.0,9,False,-0.1726,5.7763,0.914,5.4838,1.6321,0.0
2000,-54,142,1.0,10,0.5,14,330.1239,1800.0,332.1746,2.0507,False,336.0,90.0,6,False,-0.0786,3.8254,0.6208,3.7246,1.1085,0.0
2000,-54,142,1.0,10,0.5,15,330.1239,1700.0,330.3175,0.1936,True,336.0,122.0,8,False,-0.1467,5.6825,0.9013,5.4078,1.6095,0.0
2000,-54,142,1.0,10,0.5,16,330.1239,1700.0,330.3175,0.1936,True,336.0,122.0,8,False,-0.1467,5.6825,0.9013,5.4078,1.6095,0.0
2000,-54,142,1.0,10,0.5,17,330.1239,1750.0,331.0,0.8761,False,336.0,106.0,7,False,-0.1143,5.0,0.8005,4.8033,1.4295,0.0
2000,-54,142,1.0,10,0.5,18,330.1239,1750.0,331.0,0.8761,False,336.0,106.0,7,False,-0.1143,5.0,0.8005,4.8033,1.4295,0.0
2000,-54,142,1.0,10,0.5,19,330.1239,1800.0,332.1746,2.0507,False,336.0,90.0,6,False,-0.0786,3.8254,0.6208,3.7246,1.1085,0.0
2000,-54,142,1.0,10,0.5,20,330.1239,1700.0,330.3175,0.1936,True,336.0,122.0,8,False,-0.1467,5.6825,0.9013,5.4078,1.6095,0.0
2000,-54,142,1.0,10,0.5,21,330.1239,1700.0,330.3175,0.1936,True,336.0,122.0,8,False,-0.1467,5.6825,0.9013,5.4078,1.6095,0.0
2000,-54,142,1.0,10,0.5,22,330.1239,1700.0,330.3175,0.1936,True,336.0,122.0,8,False,-0.1467,5.6825,0.9013,5.4078,1.6095,0.0
2000,-54,142,1.0,10,0.5,23,330.1239,1700.0,330.3175,0.1936,True,336.0,122.0,8,False,-0.1467,5.6825,0.9013,5.4078,1.6095,0.0
2000,-54,142,1.0,10,0.5,24,330.1239,1725.0,330.5972,0.4734,True,336.0,138.0,9,False,-0.1681,5.4028,0.8615,5.1693,1.5385,0.0
2000,-54,142,1.0,10,0.5,25,330.1239,1750.0,331.0,0.8761,False,336.0,106.0,7,False,-0.1143,5.0,0.8005,4.8033,1.4295,0.0
2000,-54,142,1.0,10,0.5,26,330.1239,1700.0,330.3175,0.1936,True,336.0,122.0,8,False,-0.1467,5.6825,0.9013,5.4078,1.6095,0.0
2000,-54,142,1.0,10,0.5,27,330.1239,1700.0,330.3175,0.1936,True,336.0,122.0,8,False,-0.1467,5.6825,0.9013,5.4078,1.6095,0.0
2000,-54,142,1.0,10,0.5,28,330.1239,1750.0,331.0,0.8761,False,336.0,106.0,7,False,-0.1143,5.0,0.8005,4.8033,1.4295,0.0
2000,-54,142,1.0,10,0.5,29,330.1239,1700.0,330.3175,0.1936,True,336.0,122.0,8,False,-0.1467,5.6825,0.9013,5.4078,1.6095,0.0
2000,10,161,0.5,2,0.0,0,371.4432,1825.0,371.625,0.1818,True,374.0,50.0,7,False,-0.028,2.375,0.3909,2.3455,0.6271,0.0
2000,10,161,0.5,2,0.0,1,371.4432,1850.0,372.1111,0.6679,False,374.0,34.0,5,False,-0.016,1.8889,0.3131,1.8785,0.5023,0.0
2000,10,161,0.5,2,0.0,2,371.4432,1750.0,372.0,0.5568,False,374.0,50.0,7,False,-0.023,2.0,0.3284,1.9704,0.5268,0.0
2000,10,161,0.5,2,0.0,3,371.4432,1762.5,371.7465,0.3033,True,374.0,66.0,9,False,-0.0343,2.2535,0.3684,2.2103,0.591,0.0
2000,10,161,0.5,2,0.0,4,371.4432,1787.5,371.4688,0.0256,True,374.0,50.0,7,False,-0.0293,2.5312,0.416,2.4958,0.6673,0.0
2000,10,161,0.5,2,0.0,5,371.4432,1787.5,371.4688,0.0256,True,374.0,50.0,7,False,-0.0293,2.5312,0.416,2.4958,0.6673,0.0
2000,10,161,0.5,2,0.0,6,371.4432,1825.0,371.625,0.1818,True,374.0,50.0,7,False,-0.028,2.375,0.3909,2.3455,0.6271,0.0
2000,10,161,0.5,2,0.0,7,371.4432,1787.5,371.4688,0.0256,True,374.0,50.0,7,False,-0.0293,2.5312,0.416,2.4958,0.6673,0.0
2000,10,161,0.5,2,0.0,8,371.4432,1812.5,371.4965,0.0533,True,374.0,58.0,8,False,-0.0337,2.5035,0.4106,2.4636,0.6587,0.0
2000,10,161,0.5,2,0.0,9,371.4432,1750.0,372.0,0.5568,False,374.0,50.0,7,False,-0.023,2.0,0.3284,1.9704,0.5268,0.0
2000,10,161,0.5,2,0.0,10,371.4432,1800.0,371.4444,0.0012,True,374.0,66.0,9,False,-0.0393,2.5556,0.4184,2.5101,0.6712,0.0
2000,10,161,0.5,2,0.0,11,371.4432,1800.0,371.4444,0.0012,True,374.0,42.0,6,False,-0.0239,2.5556,0.42,2.5197,0.6737,0.0
2000,10,161,0.5,2,0.0,12,371.4432,1800.0,371.4444,0.0012,True,374.0,42.0,6,False,-0.0239,2.5556,0.42,2.5197,0.6737,0.0
2000,10,161,0.5,2,0.0,13,371.4432,1825.0,371.625,0.1818,True,374.0,50.0,7,False,-0.028,2.375,0.3909,2.3455,0.6271,0.0
2000,10,161,0.5,2,0.0,14,371.4432,1750.0,372.0,0.5568,False,374.0,50.0,7,False,-0.023,2.0,0.3284,1.9704,0.5268,0.0
2000,10,161,0.5,2,0.0,15,371.4432,1800.0,371.4444,0.0012,True,374.0,42.0,6,False,-0.0239,2.5556,0.42,2.5197,0.6737,0.0
2000,10,161,0.5,2,0.0,16,371.4432,1800.0,371.4444,0.0012,True,374.0,42.0,6,False,-0.0239,2.5556,0.42,2.5197,0.6737,0.0
2000,10,161,0.5,2,0.0,17,371.4432,1800.0,371.4444,0.0012,True,374.0,42.0,6,False,-0.0239,2.5556,0.42,2.5197,0.6737,0.0
2000,10,161,0.5,2,0.0,18,371.4432,1800.0,371.4444,0.0012,True,374.0,66.0,9,False,-0.0393,2.5556,0.4184,2.5101,0.6712,0.0
2000,10,161,0.5,2,0.0,19,371.4432,1812.5,371.4965,0.0533,True,374.0,58.0,8,False,-0.0337,2.5035,0.4106,2.4636,0.6587,0.0
2000,10,161,0.5,2,0.0,20,371.4432,1825.0,371.625,0.1818,True,374.0,50.0,7,False,-0.028,2.375,0.3909,2.3455,0.6271,0.0
2000,10,161,0.5,2,0.0,21,371.4432,1800.0,371.4444,0.0012,True,374.0,42.0,6,False,-0.0239,2.5556,0.42,2.5197,0.6737,0.0
2000,10,161,0.5,2,0.0,22,371.4432,1812.5,371.4965,0.0533,True,374.0,58.0,8,False,-0.0337,2.5035,0.4106,2.4636,0.6587,0.0
2000,10,161,0.5,2,0.0,23,371.4432,1800.0,371.4444,0.0012,True,374.0,42.0,6,False,-0.0239,2.5556,0.42,2.5197,0.6737,0.0
2000,10,161,0.5,2,0.0,24,371.4432,1825.0,371.625,0.1818,True,374.0,50.0,7,False,-0.028,2.375,0.3909,2.3455,0.6271,0.0
2000,10,161,0.5,2,0.0,25,371.4432,1800.0,371.4444,0.0012,True,374.0,42.0,6,False,-0.0239,2.5556,0.42,2.5197,0.6737,0.0
2000,10,161,0.5,2,0.0,26,371.4432,1800.0,371.4444,0.0012,True,374.0,42.0,6,False,-0.0239,2.5556,0.42,2.5197,0.6737,0.0
2000,10,161,0.5,2,0.0,27,371.4432,1787.5,371.4688,0.0256,True,374.0,50.0,7,False,-0.0293,2.5312,0.416,2.4958,0.6673,0.0
2000,10,161,0.5,2,0.0,28,371.4432,1800.0,371.4444,0.0012,True,374.0,42.0,6,False,-0.0239,2.5556,0.42,2.5197,0.6737,0.0
2000,10,161,0.5,2,0.0,29,371.4432,1800.0,371.4444,0.0012,True,374.0,42.0,6,False,-0.0239,2.5556,0.42,2.5197,0.6737,0.0
2000,10,161,0.5,2,0.5,0,371.4432,1800.0,371.4444,0.0012,True,374.0,42.0,6,False,-0.0239,2.5556,0.42,2.5197,0.6737,0.0
2000,10,161,0.5,2,0.5,1,371.4432,1850.0,372.1111,0.6679,False,374.0,34.0,5,False,-0.016,1.8889,0.3131,1.8785,0.5023,0.0
2000,10,161,0.5,2,0.5,2,371.4432,1900.0,374.0,2.5568,False,374.0,18.0,3,False,-0.0052,0.0,0.0055,0.033,0.0088,0.0
2000,10,161,0.5,2,0.5,3,371.4432,1787.5,371.4688,0.0256,True,374.0,50.0,7,False,-0.0293,2.5312,0.416,2.4958,0.6673,0.0
2000,10,161,0.5,2,0.5,4,371.4432,1800.0,371.4444,0.0012,True,374.0,42.0,6,False,-0.0239,2.5556,0.42,2.5197,0.6737,0.0
2000,10,161,0.5,2,0.5,5,371.4432,1800.0,371.4444,0.0012,True,374.0,42.0,6,False,-0.0239,2.5556,0.42,2.5197,0.6737,0.0
2000,10,161,0.5,2,0.5,6,371.4432,1825.0,371.625,0.1818,True,374.0,50.0,7,False,-0.028,2.375,0.3909,2.3455,0.6271,0.0
2000,10,161,0.5,2,0.5,7,371.4432,1850.0,372.1111,0.6679,False,374.0,34.0,5,False,-0.016,1.8889,0.3131,1.8785,0.5023,0.0
2000,10,161,0.5,2,0.5,8,371.4432,1850.0,372.1111,0.6679,False,374.0,34.0,5,False,-0.016,1.8889,0.3131,1.8785,0.5023,0.0
2000,10,161,0.5,2,0.5,9,371.4432,1850.0,372.1111,0.6679,False,374.0,34.0,5,False,-0.016,1.8889,0.3131,1.8785,0.5023,0.0
2000,10,161,0.5,2,0.5,10,371.4432,1825.0,371.625,0.1818,True,374.0,50.0,7,False,-0.0266,2.375,0.3895,2.3372,0.6249,0.0
2000,10,161,0.5,2,0.5,11,371.4432,1850.0,372.1111,0.6679,False,374.0,34.0,5,False,-0.016,1.8889,0.3131,1.8785,0.5023,0.0
2000,10,161,0.5,2,0.5,12,371.4432,1850.0,372.1111,0.6679,False,374.0,34.0,5,False,-0.016,1.8889,0.3131,1.8785,0.5023,0.0
2000,10,161,0.5,2,0.5,13,371.4432,1850.0,372.1111,0.6679,False,374.0,34.0,5,False,-0.016,1.8889,0.3131,1.8785,0.5023,0.0
2000,10,161,0.5,2,0.5,14,371.4432,1850.0,372.1111,0.6679,False,374.0,34.0,5,False,-0.016,1.8889,0.3131,1.8785,0.5023,0.0
2000,10,161,0.5,2,0.5,15,371.4432,1850.0,372.1111,0.6679,False,374.0,34.0,5,False,-0.016,1.8889,0.3131,1.8785,0.5023,0.0
2000,10,161,0.5,2,0.5,16,371.4432,1800.0,371.4444,0.0012,True,374.0,42.0,6,False,-0.0239,2.5556,0.42,2.5197,0.6737,0.0
2000,10,161,0.5,2,0.5,17,371.4432,1800.0,371.4444,0.0012,True,374.0,42.0,6,False,-0.0239,2.5556,0.42,2.5197,0.6737,0.0
2000,10,161,0.5,2,0.5,18,371.4432,1850.0,372.1111,0.6679,False,374.0,34.0,5,False,-0.016,1.8889,0.3131,1.8785,0.5023,0.0
2000,10,161,0.5,2,0.5,19,371.4432,1850.0,372.1111,0.6679,False,374.0,34.0,5,False,-0.016,1.8889,0.3131,1.8785,0.5023,0.0
2000,10,161,0.5,2,0.5,20,371.4432,1800.0,371.4444,0.0012,True,374.0,42.0,6,False,-0.0239,2.5556,0.42,2.5197,0.6737,0.0
2000,10,161,0.5,2,0.5,21,371.4432,1800.0,371.4444,0.0012,True,374.0,42.0,6,False,-0.0239,2.5556,0.42,2.5197,0.6737,0.0
2000,10,161,0.5,2,0.5,22,371.4432,1800.0,371.4444,0.0012,True,374.0,42.0,6,False,-0.0239,2.5556,0.42,2.5197,0.6737,0.0
2000,10,161,0.5,2,0.5,23,371.4432,1800.0,371.4444,0.0012,True,374.0,42.0,6,False,-0.0239,2.5556,0.42,2.5197,0.6737,0.0
2000,10,161,0.5,2,0.5,24,371.4432,1800.0,371.4444,0.0012,True,374.0,42.0,6,False,-0.0239,2.5556,0.42,2.5197,0.6737,0.0
2000,10,161,0.5,2,0.5,25,371.4432,1800.0,371.4444,0.0012,True,374.0,42.0,6,False,-0.0239,2.5556,0.42,2.5197,0.6737,0.0
2000,10,161,0.5,2,0.5,26,371.4432,1850.0,372.1111,0.6679,False,374.0,34.0,5,False,-0.016,1.8889,0.3131,1.8785,0.5023,0.0
2000,10,161,0.5,2,0.5,27,371.4432,1800.0,371.4444,0.0012,True,374.0,42.0,6,False,-0.0239,2.5556,0.42,2.5197,0.6737,0.0
2000,10,161,0.5,2,0.5,28,371.4432,1887.5,373.4132,1.97,False,374.0,26.0,4,False,-0.0074,0.5868,0.1012,0.6071,0.1623,0.0
2000,10,161,0.5,2,0.5,29,371.4432,1850.0,372.1111,0.6679,False,374.0,34.0,5,False,-0.016,1.8889,0.3131,1.8785,0.5023,0.0
2000,10,161,0.5,5,0.0,0,371.4432,1812.5,371.4965,0.0533,True,374.0,82.0,8,False,-0.0468,2.5035,0.407,2.4423,0.653,0.0
2000,10,161,0.5,5,0.0,1,371.4432,1800.0,371.4444,0.0012,True,374.0,60.0,6,False,-0.0333,2.5556,0.4166,2.4998,0.6684,0.0
2000,10,161,0.5,5,0.0,2,371.4432,1800.0,371.4444,0.0012,True,374.0,60.0,6,False,-0.0333,2.5556,0.4166,2.4998,0.6684,0.0
2000,10,161,0.5,5,0.0,3,371.4432,1787.5,371.4688,0.0256,True,374.0,71.0,7,False,-0.0408,2.5312,0.4127,2.4761,0.6621,0.0
2000,10,161,0.5,5,0.0,4,371.4432,1800.0,371.4444,0.0012,True,374.0,60.0,6,False,-0.0333,2.5556,0.4166,2.4998,0.6684,0.0
2000,10,161,0.5,5,0.0,5,371.4432,1812.5,371.4965,0.0533,True,374.0,82.0,8,False,-0.0468,2.5035,0.407,2.4423,0.653,0.0
2000,10,161,0.5,5,0.0,6,371.4432,1800.0,371.4444,0.0012,True,374.0,60.0,6,False,-0.0333,2.5556,0.4166,2.4998,0.6684,0.0
2000,10,161,0.5,5,0.0,7,371.4432,1825.0,371.625,0.1818,True,374.0,71.0,7,False,-0.039,2.375,0.3881,2.3285,0.6226,0.0
2000,10,161,0.5,5,0.0,8,371.4432,1850.0,372.1111,0.6679,False,374.0,49.0,5,False,-0.0224,1.8889,0.3116,1.8699,0.5,0.0
2000,10,161,0.5,5,0.0,9,371.4432,1787.5,371.4688,0.0256,True,374.0,71.0,7,False,-0.0408,2.5312,0.4127,2.4761,0.6621,0.0
2000,10,161,0.5,5,0.0,10,371.4432,1787.5,371.4688,0.0256,True,374.0,71.0,7,False,-0.0408,2.5312,0.4127,2.4761,0.6621,0.0
2000,10,161,0.5,5,0.0,11,371.4432,1825.0,371.625,0.1818,True,374.0,71.0,7,False,-0.039,2.375,0.3881,2.3285,0.6226,0.0
2000,10,161,0.5,5,0.0,12,371.4432,1800.0,371.4444,0.0012,True,374.0,60.0,6,False,-0.0333,2.5556,0.4166,2.4998,0.6684,0.0
2000,10,161,0.5,5,0.0,13,371.4432,1775.0,371.5694,0.1262,True,374.0,82.0,8,False,-0.0413,2.4306,0.3909,2.3454,0.6271,0.0
2000,10,161,0.5,5,0.0,14,371.4432,1800.0,371.4444,0.0012,True,374.0,60.0,6,False,-0.0333,2.5556,0.4166,2.4998,0.6684,0.0
2000,10,161,0.5,5,0.0,15,371.4432,1825.0,371.625,0.1818,True,374.0,71.0,7,False,-0.039,2.375,0.3881,2.3285,0.6226,0.0
2000,10,161,0.5,5,0.0,16,371.4432,1825.0,371.625,0.1818,True,374.0,71.0,7,False,-0.039,2.375,0.3881,2.3285,0.6226,0.0
2000,10,161,0.5,5,0.0,17,371.4432,1825.0,371.625,0.1818,True,374.0,71.0,7,False,-0.039,2.375,0.3881,2.3285,0.6226,0.0
2000,10,161,0.5,5,0.0,18,371.4432,1787.5,371.4688,0.0256,True,374.0,71.0,7,False,-0.0408,2.5312,0.4127,2.4761,0.6621,0.0
2000,10,161,0.5,5,0.0,19,371.4432,1825.0,371.625,0.1818,True,374.0,71.0,7,False,-0.039,2.375,0.3881,2.3285,0.6226,0.0
2000,10,161,0.5,5,0.0,20,371.4432,1825.0,371.625,0.1818,True,374.0,71.0,7,False,-0.039,2.375,0.3881,2.3285,0.6226,0.0
2000,10,161,0.5,5,0.0,21,371.4432,1800.0,371.4444,0.0012,True,374.0,60.0,6,False,-0.0333,2.5556,0.4166,2.4998,0.6684,0.0
2000,10,161,0.5,5,0.0,22,371.4432,1800.0,371.4444,0.0012,True,374.0,60.0,6,False,-0.0333,2.5556,0.4166,2.4998,0.6684,0.0
2000,10,161,0.5,5,0.0,23,371.4432,1800.0,371.4444,0.0012,True,374.0,60.0,6,False,-0.0333,2.5556,0.4166,2.4998,0.6684,0.0
2000,10,161,0.5,5,0.0,24,371.4432,1850.0,372.1111,0.6679,False,374.0,49.0,5,False,-0.0224,1.8889,0.3116,1.8699,0.5,0.0
2000,10,161,0.5,5,0.0,25,371.4432,1800.0,371.4444,0.0012,True,374.0,60.0,6,False,-0.0333,2.5556,0.4166,2.4998,0.6684,0.0
2000,10,161,0.5,5,0.0,26,371.4432,1800.0,371.4444,0.0012,True,374.0,60.0,6,False,-0.0333,2.5556,0.4166,2.4998,0.6684,0.0
2000,10,161,0.5,5,0.0,27,371.4432,1800.0,371.4444,0.0012,True,374.0,60.0,6,False,-0.0333,2.5556,0.4166,2.4998,0.6684,0.0
2000,10,161,0.5,5,0.0,28,371.4432,1812.5,371.4965,0.0533,True,374.0,82.0,8,False,-0.0449,2.5035,0.4051,2.4309,0.65,0.0
2000,10,161,0.5,5,0.0,29,371.4432,1800.0,371.4444,0.0012,True,374.0,60.0,6,False,-0.0333,2.5556,0.4166,2.4998,0.6684,0.0
2000,10,161,0.5,5,0.5,0,371.4432,1850.0,372.1111,0.6679,False,374.0,49.0,5,False,-0.0224,1.8889,0.3116,1.8699,0.5,0.0
2000,10,161,0.5,5,0.5,1,371.4432,1800.0,371.4444,0.0012,True,374.0,60.0,6,False,-0.0333,2.5556,0.4166,2.4998,0.6684,0.0
2000,10,161,0.5,5,0.5,2,371.4432,1800.0,371.4444,0.0012,True,374.0,60.0,6,False,-0.0333,2.5556,0.4166,2.4998,0.6684,0.0
2000,10,161,0.5,5,0.5,3,371.4432,1800.0,371.4444,0.0012,True,374.0,60.0,6,False,-0.0333,2.5556,0.4166,2.4998,0.6684,0.0
2000,10,161,0.5,5,0.5,4,371.4432,1850.0,372.1111,0.6679,False,374.0,49.0,5,False,-0.0224,1.8889,0.3116,1.8699,0.5,0.0
2000,10,161,0.5,5,0.5,5,371.4432,1800.0,371.4444,0.0012,True,374.0,60.0,6,False,-0.0333,2.5556,0.4166,2.4998,0.6684,0.0
2000,10,161,0.5,5,0.5,6,371.4432,1800.0,371.4444,0.0012,True,374.0,60.0,6,False,-0.0333,2.5556,0.4166,2.4998,0.6684,0.0
2000,10,161,0.5,5,0.5,7,371.4432,1800.0,371.4444,0.0012,True,374.0,60.0,6,False,-0.0333,2.5556,0.4166,2.4998,0.6684,0.0
2000,10,161,0.5,5,0.5,8,371.4432,1850.0,372.1111,0.6679,False,374.0,49.0,5,False,-0.0224,1.8889,0.3116,1.8699,0.5,0.0
2000,10,161,0.5,5,0.5,9,371.4432,1850.0,372.1111,0.6679,False,374.0,49.0,5,False,-0.0224,1.8889,0.3116,1.8699,0.5,0.0
2000,10,161,0.5,5,0.5,10,371.4432,1800.0,371.4444,0.0012,True,374.0,60.0,6,False,-0.0333,2.5556,0.4166,2.4998,0.6684,0.0
2000,10,161,0.5,5,0.5,11,371.4432,1850.0,372.1111,0.6679,False,374.0,49.0,5,False,-0.0224,1.8889,0.3116,1.8699,0.5,0.0
2000,10,161,0.5,5,0.5,12,371.4432,1800.0,371.4444,0.0012,True,374.0,60.0,6,False,-0.0333,2.5556,0.4166,2.4998,0.6684,0.0
2000,10,161,0.5,5,0.5,13,371.4432,1850.0,372.1111,0.6679,False,374.0,49.0,5,False,-0.0224,1.8889,0.3116,1.8699,0.5,0.0
2000,10,161,0.5,5,0.5,14,371.4432,1850.0,372.1111,0.6679,False,374.0,49.0,5,False,-0.0224,1.8889,0.3116,1.8699,0.5,0.0
2000,10,161,0.5,5,0.5,15,371.4432,1800.0,371.4444,0.0012,True,374.0,60.0,6,False,-0.0333,2.5556,0.4166,2.4998,0.6684,0.0
2000,10,161,0.5,5,0.5,16,371.4432,1837.5,371.8299,0.3867,True,374.0,60.0,6,False,-0.0295,2.1701,0.3552,2.131,0.5698,0.0
2000,10,161,0.5,5,0.5,17,371.4432,1800.0,371.4444,0.0012,True,374.0,60.0,6,False,-0.0333,2.5556,0.4166,2.4998,0.6684,0.0
2000,10,161,0.5,5,0.5,18,371.4432,1800.0,371.4444,0.0012,True,374.0,60.0,6,False,-0.0333,2.5556,0.4166,2.4998,0.6684,0.0
2000,10,161,0.5,5,0.5,19,371.4432,1850.0,372.1111,0.6679,False,374.0,49.0,5,False,-0.0224,1.8889,0.3116,1.8699,0.5,0.0
2000,10,161,0.5,5,0.5,20,371.4432,1800.0,371.4444,0.0012,True,374.0,60.0,6,False,-0.0333,2.5556,0.4166,2.4998,0.6684,0.0
2000,10,161,0.5,5,0.5,21,371.4432,1800.0,371.4444,0.0012,True,374.0,60.0,6,False,-0.0333,2.5556,0.4166,2.4998,0.6684,0.0
2000,10,161,0.5,5,0.5,22,371.4432,1800.0,371.4444,0.0012,True,374.0,60.0,6,False,-0.0333,2.5556,0.4166,2.4998,0.6684,0.0
2000,10,161,0.5,5,0.5,23,371.4432,1800.0,371.4444,0.0012,True,374.0,60.0,6,False,-0.0333,2.5556,0.4166,2.4998,0.6684,0.0
2000,10,161,0.5,5,0.5,24,371.4432,1850.0,372.1111,0.6679,False,374.0,49.0,5,False,-0.0224,1.8889,0.3116,1.8699,0.5,0.0
2000,10,161,0.5,5,0.5,25,371.4432,1800.0,371.4444,0.0012,True,374.0,60.0,6,False,-0.0333,2.5556,0.4166,2.4998,0.6684,0.0
2000,10,161,0.5,5,0.5,26,371.4432,1800.0,371.4444,0.0012,True,374.0,60.0,6,False,-0.0333,2.5556,0.4166,2.4998,0.6684,0.0
2000,10,161,0.5,5,0.5,27,371.4432,1800.0,371.4444,0.0012,True,374.0,60.0,6,False,-0.0333,2.5556,0.4166,2.4998,0.6684,0.0
2000,10,161,0.5,5,0.5,28,371.4432,1850.0,372.1111,0.6679,False,374.0,49.0,5,False,-0.0224,1.8889,0.3116,1.8699,0.5,0.0
2000,10,161,0.5,5,0.5,29,371.4432,1800.0,371.4444,0.0012,True,374.0,60.0,6,False,-0.0333,2.5556,0.4166,2.4998,0.6684,0.0
2000,10,161,0.5,10,0.0,0,371.4432,1800.0,371.4444,0.0012,True,374.0,90.0,6,False,-0.0491,2.5556,0.4111,2.4666,0.6595,0.0
2000,10,161,0.5,10,0.0,1,371.4432,1800.0,371.4444,0.0012,True,374.0,90.0,6,False,-0.0491,2.5556,0.4111,2.4666,0.6595,0.0
2000,10,161,0.5,10,0.0,2,371.4432,1800.0,371.4444,0.0012,True,374.0,90.0,6,False,-0.0491,2.5556,0.4111,2.4666,0.6595,0.0
2000,10,161,0.5,10,0.0,3,371.4432,1787.5,371.4688,0.0256,True,374.0,106.0,7,False,-0.0599,2.5312,0.4072,2.4433,0.6533,0.0
2000,10,161,0.5,10,0.0,4,371.4432,1787.5,371.4688,0.0256,True,374.0,106.0,7,False,-0.0599,2.5312,0.4072,2.4433,0.6533,0.0
2000,10,161,0.5,10,0.0,5,371.4432,1787.5,371.4688,0.0256,True,374.0,106.0,7,False,-0.0599,2.5312,0.4072,2.4433,0.6533,0.0
2000,10,161,0.5,10,0.0,6,371.4432,1787.5,371.4688,0.0256,True,374.0,106.0,7,False,-0.0599,2.5312,0.4072,2.4433,0.6533,0.0
2000,10,161,0.5,10,0.0,7,371.4432,1787.5,371.4688,0.0256,True,374.0,154.0,10,False,-0.0908,2.5312,0.4044,2.4261,0.6487,0.0
2000,10,161,0.5,10,0.0,8,371.4432,1800.0,371.4444,0.0012,True,374.0,90.0,6,False,-0.0491,2.5556,0.4111,2.4666,0.6595,0.0
2000,10,161,0.5,10,0.0,9,371.4432,1825.0,371.625,0.1818,True,374.0,106.0,7,False,-0.0574,2.375,0.3833,2.3,0.615,0.0
2000,10,161,0.5,10,0.0,10,371.4432,1775.0,371.5694,0.1262,True,374.0,122.0,8,False,-0.07,2.4306,0.3927,2.356,0.63,0.0
2000,10,161,0.5,10,0.0,11,371.4432,1800.0,371.4444,0.0012,True,374.0,90.0,6,False,-0.0491,2.5556,0.4111,2.4666,0.6595,0.0
2000,10,161,0.5,10,0.0,12,371.4432,1812.5,371.4965,0.0533,True,374.0,122.0,8,False,-0.0687,2.5035,0.4011,2.4068,0.6435,0.0
2000,10,161,0.5,10,0.0,13,371.4432,1800.0,371.4444,0.0012,True,374.0,90.0,6,False,-0.0491,2.5556,0.4111,2.4666,0.6595,0.0
2000,10,161,0.5,10,0.0,14,371.4432,1775.0,371.5694,0.1262,True,374.0,122.0,8,False,-0.07,2.4306,0.3927,2.356,0.63,0.0
2000,10,161,0.5,10,0.0,15,371.4432,1800.0,371.4444,0.0012,True,374.0,90.0,6,False,-0.0491,2.5556,0.4111,2.4666,0.6595,0.0
2000,10,161,0.5,10,0.0,16,371.4432,1825.0,371.625,0.1818,True,374.0,106.0,7,False,-0.0574,2.375,0.3833,2.3,0.615,0.0
2000,10,161,0.5,10,0.0,17,371.4432,1787.5,371.4688,0.0256,True,374.0,106.0,7,False,-0.0599,2.5312,0.4072,2.4433,0.6533,0.0
2000,10,161,0.5,10,0.0,18,371.4432,1812.5,371.4965,0.0533,True,374.0,122.0,8,False,-0.0687,2.5035,0.4011,2.4068,0.6435,0.0
2000,10,161,0.5,10,0.0,19,371.4432,1787.5,371.4688,0.0256,True,374.0,106.0,7,False,-0.0599,2.5312,0.4072,2.4433,0.6533,0.0
2000,10,161,0.5,10,0.0,20,371.4432,1800.0,371.4444,0.0012,True,374.0,90.0,6,False,-0.0491,2.5556,0.4111,2.4666,0.6595,0.0
2000,10,161,0.5,10,0.0,21,371.4432,1825.0,371.625,0.1818,True,374.0,106.0,7,False,-0.0574,2.375,0.3833,2.3,0.615,0.0
2000,10,161,0.5,10,0.0,22,371.4432,1800.0,371.4444,0.0012,True,374.0,90.0,6,False,-0.0491,2.5556,0.4111,2.4666,0.6595,0.0
2000,10,161,0.5,10,0.0,23,371.4432,1800.0,371.4444,0.0012,True,374.0,90.0,6,False,-0.0491,2.5556,0.4111,2.4666,0.6595,0.0
2000,10,161,0.5,10,0.0,24,371.4432,1800.0,371.4444,0.0012,True,374.0,90.0,6,False,-0.0491,2.5556,0.4111,2.4666,0.6595,0.0
2000,10,161,0.5,10,0.0,25,371.4432,1800.0,371.4444,0.0012,True,374.0,90.0,6,False,-0.0491,2.5556,0.4111,2.4666,0.6595,0.0
2000,10,161,0.5,10,0.0,26,371.4432,1800.0,371.4444,0.0012,True,374.0,90.0,6,False,-0.0491,2.5556,0.4111,2.4666,0.6595,0.0
2000,10,161,0.5,10,0.0,27,371.4432,1787.5,371.4688,0.0256,True,374.0,106.0,7,False,-0.0599,2.5312,0.4072,2.4433,0.6533,0.0
2000,10,161,0.5,10,0.0,28,371.4432,1825.0,371.625,0.1818,True,374.0,106.0,7,False,-0.0574,2.375,0.3833,2.3,0.615,0.0
2000,10,161,0.5,10,0.0,29,371.4432,1787.5,371.4688,0.0256,True,374.0,106.0,7,False,-0.0599,2.5312,0.4072,2.4433,0.6533,0.0
2000,10,161,0.5,10,0.5,0,371.4432,1800.0,371.4444,0.0012,True,374.0,90.0,6,False,-0.0491,2.5556,0.4111,2.4666,0.6595,0.0
2000,10,161,0.5,10,0.5,1,371.4432,1800.0,371.4444,0.0012,True,374.0,90.0,6,False,-0.0491,2.5556,0.4111,2.4666,0.6595,0.0
2000,10,161,0.5,10,0.5,2,371.4432,1800.0,371.4444,0.0012,True,374.0,90.0,6,False,-0.0491,2.5556,0.4111,2.4666,0.6595,0.0
2000,10,161,0.5,10,0.5,3,371.4432,1800.0,371.4444,0.0012,True,374.0,90.0,6,False,-0.0491,2.5556,0.4111,2.4666,0.6595,0.0
2000,10,161,0.5,10,0.5,4,371.4432,1800.0,371.4444,0.0012,True,374.0,90.0,6,False,-0.0491,2.5556,0.4111,2.4666,0.6595,0.0
2000,10,161,0.5,10,0.5,5,371.4432,1800.0,371.4444,0.0012,True,374.0,90.0,6,False,-0.0491,2.5556,0.4111,2.4666,0.6595,0.0
2000,10,161,0.5,10,0.5,6,371.4432,1800.0,371.4444,0.0012,True,374.0,90.0,6,False,-0.0491,2.5556,0.4111,2.4666,0.6595,0.0
2000,10,161,0.5,10,0.5,7,371.4432,1800.0,371.4444,0.0012,True,374.0,90.0,6,False,-0.0491,2.5556,0.4111,2.4666,0.6595,0.0
2000,10,161,0.5,10,0.5,8,371.4432,1800.0,371.4444,0.0012,True,374.0,90.0,6,False,-0.0491,2.5556,0.4111,2.4666,0.6595,0.0
2000,10,161,0.5,10,0.5,9,371.4432,1800.0,371.4444,0.0012,True,374.0,90.0,6,False,-0.0491,2.5556,0.4111,2.4666,0.6595,0.0
2000,10,161,0.5,10,0.5,10,371.4432,1800.0,371.4444,0.0012,True,374.0,90.0,6,False,-0.0491,2.5556,0.4111,2.4666,0.6595,0.0
2000,10,161,0.5,10,0.5,11,371.4432,1800.0,371.4444,0.0012,True,374.0,90.0,6,False,-0.0491,2.5556,0.4111,2.4666,0.6595,0.0
2000,10,161,0.5,10,0.5,12,371.4432,1850.0,372.1111,0.6679,False,374.0,74.0,5,False,-0.0331,1.8889,0.3092,1.8554,0.4961,0.0
2000,10,161,0.5,10,0.5,13,371.4432,1800.0,371.4444,0.0012,True,374.0,90.0,6,False,-0.0491,2.5556,0.4111,2.4666,0.6595,0.0
2000,10,161,0.5,10,0.5,14,371.4432,1800.0,371.4444,0.0012,True,374.0,90.0,6,False,-0.0491,2.5556,0.4111,2.4666,0.6595,0.0
2000,10,161,0.5,10,0.5,15,371.4432,1800.0,371.4444,0.0012,True,374.0,90.0,6,False,-0.0491,2.5556,0.4111,2.4666,0.6595,0.0
2000,10,161,0.5,10,0.5,16,371.4432,1800.0,371.4444,0.0012,True,374.0,90.0,6,False,-0.0491,2.5556,0.4111,2.4666,0.6595,0.0
2000,10,161,0.5,10,0.5,17,371.4432,1850.0,372.1111,0.6679,False,374.0,74.0,5,False,-0.0331,1.8889,0.3092,1.8554,0.4961,0.0
2000,10,161,0.5,10,0.5,18,371.4432,1800.0,371.4444,0.0012,True,374.0,90.0,6,False,-0.0491,2.5556,0.4111,2.4666,0.6595,0.0
2000,10,161,0.5,10,0.5,19,371.4432,1800.0,371.4444,0.0012,True,374.0,90.0,6,False,-0.0491,2.5556,0.4111,2.4666,0.6595,0.0
2000,10,161,0.5,10,0.5,20,371.4432,1800.0,371.4444,0.0012,True,374.0,90.0,6,False,-0.0491,2.5556,0.4111,2.4666,0.6595,0.0
2000,10,161,0.5,10,0.5,21,371.4432,1837.5,371.8299,0.3867,True,374.0,90.0,6,False,-0.0435,2.1701,0.3511,2.1065,0.5632,0.0
2000,10,161,0.5,10,0.5,22,371.4432,1800.0,371.4444,0.0012,True,374.0,90.0,6,False,-0.0491,2.5556,0.4111,2.4666,0.6595,0.0
2000,10,161,0.5,10,0.5,23,371.4432,1800.0,371.4444,0.0012,True,374.0,90.0,6,False,-0.0491,2.5556,0.4111,2.4666,0.6595,0.0
2000,10,161,0.5,10,0.5,24,371.4432,1800.0,371.4444,0.0012,True,374.0,90.0,6,False,-0.0491,2.5556,0.4111,2.4666,0.6595,0.0
2000,10,161,0.5,10,0.5,25,371.4432,1800.0,371.4444,0.0012,True,374.0,90.0,6,False,-0.0491,2.5556,0.4111,2.4666,0.6595,0.0
2000,10,161,0.5,10,0.5,26,371.4432,1800.0,371.4444,0.0012,True,374.0,90.0,6,False,-0.0491,2.5556,0.4111,2.4666,0.6595,0.0
2000,10,161,0.5,10,0.5,27,371.4432,1850.0,372.1111,0.6679,False,374.0,74.0,5,False,-0.0331,1.8889,0.3092,1.8554,0.4961,0.0
2000,10,161,0.5,10,0.5,28,371.4432,1800.0,371.4444,0.0012,True,374.0,90.0,6,False,-0.0491,2.5556,0.4111,2.4666,0.6595,0.0
2000,10,161,0.5,10,0.5,29,371.4432,1850.0,372.1111,0.6679,False,374.0,74.0,5,False,-0.0331,1.8889,0.3092,1.8554,0.4961,0.0
2000,10,161,1.0,2,0.0,0,371.4432,1825.0,371.625,0.1818,True,374.0,50.0,7,False,-0.028,2.375,0.3909,2.3455,0.6271,0.0
2000,10,161,1.0,2,0.0,1,371.4432,1850.0,372.1111,0.6679,False,374.0,34.0,5,False,-0.016,1.8889,0.3131,1.8785,0.5023,0.0
2000,10,161,1.0,2,0.0,2,371.4432,1900.0,374.0,2.5568,False,374.0,18.0,3,False,-0.0052,0.0,0.0055,0.033,0.0088,0.0
2000,10,161,1.0,2,0.0,3,371.4432,1750.0,372.0,0.5568,False,374.0,50.0,7,False,-0.023,2.0,0.3284,1.9704,0.5268,0.0
2000,10,161,1.0,2,0.0,4,371.4432,1787.5,371.4688,0.0256,True,374.0,50.0,7,False,-0.0293,2.5312,0.416,2.4958,0.6673,0.0
2000,10,161,1.0,2,0.0,5,371.4432,1787.5,371.4688,0.0256,True,374.0,50.0,7,False,-0.0293,2.5312,0.416,2.4958,0.6673,0.0
2000,10,161,1.0,2,0.0,6,371.4432,1900.0,374.0,2.5568,False,374.0,18.0,3,False,-0.0052,0.0,0.0055,0.033,0.0088,0.0
2000,10,161,1.0,2,0.0,7,371.4432,1900.0,374.0,2.5568,False,374.0,18.0,3,False,-0.0052,0.0,0.0055,0.033,0.0088,0.0
2000,10,161,1.0,2,0.0,8,371.4432,1850.0,372.1111,0.6679,False,374.0,34.0,5,False,-0.016,1.8889,0.3131,1.8785,0.5023,0.0
2000,10,161,1.0,2,0.0,9,371.4432,1850.0,372.1111,0.6679,False,374.0,34.0,5,False,-0.016,1.8889,0.3131,1.8785,0.5023,0.0
2000,10,161,1.0,2,0.0,10,371.4432,1762.5,371.7465,0.3033,True,374.0,66.0,9,False,-0.0343,2.2535,0.3684,2.2103,0.591,0.0
2000,10,161,1.0,2,0.0,11,371.4432,1825.0,371.625,0.1818,True,374.0,50.0,7,False,-0.028,2.375,0.3909,2.3455,0.6271,0.0
2000,10,161,1.0,2,0.0,12,371.4432,1850.0,372.1111,0.6679,False,374.0,34.0,5,False,-0.016,1.8889,0.3131,1.8785,0.5023,0.0
2000,10,161,1.0,2,0.0,13,371.4432,1825.0,371.625,0.1818,True,374.0,50.0,7,False,-0.0266,2.375,0.3895,2.3372,0.6249,0.0
2000,10,161,1.0,2,0.0,14,371.4432,1850.0,372.1111,0.6679,False,374.0,34.0,5,False,-0.016,1.8889,0.3131,1.8785,0.5023,0.0
2000,10,161,1.0,2,0.0,15,371.4432,1850.0,372.1111,0.6679,False,374.0,34.0,5,False,-0.016,1.8889,0.3131,1.8785,0.5023,0.0
2000,10,161,1.0,2,0.0,16,371.4432,1825.0,371.625,0.1818,True,374.0,50.0,7,False,-0.028,2.375,0.3909,2.3455,0.6271,0.0
2000,10,161,1.0,2,0.0,17,371.4432,1800.0,371.4444,0.0012,True,374.0,42.0,6,False,-0.0239,2.5556,0.42,2.5197,0.6737,0.0
2000,10,161,1.0,2,0.0,18,371.4432,1850.0,372.1111,0.6679,False,374.0,34.0,5,False,-0.016,1.8889,0.3131,1.8785,0.5023,0.0
2000,10,161,1.0,2,0.0,19,371.4432,1837.5,371.8299,0.3867,True,374.0,42.0,6,False,-0.0211,2.1701,0.3576,2.1457,0.5737,0.0
2000,10,161,1.0,2,0.0,20,371.4432,1825.0,371.625,0.1818,True,374.0,50.0,7,False,-0.028,2.375,0.3909,2.3455,0.6271,0.0
2000,10,161,1.0,2,0.0,21,371.4432,1800.0,371.4444,0.0012,True,374.0,42.0,6,False,-0.0239,2.5556,0.42,2.5197,0.6737,0.0
2000,10,161,1.0,2,0.0,22,371.4432,1750.0,372.0,0.5568,False,374.0,50.0,7,False,-0.023,2.0,0.3284,1.9704,0.5268,0.0
2000,10,161,1.0,2,0.0,23,371.4432,1750.0,372.0,0.5568,False,374.0,50.0,7,False,-0.023,2.0,0.3284,1.9704,0.5268,0.0
2000,10,161,1.0,2,0.0,24,371.4432,1825.0,371.625,0.1818,True,374.0,50.0,7,False,-0.028,2.375,0.3909,2.3455,0.6271,0.0
2000,10,161,1.0,2,0.0,25,371.4432,1800.0,371.4444,0.0012,True,374.0,42.0,6,False,-0.0239,2.5556,0.42,2.5197,0.6737,0.0
2000,10,161,1.0,2,0.0,26,371.4432,1800.0,371.4444,0.0012,True,374.0,42.0,6,False,-0.0239,2.5556,0.42,2.5197,0.6737,0.0
2000,10,161,1.0,2,0.0,27,371.4432,1787.5,371.4688,0.0256,True,374.0,50.0,7,False,-0.0293,2.5312,0.416,2.4958,0.6673,0.0
2000,10,161,1.0,2,0.0,28,371.4432,1887.5,373.4132,1.97,False,374.0,26.0,4,False,-0.0074,0.5868,0.1012,0.6071,0.1623,0.0
2000,10,161,1.0,2,0.0,29,371.4432,1850.0,372.1111,0.6679,False,374.0,34.0,5,False,-0.016,1.8889,0.3131,1.8785,0.5023,0.0
2000,10,161,1.0,2,0.5,0,371.4432,1800.0,371.4444,0.0012,True,374.0,42.0,6,False,-0.0239,2.5556,0.42,2.5197,0.6737,0.0
2000,10,161,1.0,2,0.5,1,371.4432,1850.0,372.1111,0.6679,False,374.0,34.0,5,False,-0.016,1.8889,0.3131,1.8785,0.5023,0.0
2000,10,161,1.0,2,0.5,2,371.4432,1900.0,374.0,2.5568,False,374.0,18.0,3,False,-0.0052,0.0,0.0055,0.033,0.0088,0.0
2000,10,161,1.0,2,0.5,3,371.4432,1750.0,372.0,0.5568,False,374.0,50.0,7,False,-0.023,2.0,0.3284,1.9704,0.5268,0.0
2000,10,161,1.0,2,0.5,4,371.4432,1850.0,372.1111,0.6679,False,374.0,34.0,5,False,-0.016,1.8889,0.3131,1.8785,0.5023,0.0
2000,10,161,1.0,2,0.5,5,371.4432,1850.0,372.1111,0.6679,False,374.0,34.0,5,False,-0.016,1.8889,0.3131,1.8785,0.5023,0.0
2000,10,161,1.0,2,0.5,6,371.4432,1900.0,374.0,2.5568,False,374.0,18.0,3,False,-0.0052,0.0,0.0055,0.033,0.0088,0.0
2000,10,161,1.0,2,0.5,7,371.4432,1900.0,374.0,2.5568,False,374.0,18.0,3,False,-0.0052,0.0,0.0055,0.033,0.0088,0.0
2000,10,161,1.0,2,0.5,8,371.4432,1850.0,372.1111,0.6679,False,374.0,34.0,5,False,-0.016,1.8889,0.3131,1.8785,0.5023,0.0
2000,10,161,1.0,2,0.5,9,371.4432,1850.0,372.1111,0.6679,False,374.0,34.0,5,False,-0.016,1.8889,0.3131,1.8785,0.5023,0.0
2000,10,161,1.0,2,0.5,10,371.4432,1825.0,371.625,0.1818,True,374.0,50.0,7,False,-0.0266,2.375,0.3895,2.3372,0.6249,0.0
2000,10,161,1.0,2,0.5,11,371.4432,1850.0,372.1111,0.6679,False,374.0,34.0,5,False,-0.016,1.8889,0.3131,1.8785,0.5023,0.0
2000,10,161,1.0,2,0.5,12,371.4432,1850.0,372.1111,0.6679,False,374.0,34.0,5,False,-0.016,1.8889,0.3131,1.8785,0.5023,0.0
2000,10,161,1.0,2,0.5,13,371.4432,1850.0,372.1111,0.6679,False,374.0,34.0,5,False,-0.016,1.8889,0.3131,1.8785,0.5023,0.0
2000,10,161,1.0,2,0.5,14,371.4432,1850.0,372.1111,0.6679,False,374.0,34.0,5,False,-0.016,1.8889,0.3131,1.8785,0.5023,0.0
2000,10,161,1.0,2,0.5,15,371.4432,1850.0,372.1111,0.6679,False,374.0,34.0,5,False,-0.016,1.8889,0.3131,1.8785,0.5023,0.0
2000,10,161,1.0,2,0.5,16,371.4432,1800.0,371.4444,0.0012,True,374.0,42.0,6,False,-0.0239,2.5556,0.42,2.5197,0.6737,0.0
2000,10,161,1.0,2,0.5,17,371.4432,1800.0,371.4444,0.0012,True,374.0,42.0,6,False,-0.0239,2.5556,0.42,2.5197,0.6737,0.0
2000,10,161,1.0,2,0.5,18,371.4432,1900.0,374.0,2.5568,False,374.0,18.0,3,False,-0.0052,0.0,0.0055,0.033,0.0088,0.0
2000,10,161,1.0,2,0.5,19,371.4432,1850.0,372.1111,0.6679,False,374.0,34.0,5,False,-0.016,1.8889,0.3131,1.8785,0.5023,0.0
2000,10,161,1.0,2,0.5,20,371.4432,1800.0,371.4444,0.0012,True,374.0,42.0,6,False,-0.0239,2.5556,0.42,2.5197,0.6737,0.0
2000,10,161,1.0,2,0.5,21,371.4432,1800.0,371.4444,0.0012,True,374.0,42.0,6,False,-0.0239,2.5556,0.42,2.5197,0.6737,0.0
2000,10,161,1.0,2,0.5,22,371.4432,1800.0,371.4444,0.0012,True,374.0,42.0,6,False,-0.0239,2.5556,0.42,2.5197,0.6737,0.0
2000,10,161,1.0,2,0.5,23,371.4432,1800.0,371.4444,0.0012,True,374.0,42.0,6,False,-0.0239,2.5556,0.42,2.5197,0.6737,0.0
2000,10,161,1.0,2,0.5,24,371.4432,1875.0,372.9028,1.4596,False,374.0,34.0,5,False,-0.0105,1.0972,0.1833,1.0995,0.294,0.0
2000,10,161,1.0,2,0.5,25,371.4432,1800.0,371.4444,0.0012,True,374.0,42.0,6,False,-0.0239,2.5556,0.42,2.5197,0.6737,0.0
2000,10,161,1.0,2,0.5,26,371.4432,1850.0,372.1111,0.6679,False,374.0,34.0,5,False,-0.016,1.8889,0.3131,1.8785,0.5023,0.0
2000,10,161,1.0,2,0.5,27,371.4432,1787.5,371.4688,0.0256,True,374.0,50.0,7,False,-0.0293,2.5312,0.416,2.4958,0.6673,0.0
2000,10,161,1.0,2,0.5,28,371.4432,1887.5,373.4132,1.97,False,374.0,26.0,4,False,-0.0074,0.5868,0.1012,0.6071,0.1623,0.0
2000,10,161,1.0,2,0.5,29,371.4432,1850.0,372.1111,0.6679,False,374.0,34.0,5,False,-0.016,1.8889,0.3131,1.8785,0.5023,0.0
2000,10,161,1.0,5,0.0,0,371.4432,1800.0,371.4444,0.0012,True,374.0,93.0,9,False,-0.0492,2.5556,0.4091,2.4547,0.6563,0.0
2000,10,161,1.0,5,0.0,1,371.4432,1800.0,371.4444,0.0012,True,374.0,60.0,6,False,-0.0333,2.5556,0.4166,2.4998,0.6684,0.0
2000,10,161,1.0,5,0.0,2,371.4432,1800.0,371.4444,0.0012,True,374.0,60.0,6,False,-0.0333,2.5556,0.4166,2.4998,0.6684,0.0
2000,10,161,1.0,5,0.0,3,371.4432,1787.5,371.4688,0.0256,True,374.0,71.0,7,False,-0.0408,2.5312,0.4127,2.4761,0.6621,0.0
2000,10,161,1.0,5,0.0,4,371.4432,1800.0,371.4444,0.0012,True,374.0,60.0,6,False,-0.0333,2.5556,0.4166,2.4998,0.6684,0.0
2000,10,161,1.0,5,0.0,5,371.4432,1775.0,371.5694,0.1262,True,374.0,82.0,8,False,-0.0413,2.4306,0.3909,2.3454,0.6271,0.0
2000,10,161,1.0,5,0.0,6,371.4432,1800.0,371.4444,0.0012,True,374.0,60.0,6,False,-0.0333,2.5556,0.4166,2.4998,0.6684,0.0
2000,10,161,1.0,5,0.0,7,371.4432,1825.0,371.625,0.1818,True,374.0,71.0,7,False,-0.039,2.375,0.3881,2.3285,0.6226,0.0
2000,10,161,1.0,5,0.0,8,371.4432,1850.0,372.1111,0.6679,False,374.0,49.0,5,False,-0.0224,1.8889,0.3116,1.8699,0.5,0.0
2000,10,161,1.0,5,0.0,9,371.4432,1787.5,371.4688,0.0256,True,374.0,71.0,7,False,-0.0408,2.5312,0.4127,2.4761,0.6621,0.0
2000,10,161,1.0,5,0.0,10,371.4432,1787.5,371.4688,0.0256,True,374.0,71.0,7,False,-0.0408,2.5312,0.4127,2.4761,0.6621,0.0
2000,10,161,1.0,5,0.0,11,371.4432,1850.0,372.1111,0.6679,False,374.0,49.0,5,False,-0.0224,1.8889,0.3116,1.8699,0.5,0.0
2000,10,161,1.0,5,0.0,12,371.4432,1800.0,371.4444,0.0012,True,374.0,60.0,6,False,-0.0333,2.5556,0.4166,2.4998,0.6684,0.0
2000,10,161,1.0,5,0.0,13,371.4432,1850.0,372.1111,0.6679,False,374.0,49.0,5,False,-0.0224,1.8889,0.3116,1.8699,0.5,0.0
2000,10,161,1.0,5,0.0,14,371.4432,1825.0,371.625,0.1818,True,374.0,71.0,7,False,-0.039,2.375,0.3881,2.3285,0.6226,0.0
2000,10,161,1.0,5,0.0,15,371.4432,1825.0,371.625,0.1818,True,374.0,71.0,7,False,-0.039,2.375,0.3881,2.3285,0.6226,0.0
2000,10,161,1.0,5,0.0,16,371.4432,1825.0,371.625,0.1818,True,374.0,71.0,7,False,-0.039,2.375,0.3881,2.3285,0.6226,0.0
2000,10,161,1.0,5,0.0,17,371.4432,1825.0,371.625,0.1818,True,374.0,71.0,7,False,-0.039,2.375,0.3881,2.3285,0.6226,0.0
2000,10,161,1.0,5,0.0,18,371.4432,1812.5,371.4965,0.0533,True,374.0,82.0,8,False,-0.0468,2.5035,0.407,2.4423,0.653,0.0
2000,10,161,1.0,5,0.0,19,371.4432,1850.0,372.1111,0.6679,False,374.0,49.0,5,False,-0.0224,1.8889,0.3116,1.8699,0.5,0.0
2000,10,161,1.0,5,0.0,20,371.4432,1825.0,371.625,0.1818,True,374.0,71.0,7,False,-0.039,2.375,0.3881,2.3285,0.6226,0.0
2000,10,161,1.0,5,0.0,21,371.4432,1800.0,371.4444,0.0012,True,374.0,60.0,6,False,-0.0333,2.5556,0.4166,2.4998,0.6684,0.0
2000,10,161,1.0,5,0.0,22,371.4432,1800.0,371.4444,0.0012,True,374.0,60.0,6,False,-0.0333,2.5556,0.4166,2.4998,0.6684,0.0
2000,10,161,1.0,5,0.0,23,371.4432,1800.0,371.4444,0.0012,True,374.0,60.0,6,False,-0.0333,2.5556,0.4166,2.4998,0.6684,0.0
2000,10,161,1.0,5,0.0,24,371.4432,1850.0,372.1111,0.6679,False,374.0,49.0,5,False,-0.0224,1.8889,0.3116,1.8699,0.5,0.0
2000,10,161,1.0,5,0.0,25,371.4432,1800.0,371.4444,0.0012,True,374.0,60.0,6,False,-0.0333,2.5556,0.4166,2.4998,0.6684,0.0
2000,10,161,1.0,5,0.0,26,371.4432,1800.0,371.4444,0.0012,True,374.0,60.0,6,False,-0.0333,2.5556,0.4166,2.4998,0.6684,0.0
2000,10,161,1.0,5,0.0,27,371.4432,1800.0,371.4444,0.0012,True,374.0,60.0,6,False,-0.0333,2.5556,0.4166,2.4998,0.6684,0.0
2000,10,161,1.0,5,0.0,28,371.4432,1850.0,372.1111,0.6679,False,374.0,49.0,5,False,-0.0224,1.8889,0.3116,1.8699,0.5,0.0
2000,10,161,1.0,5,0.0,29,371.4432,1800.0,371.4444,0.0012,True,374.0,60.0,6,False,-0.0333,2.5556,0.4166,2.4998,0.6684,0.0
2000,10,161,1.0,5,0.5,0,371.4432,1850.0,372.1111,0.6679,False,374.0,49.0,5,False,-0.0224,1.8889,0.3116,1.8699,0.5,0.0
2000,10,161,1.0,5,0.5,1,371.4432,1800.0,371.4444,0.0012,True,374.0,60.0,6,False,-0.0333,2.5556,0.4166,2.4998,0.6684,0.0
2000,10,161,1.0,5,0.5,2,371.4432,1900.0,374.0,2.5568,False,374.0,27.0,3,False,-0.0072,0.0,0.0076,0.0454,0.0121,0.0
2000,10,161,1.0,5,0.5,3,371.4432,1800.0,371.4444,0.0012,True,374.0,60.0,6,False,-0.0333,2.5556,0.4166,2.4998,0.6684,0.0
2000,10,161,1.0,5,0.5,4,371.4432,1850.0,372.1111,0.6679,False,374.0,49.0,5,False,-0.0224,1.8889,0.3116,1.8699,0.5,0.0
2000,10,161,1.0,5,0.5,5,371.4432,1825.0,371.625,0.1818,True,374.0,71.0,7,False,-0.039,2.375,0.3881,2.3285,0.6226,0.0
2000,10,161,1.0,5,0.5,6,371.4432,1800.0,371.4444,0.0012,True,374.0,60.0,6,False,-0.0333,2.5556,0.4166,2.4998,0.6684,0.0
2000,10,161,1.0,5,0.5,7,371.4432,1800.0,371.4444,0.0012,True,374.0,60.0,6,False,-0.0333,2.5556,0.4166,2.4998,0.6684,0.0
2000,10,161,1.0,5,0.5,8,371.4432,1850.0,372.1111,0.6679,False,374.0,49.0,5,False,-0.0224,1.8889,0.3116,1.8699,0.5,0.0
2000,10,161,1.0,5,0.5,9,371.4432,1850.0,372.1111,0.6679,False,374.0,49.0,5,False,-0.0224,1.8889,0.3116,1.8699,0.5,0.0
2000,10,161,1.0,5,0.5,10,371.4432,1800.0,371.4444,0.0012,True,374.0,60.0,6,False,-0.0333,2.5556,0.4166,2.4998,0.6684,0.0
2000,10,161,1.0,5,0.5,11,371.4432,1850.0,372.1111,0.6679,False,374.0,49.0,5,False,-0.0224,1.8889,0.3116,1.8699,0.5,0.0
2000,10,161,1.0,5,0.5,12,371.4432,1800.0,371.4444,0.0012,True,374.0,60.0,6,False,-0.0333,2.5556,0.4166,2.4998,0.6684,0.0
2000,10,161,1.0,5,0.5,13,371.4432,1850.0,372.1111,0.6679,False,374.0,49.0,5,False,-0.0224,1.8889,0.3116,1.8699,0.5,0.0
2000,10,161,1.0,5,0.5,14,371.4432,1850.0,372.1111,0.6679,False,374.0,49.0,5,False,-0.0224,1.8889,0.3116,1.8699,0.5,0.0
2000,10,161,1.0,5,0.5,15,371.4432,1787.5,371.4688,0.0256,True,374.0,71.0,7,False,-0.0408,2.5312,0.4127,2.4761,0.6621,0.0
2000,10,161,1.0,5,0.5,16,371.4432,1837.5,371.8299,0.3867,True,374.0,60.0,6,False,-0.0295,2.1701,0.3552,2.131,0.5698,0.0
2000,10,161,1.0,5,0.5,17,371.4432,1825.0,371.625,0.1818,True,374.0,71.0,7,False,-0.039,2.375,0.3881,2.3285,0.6226,0.0
2000,10,161,1.0,5,0.5,18,371.4432,1850.0,372.1111,0.6679,False,374.0,49.0,5,False,-0.0224,1.8889,0.3116,1.8699,0.5,0.0
2000,10,161,1.0,5,0.5,19,371.4432,1850.0,372.1111,0.6679,False,374.0,49.0,5,False,-0.0224,1.8889,0.3116,1.8699,0.5,0.0
2000,10,161,1.0,5,0.5,20,371.4432,1800.0,371.4444,0.0012,True,374.0,60.0,6,False,-0.0333,2.5556,0.4166,2.4998,0.6684,0.0
2000,10,161,1.0,5,0.5,21,371.4432,1800.0,371.4444,0.0012,True,374.0,60.0,6,False,-0.0333,2.5556,0.4166,2.4998,0.6684,0.0
2000,10,161,1.0,5,0.5,22,371.4432,1800.0,371.4444,0.0012,True,374.0,60.0,6,False,-0.0333,2.5556,0.4166,2.4998,0.6684,0.0
2000,10,161,1.0,5,0.5,23,371.4432,1800.0,371.4444,0.0012,True,374.0,60.0,6,False,-0.0333,2.5556,0.4166,2.4998,0.6684,0.0
2000,10,161,1.0,5,0.5,24,371.4432,1850.0,372.1111,0.6679,False,374.0,49.0,5,False,-0.0224,1.8889,0.3116,1.8699,0.5,0.0
2000,10,161,1.0,5,0.5,25,371.4432,1800.0,371.4444,0.0012,True,374.0,60.0,6,False,-0.0333,2.5556,0.4166,2.4998,0.6684,0.0
2000,10,161,1.0,5,0.5,26,371.4432,1850.0,372.1111,0.6679,False,374.0,49.0,5,False,-0.0224,1.8889,0.3116,1.8699,0.5,0.0
2000,10,161,1.0,5,0.5,27,371.4432,1900.0,374.0,2.5568,False,374.0,27.0,3,False,-0.0072,0.0,0.0076,0.0454,0.0121,0.0
2000,10,161,1.0,5,0.5,28,371.4432,1850.0,372.1111,0.6679,False,374.0,49.0,5,False,-0.0224,1.8889,0.3116,1.8699,0.5,0.0
2000,10,161,1.0,5,0.5,29,371.4432,1800.0,371.4444,0.0012,True,374.0,60.0,6,False,-0.0333,2.5556,0.4166,2.4998,0.6684,0.0
2000,10,161,1.0,10,0.0,0,371.4432,1825.0,371.625,0.1818,True,374.0,106.0,7,False,-0.0574,2.375,0.3833,2.3,0.615,0.0
2000,10,161,1.0,10,0.0,1,371.4432,1800.0,371.4444,0.0012,True,374.0,90.0,6,False,-0.0491,2.5556,0.4111,2.4666,0.6595,0.0
2000,10,161,1.0,10,0.0,2,371.4432,1787.5,371.4688,0.0256,True,374.0,106.0,7,False,-0.0599,2.5312,0.4072,2.4433,0.6533,0.0
2000,10,161,1.0,10,0.0,3,371.4432,1787.5,371.4688,0.0256,True,374.0,106.0,7,False,-0.0599,2.5312,0.4072,2.4433,0.6533,0.0
2000,10,161,1.0,10,0.0,4,371.4432,1787.5,371.4688,0.0256,True,374.0,106.0,7,False,-0.0599,2.5312,0.4072,2.4433,0.6533,0.0
2000,10,161,1.0,10,0.0,5,371.4432,1787.5,371.4688,0.0256,True,374.0,106.0,7,False,-0.0599,2.5312,0.4072,2.4433,0.6533,0.0
2000,10,161,1.0,10,0.0,6,371.4432,1787.5,371.4688,0.0256,True,374.0,106.0,7,False,-0.0599,2.5312,0.4072,2.4433,0.6533,0.0
2000,10,161,1.0,10,0.0,7,371.4432,1787.5,371.4688,0.0256,True,374.0,154.0,10,False,-0.0908,2.5312,0.4044,2.4261,0.6487,0.0
2000,10,161,1.0,10,0.0,8,371.4432,1800.0,371.4444,0.0012,True,374.0,90.0,6,False,-0.0491,2.5556,0.4111,2.4666,0.6595,0.0
2000,10,161,1.0,10,0.0,9,371.4432,1750.0,372.0,0.5568,False,374.0,106.0,7,False,-0.0469,2.0,0.3212,1.9273,0.5153,0.0
2000,10,161,1.0,10,0.0,10,371.4432,1775.0,371.5694,0.1262,True,374.0,122.0,8,False,-0.07,2.4306,0.3927,2.356,0.63,0.0
2000,10,161,1.0,10,0.0,11,371.4432,1800.0,371.4444,0.0012,True,374.0,90.0,6,False,-0.0491,2.5556,0.4111,2.4666,0.6595,0.0
2000,10,161,1.0,10,0.0,12,371.4432,1812.5,371.4965,0.0533,True,374.0,122.0,8,False,-0.0687,2.5035,0.4011,2.4068,0.6435,0.0
2000,10,161,1.0,10,0.0,13,371.4432,1800.0,371.4444,0.0012,True,374.0,90.0,6,False,-0.0491,2.5556,0.4111,2.4666,0.6595,0.0
2000,10,161,1.0,10,0.0,14,371.4432,1837.5,371.8299,0.3867,True,374.0,138.0,9,False,-0.0714,2.1701,0.35,2.1,0.5615,0.0
2000,10,161,1.0,10,0.0,15,371.4432,1800.0,371.4444,0.0012,True,374.0,90.0,6,False,-0.0491,2.5556,0.4111,2.4666,0.6595,0.0
2000,10,161,1.0,10,0.0,16,371.4432,1750.0,372.0,0.5568,False,374.0,106.0,7,False,-0.0469,2.0,0.3212,1.9273,0.5153,0.0
2000,10,161,1.0,10,0.0,17,371.4432,1812.5,371.4965,0.0533,True,374.0,122.0,8,False,-0.0687,2.5035,0.4011,2.4068,0.6435,0.0
2000,10,161,1.0,10,0.0,18,371.4432,1812.5,371.4965,0.0533,True,374.0,122.0,8,False,-0.0687,2.5035,0.4011,2.4068,0.6435,0.0
2000,10,161,1.0,10,0.0,19,371.4432,1787.5,371.4688,0.0256,True,374.0,106.0,7,False,-0.0599,2.5312,0.4072,2.4433,0.6533,0.0
2000,10,161,1.0,10,0.0,20,371.4432,1800.0,371.4444,0.0012,True,374.0,90.0,6,False,-0.0491,2.5556,0.4111,2.4666,0.6595,0.0
2000,10,161,1.0,10,0.0,21,371.4432,1825.0,371.625,0.1818,True,374.0,106.0,7,False,-0.0574,2.375,0.3833,2.3,0.615,0.0
2000,10,161,1.0,10,0.0,22,371.4432,1800.0,371.4444,0.0012,True,374.0,90.0,6,False,-0.0491,2.5556,0.4111,2.4666,0.6595,0.0
2000,10,161,1.0,10,0.0,23,371.4432,1800.0,371.4444,0.0012,True,374.0,90.0,6,False,-0.0491,2.5556,0.4111,2.4666,0.6595,0.0
2000,10,161,1.0,10,0.0,24,371.4432,1800.0,371.4444,0.0012,True,374.0,90.0,6,False,-0.0491,2.5556,0.4111,2.4666,0.6595,0.0
2000,10,161,1.0,10,0.0,25,371.4432,1800.0,371.4444,0.0012,True,374.0,90.0,6,False,-0.0491,2.5556,0.4111,2.4666,0.6595,0.0
2000,10,161,1.0,10,0.0,26,371.4432,1800.0,371.4444,0.0012,True,374.0,90.0,6,False,-0.0491,2.5556,0.4111,2.4666,0.6595,0.0
2000,10,161,1.0,10,0.0,27,371.4432,1850.0,372.1111,0.6679,False,374.0,74.0,5,False,-0.0331,1.8889,0.3092,1.8554,0.4961,0.0
2000,10,161,1.0,10,0.0,28,371.4432,1825.0,371.625,0.1818,True,374.0,106.0,7,False,-0.0574,2.375,0.3833,2.3,0.615,0.0
2000,10,161,1.0,10,0.0,29,371.4432,1812.5,371.4965,0.0533,True,374.0,122.0,8,False,-0.0687,2.5035,0.4011,2.4068,0.6435,0.0
2000,10,161,1.0,10,0.5,0,371.4432,1800.0,371.4444,0.0012,True,374.0,90.0,6,False,-0.0491,2.5556,0.4111,2.4666,0.6595,0.0
2000,10,161,1.0,10,0.5,1,371.4432,1800.0,371.4444,0.0012,True,374.0,90.0,6,False,-0.0491,2.5556,0.4111,2.4666,0.6595,0.0
2000,10,161,1.0,10,0.5,2,371.4432,1800.0,371.4444,0.0012,True,374.0,90.0,6,False,-0.0491,2.5556,0.4111,2.4666,0.6595,0.0
2000,10,161,1.0,10,0.5,3,371.4432,1800.0,371.4444,0.0012,True,374.0,90.0,6,False,-0.0491,2.5556,0.4111,2.4666,0.6595,0.0
2000,10,161,1.0,10,0.5,4,371.4432,1850.0,372.1111,0.6679,False,374.0,74.0,5,False,-0.0331,1.8889,0.3092,1.8554,0.4961,0.0
2000,10,161,1.0,10,0.5,5,371.4432,1800.0,371.4444,0.0012,True,374.0,90.0,6,False,-0.0491,2.5556,0.4111,2.4666,0.6595,0.0
2000,10,161,1.0,10,0.5,6,371.4432,1787.5,371.4688,0.0256,True,374.0,106.0,7,False,-0.0599,2.5312,0.4072,2.4433,0.6533,0.0
2000,10,161,1.0,10,0.5,7,371.4432,1800.0,371.4444,0.0012,True,374.0,90.0,6,False,-0.0491,2.5556,0.4111,2.4666,0.6595,0.0
2000,10,161,1.0,10,0.5,8,371.4432,1800.0,371.4444,0.0012,True,374.0,90.0,6,False,-0.0491,2.5556,0.4111,2.4666,0.6595,0.0
2000,10,161,1.0,10,0.5,9,371.4432,1825.0,371.625,0.1818,True,374.0,106.0,7,False,-0.0574,2.375,0.3833,2.3,0.615,0.0
2000,10,161,1.0,10,0.5,10,371.4432,1800.0,371.4444,0.0012,True,374.0,90.0,6,False,-0.0491,2.5556,0.4111,2.4666,0.6595,0.0
2000,10,161,1.0,10,0.5,11,371.4432,1800.0,371.4444,0.0012,True,374.0,90.0,6,False,-0.0491,2.5556,0.4111,2.4666,0.6595,0.0
2000,10,161,1.0,10,0.5,12,371.4432,1850.0,372.1111,0.6679,False,374.0,74.0,5,False,-0.0331,1.8889,0.3092,1.8554,0.4961,0.0
2000,10,161,1.0,10,0.5,13,371.4432,1800.0,371.4444,0.0012,True,374.0,90.0,6,False,-0.0491,2.5556,0.4111,2.4666,0.6595,0.0
2000,10,161,1.0,10,0.5,14,371.4432,1850.0,372.1111,0.6679,False,374.0,74.0,5,False,-0.0331,1.8889,0.3092,1.8554,0.4961,0.0
2000,10,161,1.0,10,0.5,15,371.4432,1800.0,371.4444,0.0012,True,374.0,90.0,6,False,-0.0491,2.5556,0.4111,2.4666,0.6595,0.0
2000,10,161,1.0,10,0.5,16,371.4432,1800.0,371.4444,0.0012,True,374.0,90.0,6,False,-0.0491,2.5556,0.4111,2.4666,0.6595,0.0
2000,10,161,1.0,10,0.5,17,371.4432,1850.0,372.1111,0.6679,False,374.0,74.0,5,False,-0.0331,1.8889,0.3092,1.8554,0.4961,0.0
2000,10,161,1.0,10,0.5,18,371.4432,1800.0,371.4444,0.0012,True,374.0,90.0,6,False,-0.0491,2.5556,0.4111,2.4666,0.6595,0.0
2000,10,161,1.0,10,0.5,19,371.4432,1787.5,371.4688,0.0256,True,374.0,106.0,7,False,-0.0599,2.5312,0.4072,2.4433,0.6533,0.0
2000,10,161,1.0,10,0.5,20,371.4432,1850.0,372.1111,0.6679,False,374.0,74.0,5,False,-0.0331,1.8889,0.3092,1.8554,0.4961,0.0
2000,10,161,1.0,10,0.5,21,371.4432,1837.5,371.8299,0.3867,True,374.0,90.0,6,False,-0.0435,2.1701,0.3511,2.1065,0.5632,0.0
2000,10,161,1.0,10,0.5,22,371.4432,1800.0,371.4444,0.0012,True,374.0,90.0,6,False,-0.0491,2.5556,0.4111,2.4666,0.6595,0.0
2000,10,161,1.0,10,0.5,23,371.4432,1850.0,372.1111,0.6679,False,374.0,74.0,5,False,-0.0331,1.8889,0.3092,1.8554,0.4961,0.0
2000,10,161,1.0,10,0.5,24,371.4432,1800.0,371.4444,0.0012,True,374.0,90.0,6,False,-0.0491,2.5556,0.4111,2.4666,0.6595,0.0
2000,10,161,1.0,10,0.5,25,371.4432,1800.0,371.4444,0.0012,True,374.0,90.0,6,False,-0.0491,2.5556,0.4111,2.4666,0.6595,0.0
2000,10,161,1.0,10,0.5,26,371.4432,1800.0,371.4444,0.0012,True,374.0,90.0,6,False,-0.0491,2.5556,0.4111,2.4666,0.6595,0.0
2000,10,161,1.0,10,0.5,27,371.4432,1850.0,372.1111,0.6679,False,374.0,74.0,5,False,-0.0331,1.8889,0.3092,1.8554,0.4961,0.0
2000,10,161,1.0,10,0.5,28,371.4432,1800.0,371.4444,0.0012,True,374.0,90.0,6,False,-0.0491,2.5556,0.4111,2.4666,0.6595,0.0
2000,10,161,1.0,10,0.5,29,371.4432,1850.0,372.1111,0.6679,False,374.0,74.0,5,False,-0.0331,1.8889,0.3092,1.8554,0.4961,0.0
6000,0,160,0.5,2,0.0,0,335.2677,1800.0,335.5247,0.257,True,335.6364,42.0,6,False,0.0,0.1116,0.0172,0.1032,0.0307,0.5723
6000,0,160,0.5,2,0.0,1,335.2677,1837.5,335.2756,0.0079,True,335.6364,42.0,6,False,-0.003,0.3607,0.0589,0.3532,0.1052,0.0
6000,0,160,0.5,2,0.0,2,335.2677,1850.0,335.2702,0.0025,True,335.6364,34.0,5,False,-0.0022,0.3662,0.0598,0.3589,0.1069,0.0
6000,0,160,0.5,2,0.0,3,335.2677,1850.0,335.2702,0.0025,True,335.6364,34.0,5,False,-0.0022,0.3662,0.0598,0.3589,0.1069,0.0
6000,0,160,0.5,2,0.0,4,335.2677,1800.0,335.5247,0.257,True,335.6364,42.0,6,False,0.0,0.1116,0.0172,0.1032,0.0307,0.5723
6000,0,160,0.5,2,0.0,5,335.2677,1900.0,335.6364,0.3686,True,335.6364,42.0,6,False,-0.0019,0.0,0.002,0.0118,0.0035,0.0
6000,0,160,0.5,2,0.0,6,335.2677,1875.0,335.3757,0.108,True,335.6364,34.0,5,False,-0.0023,0.2607,0.0433,0.2598,0.0774,0.0
6000,0,160,0.5,2,0.0,7,335.2677,1800.0,335.5247,0.257,True,335.6364,42.0,6,False,0.0,0.1116,0.0172,0.1032,0.0307,0.5723
6000,0,160,0.5,2,0.0,8,335.2677,1837.5,335.2756,0.0079,True,335.6364,42.0,6,False,-0.003,0.3607,0.0589,0.3532,0.1052,0.0
6000,0,160,0.5,2,0.0,9,335.2677,1875.0,335.3757,0.108,True,335.6364,42.0,6,False,-0.0022,0.2607,0.0426,0.2559,0.0762,0.0
6000,0,160,0.5,2,0.0,10,335.2677,1875.0,335.3757,0.108,True,335.6364,34.0,5,False,-0.0023,0.2607,0.0433,0.2598,0.0774,0.0
6000,0,160,0.5,2,0.0,11,335.2677,1850.0,335.2702,0.0025,True,335.6364,34.0,5,False,-0.0022,0.3662,0.0598,0.3589,0.1069,0.0
6000,0,160,0.5,2,0.0,12,335.2677,1837.5,335.2756,0.0079,True,335.6364,42.0,6,False,-0.003,0.3607,0.0589,0.3532,0.1052,0.0
6000,0,160,0.5,2,0.0,13,335.2677,1862.5,335.3036,0.0358,True,335.6364,50.0,7,False,-0.003,0.3328,0.0539,0.3232,0.0963,0.0
6000,0,160,0.5,2,0.0,14,335.2677,1850.0,335.2702,0.0025,True,335.6364,34.0,5,False,-0.0022,0.3662,0.0598,0.3589,0.1069,0.0
6000,0,160,0.5,2,0.0,15,335.2677,1875.0,335.3757,0.108,True,335.6364,42.0,6,False,-0.0022,0.2607,0.0426,0.2559,0.0762,0.0
6000,0,160,0.5,2,0.0,16,335.2677,1900.0,335.6364,0.3686,True,335.6364,18.0,3,False,-0.0011,0.0,0.0011,0.0069,0.002,0.0
6000,0,160,0.5,2,0.0,17,335.2677,1800.0,335.5247,0.257,True,335.6364,42.0,6,False,0.0,0.1116,0.0172,0.1032,0.0307,0.5723
6000,0,160,0.5,2,0.0,18,335.2677,1850.0,335.2702,0.0025,True,335.6364,34.0,5,False,-0.0022,0.3662,0.0598,0.3589,0.1069,0.0
6000,0,160,0.5,2,0.0,19,335.2677,1875.0,335.3757,0.108,True,335.6364,34.0,5,False,-0.0023,0.2607,0.0433,0.2598,0.0774,0.0
6000,0,160,0.5,2,0.0,20,335.2677,1900.0,335.6364,0.3686,True,335.6364,18.0,3,False,-0.0011,0.0,0.0011,0.0069,0.002,0.0
6000,0,160,0.5,2,0.0,21,335.2677,1850.0,335.2702,0.0025,True,335.6364,34.0,5,False,-0.0022,0.3662,0.0598,0.3589,0.1069,0.0
6000,0,160,0.5,2,0.0,22,335.2677,1837.5,335.2756,0.0079,True,335.6364,42.0,6,False,-0.003,0.3607,0.0589,0.3532,0.1052,0.0
6000,0,160,0.5,2,0.0,23,335.2677,1875.0,335.3757,0.108,True,335.6364,42.0,6,False,-0.0022,0.2607,0.0426,0.2559,0.0762,0.0
6000,0,160,0.5,2,0.0,24,335.2677,1875.0,335.3757,0.108,True,335.6364,42.0,6,False,-0.0022,0.2607,0.0426,0.2559,0.0762,0.0
6000,0,160,0.5,2,0.0,25,335.2677,1900.0,335.6364,0.3686,True,335.6364,18.0,3,False,-0.0011,0.0,0.0011,0.0069,0.002,0.0
6000,0,160,0.5,2,0.0,26,335.2677,1850.0,335.2702,0.0025,True,335.6364,58.0,8,False,-0.0021,0.3662,0.0572,0.3432,0.1022,0.0
6000,0,160,0.5,2,0.0,27,335.2677,1837.5,335.2756,0.0079,True,335.6364,42.0,6,False,-0.003,0.3607,0.0589,0.3532,0.1052,0.0
6000,0,160,0.5,2,0.0,28,335.2677,1850.0,335.2702,0.0025,True,335.6364,34.0,5,False,-0.0022,0.3662,0.0598,0.3589,0.1069,0.0
6000,0,160,0.5,2,0.0,29,335.2677,1825.0,335.3199,0.0522,True,335.6364,50.0,7,False,-0.0013,0.3165,0.0496,0.2975,0.0886,0.0
6000,0,160,0.5,2,0.5,0,335.2677,1900.0,335.6364,0.3686,True,335.6364,18.0,3,False,-0.0011,0.0,0.0011,0.0069,0.002,0.0
6000,0,160,0.5,2,0.5,1,335.2677,1850.0,335.2702,0.0025,True,335.6364,34.0,5,False,-0.0022,0.3662,0.0598,0.3589,0.1069,0.0
6000,0,160,0.5,2,0.5,2,335.2677,1850.0,335.2702,0.0025,True,335.6364,34.0,5,False,-0.0022,0.3662,0.0598,0.3589,0.1069,0.0
6000,0,160,0.5,2,0.5,3,335.2677,1850.0,335.2702,0.0025,True,335.6364,34.0,5,False,-0.0022,0.3662,0.0598,0.3589,0.1069,0.0
6000,0,160,0.5,2,0.5,4,335.2677,1887.5,335.4866,0.2189,True,335.6364,26.0,4,False,-0.0016,0.1497,0.0255,0.1531,0.0456,0.0
6000,0,160,0.5,2,0.5,5,335.2677,1900.0,335.6364,0.3686,True,335.6364,18.0,3,False,-0.0011,0.0,0.0011,0.0069,0.002,0.0
6000,0,160,0.5,2,0.5,6,335.2677,1900.0,335.6364,0.3686,True,335.6364,18.0,3,False,-0.0011,0.0,0.0011,0.0069,0.002,0.0
6000,0,160,0.5,2,0.5,7,335.2677,1900.0,335.6364,0.3686,True,335.6364,18.0,3,False,-0.0011,0.0,0.0011,0.0069,0.002,0.0
6000,0,160,0.5,2,0.5,8,335.2677,1900.0,335.6364,0.3686,True,335.6364,18.0,3,False,-0.0011,0.0,0.0011,0.0069,0.002,0.0
6000,0,160,0.5,2,0.5,9,335.2677,1900.0,335.6364,0.3686,True,335.6364,18.0,3,False,-0.0011,0.0,0.0011,0.0069,0.002,0.0
6000,0,160,0.5,2,0.5,10,335.2677,1900.0,335.6364,0.3686,True,335.6364,18.0,3,False,-0.0011,0.0,0.0011,0.0069,0.002,0.0
6000,0,160,0.5,2,0.5,11,335.2677,1850.0,335.2702,0.0025,True,335.6364,34.0,5,False,-0.0022,0.3662,0.0598,0.3589,0.1069,0.0
6000,0,160,0.5,2,0.5,12,335.2677,1850.0,335.2702,0.0025,True,335.6364,34.0,5,False,-0.0022,0.3662,0.0598,0.3589,0.1069,0.0
6000,0,160,0.5,2,0.5,13,335.2677,1900.0,335.6364,0.3686,True,335.6364,18.0,3,False,-0.0011,0.0,0.0011,0.0069,0.002,0.0
6000,0,160,0.5,2,0.5,14,335.2677,1850.0,335.2702,0.0025,True,335.6364,34.0,5,False,-0.0022,0.3662,0.0598,0.3589,0.1069,0.0
6000,0,160,0.5,2,0.5,15,335.2677,1900.0,335.6364,0.3686,True,335.6364,18.0,3,False,-0.0011,0.0,0.0011,0.0069,0.002,0.0
6000,0,160,0.5,2,0.5,16,335.2677,1900.0,335.6364,0.3686,True,335.6364,18.0,3,False,-0.0011,0.0,0.0011,0.0069,0.002,0.0
6000,0,160,0.5,2,0.5,17,335.2677,1850.0,335.2702,0.0025,True,335.6364,34.0,5,False,-0.0022,0.3662,0.0598,0.3589,0.1069,0.0
6000,0,160,0.5,2,0.5,18,335.2677,1850.0,335.2702,0.0025,True,335.6364,34.0,5,False,-0.0022,0.3662,0.0598,0.3589,0.1069,0.0
6000,0,160,0.5,2,0.5,19,335.2677,1900.0,335.6364,0.3686,True,335.6364,18.0,3,False,-0.0011,0.0,0.0011,0.0069,0.002,0.0
6000,0,160,0.5,2,0.5,20,335.2677,1900.0,335.6364,0.3686,True,335.6364,18.0,3,False,-0.0011,0.0,0.0011,0.0069,0.002,0.0
6000,0,160,0.5,2,0.5,21,335.2677,1850.0,335.2702,0.0025,True,335.6364,34.0,5,False,-0.0022,0.3662,0.0598,0.3589,0.1069,0.0
6000,0,160,0.5,2,0.5,22,335.2677,1900.0,335.6364,0.3686,True,335.6364,18.0,3,False,-0.0011,0.0,0.0011,0.0069,0.002,0.0
6000,0,160,0.5,2,0.5,23,335.2677,1850.0,335.2702,0.0025,True,335.6364,34.0,5,False,-0.0022,0.3662,0.0598,0.3589,0.1069,0.0
6000,0,160,0.5,2,0.5,24,335.2677,1900.0,335.6364,0.3686,True,335.6364,18.0,3,False,-0.0011,0.0,0.0011,0.0069,0.002,0.0
6000,0,160,0.5,2,0.5,25,335.2677,1900.0,335.6364,0.3686,True,335.6364,18.0,3,False,-0.0011,0.0,0.0011,0.0069,0.002,0.0
6000,0,160,0.5,2,0.5,26,335.2677,1800.0,335.5247,0.257,True,335.6364,42.0,6,False,0.0,0.1116,0.0172,0.1032,0.0307,0.5723
6000,0,160,0.5,2,0.5,27,335.2677,1850.0,335.2702,0.0025,True,335.6364,34.0,5,False,-0.0022,0.3662,0.0598,0.3589,0.1069,0.0
6000,0,160,0.5,2,0.5,28,335.2677,1850.0,335.2702,0.0025,True,335.6364,34.0,5,False,-0.0022,0.3662,0.0598,0.3589,0.1069,0.0
6000,0,160,0.5,2,0.5,29,335.2677,1900.0,335.6364,0.3686,True,335.6364,18.0,3,False,-0.0011,0.0,0.0011,0.0069,0.002,0.0
6000,0,160,0.5,5,0.0,0,335.2677,1900.0,335.6364,0.3686,True,335.6364,27.0,3,False,-0.0015,0.0,0.0016,0.0095,0.0028,0.0
6000,0,160,0.5,5,0.0,1,335.2677,1825.0,335.3199,0.0522,True,335.6364,71.0,7,False,-0.0018,0.3165,0.0483,0.2896,0.0863,0.0
6000,0,160,0.5,5,0.0,2,335.2677,1837.5,335.2756,0.0079,True,335.6364,60.0,6,False,-0.0042,0.3607,0.0582,0.3494,0.1041,0.0
6000,0,160,0.5,5,0.0,3,335.2677,1850.0,335.2702,0.0025,True,335.6364,49.0,5,False,-0.0032,0.3662,0.0592,0.3552,0.1058,0.0
6000,0,160,0.5,5,0.0,4,335.2677,1850.0,335.2702,0.0025,True,335.6364,82.0,8,False,-0.0029,0.3662,0.0556,0.3336,0.0994,0.0
6000,0,160,0.5,5,0.0,5,335.2677,1850.0,335.2702,0.0025,True,335.6364,49.0,5,False,-0.0032,0.3662,0.0592,0.3552,0.1058,0.0
6000,0,160,0.5,5,0.0,6,335.2677,1800.0,335.5247,0.257,True,335.6364,60.0,6,False,0.0,0.1116,0.0166,0.0998,0.0297,0.9815
6000,0,160,0.5,5,0.0,7,335.2677,1850.0,335.2702,0.0025,True,335.6364,49.0,5,False,-0.0032,0.3662,0.0592,0.3552,0.1058,0.0
6000,0,160,0.5,5,0.0,8,335.2677,1900.0,335.6364,0.3686,True,335.6364,27.0,3,False,-0.0015,0.0,0.0016,0.0095,0.0028,0.0
6000,0,160,0.5,5,0.0,9,335.2677,1825.0,335.3199,0.0522,True,335.6364,71.0,7,False,-0.0049,0.3165,0.0514,0.3082,0.0918,0.0
6000,0,160,0.5,5,0.0,10,335.2677,1837.5,335.2756,0.0079,True,335.6364,60.0,6,False,-0.0042,0.3607,0.0582,0.3494,0.1041,0.0
6000,0,160,0.5,5,0.0,11,335.2677,1812.5,335.4029,0.1352,True,335.6364,82.0,8,False,-0.0053,0.2334,0.0388,0.2331,0.0694,0.0
6000,0,160,0.5,5,0.0,12,335.2677,1875.0,335.3757,0.108,True,335.6364,60.0,6,False,-0.0031,0.2607,0.0422,0.2534,0.0755,0.0
6000,0,160,0.5,5,0.0,13,335.2677,1850.0,335.2702,0.0025,True,335.6364,49.0,5,False,-0.0032,0.3662,0.0592,0.3552,0.1058,0.0
6000,0,160,0.5,5,0.0,14,335.2677,1850.0,335.2702,0.0025,True,335.6364,49.0,5,False,-0.0032,0.3662,0.0592,0.3552,0.1058,0.0
6000,0,160,0.5,5,0.0,15,335.2677,1887.5,335.4866,0.2189,True,335.6364,38.0,4,False,-0.0022,0.1497,0.0257,0.154,0.0459,0.0
6000,0,160,0.5,5,0.0,16,335.2677,1862.5,335.3036,0.0358,True,335.6364,71.0,7,False,-0.0042,0.3328,0.0531,0.3187,0.095,0.0
6000,0,160,0.5,5,0.0,17,335.2677,1825.0,335.3199,0.0522,True,335.6364,71.0,7,False,-0.0049,0.3165,0.0514,0.3082,0.0918,0.0
6000,0,160,0.5,5,0.0,18,335.2677,1850.0,335.2702,0.0025,True,335.6364,82.0,8,False,-0.0029,0.3662,0.0556,0.3336,0.0994,0.0
6000,0,160,0.5,5,0.0,19,335.2677,1900.0,335.6364,0.3686,True,335.6364,27.0,3,False,-0.0015,0.0,0.0016,0.0095,0.0028,0.0
6000,0,160,0.5,5,0.0,20,335.2677,1837.5,335.2756,0.0079,True,335.6364,60.0,6,False,-0.0042,0.3607,0.0582,0.3494,0.1041,0.0
6000,0,160,0.5,5,0.0,21,335.2677,1800.0,335.5247,0.257,True,335.6364,60.0,6,False,0.0,0.1116,0.0166,0.0998,0.0297,0.9815
6000,0,160,0.5,5,0.0,22,335.2677,1837.5,335.2756,0.0079,True,335.6364,60.0,6,False,-0.0042,0.3607,0.0582,0.3494,0.1041,0.0
6000,0,160,0.5,5,0.0,23,335.2677,1850.0,335.2702,0.0025,True,335.6364,49.0,5,False,-0.0032,0.3662,0.0592,0.3552,0.1058,0.0
6000,0,160,0.5,5,0.0,24,335.2677,1800.0,335.5247,0.257,True,335.6364,60.0,6,False,0.0,0.1116,0.0166,0.0998,0.0297,0.9815
6000,0,160,0.5,5,0.0,25,335.2677,1900.0,335.6364,0.3686,True,335.6364,27.0,3,False,-0.0015,0.0,0.0016,0.0095,0.0028,0.0
6000,0,160,0.5,5,0.0,26,335.2677,1850.0,335.2702,0.0025,True,335.6364,49.0,5,False,-0.0032,0.3662,0.0592,0.3552,0.1058,0.0
6000,0,160,0.5,5,0.0,27,335.2677,1887.5,335.4866,0.2189,True,335.6364,38.0,4,False,-0.0022,0.1497,0.0257,0.154,0.0459,0.0
6000,0,160,0.5,5,0.0,28,335.2677,1850.0,335.2702,0.0025,True,335.6364,49.0,5,False,-0.0032,0.3662,0.0592,0.3552,0.1058,0.0
6000,0,160,0.5,5,0.0,29,335.2677,1850.0,335.2702,0.0025,True,335.6364,49.0,5,False,-0.0032,0.3662,0.0592,0.3552,0.1058,0.0
6000,0,160,0.5,5,0.5,0,335.2677,1900.0,335.6364,0.3686,True,335.6364,27.0,3,False,-0.0015,0.0,0.0016,0.0095,0.0028,0.0
6000,0,160,0.5,5,0.5,1,335.2677,1887.5,335.4866,0.2189,True,335.6364,38.0,4,False,-0.0022,0.1497,0.0257,0.154,0.0459,0.0
6000,0,160,0.5,5,0.5,2,335.2677,1850.0,335.2702,0.0025,True,335.6364,49.0,5,False,-0.0032,0.3662,0.0592,0.3552,0.1058,0.0
6000,0,160,0.5,5,0.5,3,335.2677,1900.0,335.6364,0.3686,True,335.6364,27.0,3,False,-0.0015,0.0,0.0016,0.0095,0.0028,0.0
6000,0,160,0.5,5,0.5,4,335.2677,1900.0,335.6364,0.3686,True,335.6364,27.0,3,False,-0.0015,0.0,0.0016,0.0095,0.0028,0.0
6000,0,160,0.5,5,0.5,5,335.2677,1850.0,335.2702,0.0025,True,335.6364,49.0,5,False,-0.0032,0.3662,0.0592,0.3552,0.1058,0.0
6000,0,160,0.5,5,0.5,6,335.2677,1900.0,335.6364,0.3686,True,335.6364,27.0,3,False,-0.0015,0.0,0.0016,0.0095,0.0028,0.0
6000,0,160,0.5,5,0.5,7,335.2677,1850.0,335.2702,0.0025,True,335.6364,49.0,5,False,-0.0032,0.3662,0.0592,0.3552,0.1058,0.0
6000,0,160,0.5,5,0.5,8,335.2677,1900.0,335.6364,0.3686,True,335.6364,27.0,3,False,-0.0015,0.0,0.0016,0.0095,0.0028,0.0
6000,0,160,0.5,5,0.5,9,335.2677,1900.0,335.6364,0.3686,True,335.6364,27.0,3,False,-0.0015,0.0,0.0016,0.0095,0.0028,0.0
6000,0,160,0.5,5,0.5,10,335.2677,1900.0,335.6364,0.3686,True,335.6364,27.0,3,False,-0.0015,0.0,0.0016,0.0095,0.0028,0.0
6000,0,160,0.5,5,0.5,11,335.2677,1850.0,335.2702,0.0025,True,335.6364,49.0,5,False,-0.0032,0.3662,0.0592,0.3552,0.1058,0.0
6000,0,160,0.5,5,0.5,12,335.2677,1850.0,335.2702,0.0025,True,335.6364,49.0,5,False,-0.0032,0.3662,0.0592,0.3552,0.1058,0.0
6000,0,160,0.5,5,0.5,13,335.2677,1850.0,335.2702,0.0025,True,335.6364,49.0,5,False,-0.0032,0.3662,0.0592,0.3552,0.1058,0.0
6000,0,160,0.5,5,0.5,14,335.2677,1850.0,335.2702,0.0025,True,335.6364,49.0,5,False,-0.0032,0.3662,0.0592,0.3552,0.1058,0.0
6000,0,160,0.5,5,0.5,15,335.2677,1900.0,335.6364,0.3686,True,335.6364,27.0,3,False,-0.0015,0.0,0.0016,0.0095,0.0028,0.0
6000,0,160,0.5,5,0.5,16,335.2677,1900.0,335.6364,0.3686,True,335.6364,27.0,3,False,-0.0015,0.0,0.0016,0.0095,0.0028,0.0
6000,0,160,0.5,5,0.5,17,335.2677,1900.0,335.6364,0.3686,True,335.6364,27.0,3,False,-0.0015,0.0,0.0016,0.0095,0.0028,0.0
6000,0,160,0.5,5,0.5,18,335.2677,1900.0,335.6364,0.3686,True,335.6364,27.0,3,False,-0.0015,0.0,0.0016,0.0095,0.0028,0.0
6000,0,160,0.5,5,0.5,19,335.2677,1900.0,335.6364,0.3686,True,335.6364,27.0,3,False,-0.0015,0.0,0.0016,0.0095,0.0028,0.0
6000,0,160,0.5,5,0.5,20,335.2677,1900.0,335.6364,0.3686,True,335.6364,27.0,3,False,-0.0015,0.0,0.0016,0.0095,0.0028,0.0
6000,0,160,0.5,5,0.5,21,335.2677,1900.0,335.6364,0.3686,True,335.6364,27.0,3,False,-0.0015,0.0,0.0016,0.0095,0.0028,0.0
6000,0,160,0.5,5,0.5,22,335.2677,1900.0,335.6364,0.3686,True,335.6364,27.0,3,False,-0.0015,0.0,0.0016,0.0095,0.0028,0.0
6000,0,160,0.5,5,0.5,23,335.2677,1900.0,335.6364,0.3686,True,335.6364,27.0,3,False,-0.0015,0.0,0.0016,0.0095,0.0028,0.0
6000,0,160,0.5,5,0.5,24,335.2677,1887.5,335.4866,0.2189,True,335.6364,38.0,4,False,-0.0022,0.1497,0.0257,0.154,0.0459,0.0
6000,0,160,0.5,5,0.5,25,335.2677,1900.0,335.6364,0.3686,True,335.6364,27.0,3,False,-0.0015,0.0,0.0016,0.0095,0.0028,0.0
6000,0,160,0.5,5,0.5,26,335.2677,1850.0,335.2702,0.0025,True,335.6364,49.0,5,False,-0.0032,0.3662,0.0592,0.3552,0.1058,0.0
6000,0,160,0.5,5,0.5,27,335.2677,1900.0,335.6364,0.3686,True,335.6364,27.0,3,False,-0.0015,0.0,0.0016,0.0095,0.0028,0.0
6000,0,160,0.5,5,0.5,28,335.2677,1850.0,335.2702,0.0025,True,335.6364,49.0,5,False,-0.0032,0.3662,0.0592,0.3552,0.1058,0.0
6000,0,160,0.5,5,0.5,29,335.2677,1850.0,335.2702,0.0025,True,335.6364,49.0,5,False,-0.0032,0.3662,0.0592,0.3552,0.1058,0.0
6000,0,160,0.5,10,0.0,0,335.2677,1862.5,335.3036,0.0358,True,335.6364,106.0,7,False,-0.0062,0.3328,0.0519,0.3113,0.0927,0.0
6000,0,160,0.5,10,0.0,1,335.2677,1850.0,335.2702,0.0025,True,335.6364,74.0,5,False,-0.0047,0.3662,0.0582,0.3491,0.104,0.0
6000,0,160,0.5,10,0.0,2,335.2677,1850.0,335.2702,0.0025,True,335.6364,74.0,5,False,-0.0047,0.3662,0.0582,0.3491,0.104,0.0
6000,0,160,0.5,10,0.0,3,335.2677,1825.0,335.3199,0.0522,True,335.6364,106.0,7,False,-0.0072,0.3165,0.0506,0.3035,0.0904,0.0
6000,0,160,0.5,10,0.0,4,335.2677,1875.0,335.3757,0.108,True,335.6364,90.0,6,False,-0.0046,0.2607,0.0415,0.2493,0.0743,0.0
6000,0,160,0.5,10,0.0,5,335.2677,1850.0,335.2702,0.0025,True,335.6364,74.0,5,False,-0.0047,0.3662,0.0582,0.3491,0.104,0.0
6000,0,160,0.5,10,0.0,6,335.2677,1800.0,335.5247,0.257,True,335.6364,90.0,6,False,0.0001,0.1116,0.0157,0.094,0.028,1.7815
6000,0,160,0.5,10,0.0,7,335.2677,1850.0,335.2702,0.0025,True,335.6364,74.0,5,False,-0.0047,0.3662,0.0582,0.3491,0.104,0.0
6000,0,160,0.5,10,0.0,8,335.2677,1800.0,335.5247,0.257,True,335.6364,90.0,6,False,0.0001,0.1116,0.0157,0.094,0.028,1.7815
6000,0,160,0.5,10,0.0,9,335.2677,1875.0,335.3757,0.108,True,335.6364,90.0,6,False,-0.0046,0.2607,0.0415,0.2493,0.0743,0.0
6000,0,160,0.5,10,0.0,10,335.2677,1850.0,335.2702,0.0025,True,335.6364,74.0,5,False,-0.0047,0.3662,0.0582,0.3491,0.104,0.0
6000,0,160,0.5,10,0.0,11,335.2677,1875.0,335.3757,0.108,True,335.6364,90.0,6,False,-0.0046,0.2607,0.0415,0.2493,0.0743,0.0
6000,0,160,0.5,10,0.0,12,335.2677,1850.0,335.2702,0.0025,True,335.6364,74.0,5,False,-0.0047,0.3662,0.0582,0.3491,0.104,0.0
6000,0,160,0.5,10,0.0,13,335.2677,1825.0,335.3199,0.0522,True,335.6364,106.0,7,False,-0.0072,0.3165,0.0506,0.3035,0.0904,0.0
6000,0,160,0.5,10,0.0,14,335.2677,1875.0,335.3757,0.108,True,335.6364,90.0,6,False,-0.0046,0.2607,0.0415,0.2493,0.0743,0.0
6000,0,160,0.5,10,0.0,15,335.2677,1837.5,335.2756,0.0079,True,335.6364,90.0,6,False,-0.0061,0.3607,0.0572,0.3432,0.1022,0.0
6000,0,160,0.5,10,0.0,16,335.2677,1862.5,335.3036,0.0358,True,335.6364,106.0,7,False,-0.0062,0.3328,0.0519,0.3113,0.0927,0.0
6000,0,160,0.5,10,0.0,17,335.2677,1850.0,335.2702,0.0025,True,335.6364,74.0,5,False,-0.0047,0.3662,0.0582,0.3491,0.104,0.0
6000,0,160,0.5,10,0.0,18,335.2677,1875.0,335.3757,0.108,True,335.6364,90.0,6,False,-0.0046,0.2607,0.0415,0.2493,0.0743,0.0
6000,0,160,0.5,10,0.0,19,335.2677,1837.5,335.2756,0.0079,True,335.6364,90.0,6,False,-0.0061,0.3607,0.0572,0.3432,0.1022,0.0
6000,0,160,0.5,10,0.0,20,335.2677,1850.0,335.2702,0.0025,True,335.6364,74.0,5,False,-0.0047,0.3662,0.0582,0.3491,0.104,0.0
6000,0,160,0.5,10,0.0,21,335.2677,1850.0,335.2702,0.0025,True,335.6364,74.0,5,False,-0.0047,0.3662,0.0582,0.3491,0.104,0.0
6000,0,160,0.5,10,0.0,22,335.2677,1850.0,335.2702,0.0025,True,335.6364,122.0,8,False,-0.0043,0.3662,0.0529,0.3177,0.0946,0.0
6000,0,160,0.5,10,0.0,23,335.2677,1850.0,335.2702,0.0025,True,335.6364,74.0,5,False,-0.0047,0.3662,0.0582,0.3491,0.104,0.0
6000,0,160,0.5,10,0.0,24,335.2677,1850.0,335.2702,0.0025,True,335.6364,74.0,5,False,-0.0047,0.3662,0.0582,0.3491,0.104,0.0
6000,0,160,0.5,10,0.0,25,335.2677,1850.0,335.2702,0.0025,True,335.6364,74.0,5,False,-0.0047,0.3662,0.0582,0.3491,0.104,0.0
6000,0,160,0.5,10,0.0,26,335.2677,1837.5,335.2756,0.0079,True,335.6364,90.0,6,False,-0.0061,0.3607,0.0572,0.3432,0.1022,0.0
6000,0,160,0.5,10,0.0,27,335.2677,1862.5,335.3036,0.0358,True,335.6364,106.0,7,False,-0.0062,0.3328,0.0519,0.3113,0.0927,0.0
6000,0,160,0.5,10,0.0,28,335.2677,1850.0,335.2702,0.0025,True,335.6364,74.0,5,False,-0.0047,0.3662,0.0582,0.3491,0.104,0.0
6000,0,160,0.5,10,0.0,29,335.2677,1875.0,335.3757,0.108,True,335.6364,90.0,6,False,-0.0046,0.2607,0.0415,0.2493,0.0743,0.0
6000,0,160,0.5,10,0.5,0,335.2677,1900.0,335.6364,0.3686,True,335.6364,42.0,3,False,-0.0022,0.0,0.0023,0.0138,0.0041,0.0
6000,0,160,0.5,10,0.5,1,335.2677,1850.0,335.2702,0.0025,True,335.6364,74.0,5,False,-0.0047,0.3662,0.0582,0.3491,0.104,0.0
6000,0,160,0.5,10,0.5,2,335.2677,1900.0,335.6364,0.3686,True,335.6364,42.0,3,False,-0.0022,0.0,0.0023,0.0138,0.0041,0.0
6000,0,160,0.5,10,0.5,3,335.2677,1900.0,335.6364,0.3686,True,335.6364,42.0,3,False,-0.0022,0.0,0.0023,0.0138,0.0041,0.0
6000,0,160,0.5,10,0.5,4,335.2677,1850.0,335.2702,0.0025,True,335.6364,74.0,5,False,-0.0047,0.3662,0.0582,0.3491,0.104,0.0
6000,0,160,0.5,10,0.5,5,335.2677,1850.0,335.2702,0.0025,True,335.6364,74.0,5,False,-0.0047,0.3662,0.0582,0.3491,0.104,0.0
6000,0,160,0.5,10,0.5,6,335.2677,1850.0,335.2702,0.0025,True,335.6364,74.0,5,False,-0.0047,0.3662,0.0582,0.3491,0.104,0.0
6000,0,160,0.5,10,0.5,7,335.2677,1850.0,335.2702,0.0025,True,335.6364,74.0,5,False,-0.0047,0.3662,0.0582,0.3491,0.104,0.0
6000,0,160,0.5,10,0.5,8,335.2677,1900.0,335.6364,0.3686,True,335.6364,42.0,3,False,-0.0022,0.0,0.0023,0.0138,0.0041,0.0
6000,0,160,0.5,10,0.5,9,335.2677,1900.0,335.6364,0.3686,True,335.6364,42.0,3,False,-0.0022,0.0,0.0023,0.0138,0.0041,0.0
6000,0,160,0.5,10,0.5,10,335.2677,1850.0,335.2702,0.0025,True,335.6364,74.0,5,False,-0.0047,0.3662,0.0582,0.3491,0.104,0.0
6000,0,160,0.5,10,0.5,11,335.2677,1900.0,335.6364,0.3686,True,335.6364,42.0,3,False,-0.0022,0.0,0.0023,0.0138,0.0041,0.0
6000,0,160,0.5,10,0.5,12,335.2677,1850.0,335.2702,0.0025,True,335.6364,74.0,5,False,-0.0047,0.3662,0.0582,0.3491,0.104,0.0
6000,0,160,0.5,10,0.5,13,335.2677,1850.0,335.2702,0.0025,True,335.6364,74.0,5,False,-0.0047,0.3662,0.0582,0.3491,0.104,0.0
6000,0,160,0.5,10,0.5,14,335.2677,1900.0,335.6364,0.3686,True,335.6364,42.0,3,False,-0.0022,0.0,0.0023,0.0138,0.0041,0.0
6000,0,160,0.5,10,0.5,15,335.2677,1900.0,335.6364,0.3686,True,335.6364,42.0,3,False,-0.0022,0.0,0.0023,0.0138,0.0041,0.0
6000,0,160,0.5,10,0.5,16,335.2677,1900.0,335.6364,0.3686,True,335.6364,42.0,3,False,-0.0022,0.0,0.0023,0.0138,0.0041,0.0
6000,0,160,0.5,10,0.5,17,335.2677,1900.0,335.6364,0.3686,True,335.6364,42.0,3,False,-0.0022,0.0,0.0023,0.0138,0.0041,0.0
6000,0,160,0.5,10,0.5,18,335.2677,1900.0,335.6364,0.3686,True,335.6364,42.0,3,False,-0.0022,0.0,0.0023,0.0138,0.0041,0.0
6000,0,160,0.5,10,0.5,19,335.2677,1850.0,335.2702,0.0025,True,335.6364,74.0,5,False,-0.0047,0.3662,0.0582,0.3491,0.104,0.0
6000,0,160,0.5,10,0.5,20,335.2677,1900.0,335.6364,0.3686,True,335.6364,42.0,3,False,-0.0022,0.0,0.0023,0.0138,0.0041,0.0
6000,0,160,0.5,10,0.5,21,335.2677,1900.0,335.6364,0.3686,True,335.6364,42.0,3,False,-0.0022,0.0,0.0023,0.0138,0.0041,0.0
6000,0,160,0.5,10,0.5,22,335.2677,1900.0,335.6364,0.3686,True,335.6364,42.0,3,False,-0.0022,0.0,0.0023,0.0138,0.0041,0.0
6000,0,160,0.5,10,0.5,23,335.2677,1900.0,335.6364,0.3686,True,335.6364,42.0,3,False,-0.0022,0.0,0.0023,0.0138,0.0041,0.0
6000,0,160,0.5,10,0.5,24,335.2677,1900.0,335.6364,0.3686,True,335.6364,42.0,3,False,-0.0022,0.0,0.0023,0.0138,0.0041,0.0
6000,0,160,0.5,10,0.5,25,335.2677,1850.0,335.2702,0.0025,True,335.6364,74.0,5,False,-0.0047,0.3662,0.0582,0.3491,0.104,0.0
6000,0,160,0.5,10,0.5,26,335.2677,1850.0,335.2702,0.0025,True,335.6364,74.0,5,False,-0.0047,0.3662,0.0582,0.3491,0.104,0.0
6000,0,160,0.5,10,0.5,27,335.2677,1900.0,335.6364,0.3686,True,335.6364,42.0,3,False,-0.0022,0.0,0.0023,0.0138,0.0041,0.0
6000,0,160,0.5,10,0.5,28,335.2677,1850.0,335.2702,0.0025,True,335.6364,74.0,5,False,-0.0047,0.3662,0.0582,0.3491,0.104,0.0
6000,0,160,0.5,10,0.5,29,335.2677,1900.0,335.6364,0.3686,True,335.6364,42.0,3,False,-0.0022,0.0,0.0023,0.0138,0.0041,0.0
6000,0,160,1.0,2,0.0,0,335.2677,1887.5,335.4866,0.2189,True,335.6364,26.0,4,False,-0.0016,0.1497,0.0255,0.1531,0.0456,0.0
6000,0,160,1.0,2,0.0,1,335.2677,1837.5,335.2756,0.0079,True,335.6364,42.0,6,False,-0.003,0.3607,0.0589,0.3532,0.1052,0.0
6000,0,160,1.0,2,0.0,2,335.2677,1850.0,335.2702,0.0025,True,335.6364,34.0,5,False,-0.0022,0.3662,0.0598,0.3589,0.1069,0.0
6000,0,160,1.0,2,0.0,3,335.2677,1850.0,335.2702,0.0025,True,335.6364,34.0,5,False,-0.0022,0.3662,0.0598,0.3589,0.1069,0.0
6000,0,160,1.0,2,0.0,4,335.2677,1887.5,335.4866,0.2189,True,335.6364,26.0,4,False,-0.0016,0.1497,0.0255,0.1531,0.0456,0.0
6000,0,160,1.0,2,0.0,5,335.2677,1862.5,335.3036,0.0358,True,335.6364,42.0,6,False,-0.0031,0.3328,0.0547,0.3281,0.0978,0.0
6000,0,160,1.0,2,0.0,6,335.2677,1875.0,335.3757,0.108,True,335.6364,34.0,5,False,-0.0023,0.2607,0.0433,0.2598,0.0774,0.0
6000,0,160,1.0,2,0.0,7,335.2677,1875.0,335.3757,0.108,True,335.6364,34.0,5,False,-0.0023,0.2607,0.0433,0.2598,0.0774,0.0
6000,0,160,1.0,2,0.0,8,335.2677,1837.5,335.2756,0.0079,True,335.6364,42.0,6,False,-0.003,0.3607,0.0589,0.3532,0.1052,0.0
6000,0,160,1.0,2,0.0,9,335.2677,1875.0,335.3757,0.108,True,335.6364,42.0,6,False,-0.0022,0.2607,0.0426,0.2559,0.0762,0.0
6000,0,160,1.0,2,0.0,10,335.2677,1875.0,335.3757,0.108,True,335.6364,34.0,5,False,-0.0023,0.2607,0.0433,0.2598,0.0774,0.0
6000,0,160,1.0,2,0.0,11,335.2677,1850.0,335.2702,0.0025,True,335.6364,34.0,5,False,-0.0022,0.3662,0.0598,0.3589,0.1069,0.0
6000,0,160,1.0,2,0.0,12,335.2677,1837.5,335.2756,0.0079,True,335.6364,42.0,6,False,-0.003,0.3607,0.0589,0.3532,0.1052,0.0
6000,0,160,1.0,2,0.0,13,335.2677,1862.5,335.3036,0.0358,True,335.6364,50.0,7,False,-0.003,0.3328,0.0539,0.3232,0.0963,0.0
6000,0,160,1.0,2,0.0,14,335.2677,1850.0,335.2702,0.0025,True,335.6364,34.0,5,False,-0.0022,0.3662,0.0598,0.3589,0.1069,0.0
6000,0,160,1.0,2,0.0,15,335.2677,1875.0,335.3757,0.108,True,335.6364,42.0,6,False,-0.0022,0.2607,0.0426,0.2559,0.0762,0.0
6000,0,160,1.0,2,0.0,16,335.2677,1900.0,335.6364,0.3686,True,335.6364,18.0,3,False,-0.0011,0.0,0.0011,0.0069,0.002,0.0
6000,0,160,1.0,2,0.0,17,335.2677,1800.0,335.5247,0.257,True,335.6364,42.0,6,False,0.0,0.1116,0.0172,0.1032,0.0307,0.5723
6000,0,160,1.0,2,0.0,18,335.2677,1850.0,335.2702,0.0025,True,335.6364,34.0,5,False,-0.0022,0.3662,0.0598,0.3589,0.1069,0.0
6000,0,160,1.0,2,0.0,19,335.2677,1875.0,335.3757,0.108,True,335.6364,34.0,5,False,-0.0023,0.2607,0.0433,0.2598,0.0774,0.0
6000,0,160,1.0,2,0.0,20,335.2677,1900.0,335.6364,0.3686,True,335.6364,18.0,3,False,-0.0011,0.0,0.0011,0.0069,0.002,0.0
6000,0,160,1.0,2,0.0,21,335.2677,1850.0,335.2702,0.0025,True,335.6364,34.0,5,False,-0.0022,0.3662,0.0598,0.3589,0.1069,0.0
6000,0,160,1.0,2,0.0,22,335.2677,1837.5,335.2756,0.0079,True,335.6364,42.0,6,False,-0.003,0.3607,0.0589,0.3532,0.1052,0.0
6000,0,160,1.0,2,0.0,23,335.2677,1875.0,335.3757,0.108,True,335.6364,42.0,6,False,-0.0022,0.2607,0.0426,0.2559,0.0762,0.0
6000,0,160,1.0,2,0.0,24,335.2677,1875.0,335.3757,0.108,True,335.6364,42.0,6,False,-0.0022,0.2607,0.0426,0.2559,0.0762,0.0
6000,0,160,1.0,2,0.0,25,335.2677,1900.0,335.6364,0.3686,True,335.6364,18.0,3,False,-0.0011,0.0,0.0011,0.0069,0.002,0.0
6000,0,160,1.0,2,0.0,26,335.2677,1787.5,335.6854,0.4176,True,335.6364,50.0,7,False,0.0005,-0.049,-0.0081,-0.0483,-0.0144,inf
6000,0,160,1.0,2,0.0,27,335.2677,1825.0,335.3199,0.0522,True,335.6364,50.0,7,False,-0.0013,0.3165,0.0496,0.2975,0.0886,0.0
6000,0,160,1.0,2,0.0,28,335.2677,1850.0,335.2702,0.0025,True,335.6364,34.0,5,False,-0.0022,0.3662,0.0598,0.3589,0.1069,0.0
6000,0,160,1.0,2,0.0,29,335.2677,1887.5,335.4866,0.2189,True,335.6364,26.0,4,False,-0.0016,0.1497,0.0255,0.1531,0.0456,0.0
6000,0,160,1.0,2,0.5,0,335.2677,1887.5,335.4866,0.2189,True,335.6364,26.0,4,False,-0.0016,0.1497,0.0255,0.1531,0.0456,0.0
6000,0,160,1.0,2,0.5,1,335.2677,1837.5,335.2756,0.0079,True,335.6364,42.0,6,False,-0.003,0.3607,0.0589,0.3532,0.1052,0.0
6000,0,160,1.0,2,0.5,2,335.2677,1850.0,335.2702,0.0025,True,335.6364,34.0,5,False,-0.0022,0.3662,0.0598,0.3589,0.1069,0.0
6000,0,160,1.0,2,0.5,3,335.2677,1850.0,335.2702,0.0025,True,335.6364,34.0,5,False,-0.0022,0.3662,0.0598,0.3589,0.1069,0.0
6000,0,160,1.0,2,0.5,4,335.2677,1887.5,335.4866,0.2189,True,335.6364,26.0,4,False,-0.0016,0.1497,0.0255,0.1531,0.0456,0.0
6000,0,160,1.0,2,0.5,5,335.2677,1900.0,335.6364,0.3686,True,335.6364,18.0,3,False,-0.0011,0.0,0.0011,0.0069,0.002,0.0
6000,0,160,1.0,2,0.5,6,335.2677,1900.0,335.6364,0.3686,True,335.6364,18.0,3,False,-0.0011,0.0,0.0011,0.0069,0.002,0.0
6000,0,160,1.0,2,0.5,7,335.2677,1875.0,335.3757,0.108,True,335.6364,34.0,5,False,-0.0023,0.2607,0.0433,0.2598,0.0774,0.0
6000,0,160,1.0,2,0.5,8,335.2677,1850.0,335.2702,0.0025,True,335.6364,34.0,5,False,-0.0022,0.3662,0.0598,0.3589,0.1069,0.0
6000,0,160,1.0,2,0.5,9,335.2677,1900.0,335.6364,0.3686,True,335.6364,18.0,3,False,-0.0011,0.0,0.0011,0.0069,0.002,0.0
6000,0,160,1.0,2,0.5,10,335.2677,1900.0,335.6364,0.3686,True,335.6364,18.0,3,False,-0.0011,0.0,0.0011,0.0069,0.002,0.0
6000,0,160,1.0,2,0.5,11,335.2677,1850.0,335.2702,0.0025,True,335.6364,34.0,5,False,-0.0022,0.3662,0.0598,0.3589,0.1069,0.0
6000,0,160,1.0,2,0.5,12,335.2677,1850.0,335.2702,0.0025,True,335.6364,34.0,5,False,-0.0022,0.3662,0.0598,0.3589,0.1069,0.0
6000,0,160,1.0,2,0.5,13,335.2677,1887.5,335.4866,0.2189,True,335.6364,26.0,4,False,-0.0016,0.1497,0.0255,0.1531,0.0456,0.0
6000,0,160,1.0,2,0.5,14,335.2677,1850.0,335.2702,0.0025,True,335.6364,34.0,5,False,-0.0022,0.3662,0.0598,0.3589,0.1069,0.0
6000,0,160,1.0,2,0.5,15,335.2677,1900.0,335.6364,0.3686,True,335.6364,18.0,3,False,-0.0011,0.0,0.0011,0.0069,0.002,0.0
6000,0,160,1.0,2,0.5,16,335.2677,1900.0,335.6364,0.3686,True,335.6364,18.0,3,False,-0.0011,0.0,0.0011,0.0069,0.002,0.0
6000,0,160,1.0,2,0.5,17,335.2677,1800.0,335.5247,0.257,True,335.6364,42.0,6,False,0.0,0.1116,0.0172,0.1032,0.0307,0.5723
6000,0,160,1.0,2,0.5,18,335.2677,1850.0,335.2702,0.0025,True,335.6364,34.0,5,False,-0.0022,0.3662,0.0598,0.3589,0.1069,0.0
6000,0,160,1.0,2,0.5,19,335.2677,1887.5,335.4866,0.2189,True,335.6364,26.0,4,False,-0.0016,0.1497,0.0255,0.1531,0.0456,0.0
6000,0,160,1.0,2,0.5,20,335.2677,1900.0,335.6364,0.3686,True,335.6364,18.0,3,False,-0.0011,0.0,0.0011,0.0069,0.002,0.0
6000,0,160,1.0,2,0.5,21,335.2677,1850.0,335.2702,0.0025,True,335.6364,34.0,5,False,-0.0022,0.3662,0.0598,0.3589,0.1069,0.0
6000,0,160,1.0,2,0.5,22,335.2677,1900.0,335.6364,0.3686,True,335.6364,18.0,3,False,-0.0011,0.0,0.0011,0.0069,0.002,0.0
6000,0,160,1.0,2,0.5,23,335.2677,1850.0,335.2702,0.0025,True,335.6364,34.0,5,False,-0.0022,0.3662,0.0598,0.3589,0.1069,0.0
6000,0,160,1.0,2,0.5,24,335.2677,1900.0,335.6364,0.3686,True,335.6364,18.0,3,False,-0.0011,0.0,0.0011,0.0069,0.002,0.0
6000,0,160,1.0,2,0.5,25,335.2677,1900.0,335.6364,0.3686,True,335.6364,18.0,3,False,-0.0011,0.0,0.0011,0.0069,0.002,0.0
6000,0,160,1.0,2,0.5,26,335.2677,1800.0,335.5247,0.257,True,335.6364,42.0,6,False,0.0,0.1116,0.0172,0.1032,0.0307,0.5723
6000,0,160,1.0,2,0.5,27,335.2677,1837.5,335.2756,0.0079,True,335.6364,42.0,6,False,-0.003,0.3607,0.0589,0.3532,0.1052,0.0
6000,0,160,1.0,2,0.5,28,335.2677,1850.0,335.2702,0.0025,True,335.6364,34.0,5,False,-0.0022,0.3662,0.0598,0.3589,0.1069,0.0
6000,0,160,1.0,2,0.5,29,335.2677,1900.0,335.6364,0.3686,True,335.6364,18.0,3,False,-0.0011,0.0,0.0011,0.0069,0.002,0.0
6000,0,160,1.0,5,0.0,0,335.2677,1900.0,335.6364,0.3686,True,335.6364,27.0,3,False,-0.0015,0.0,0.0016,0.0095,0.0028,0.0
6000,0,160,1.0,5,0.0,1,335.2677,1825.0,335.3199,0.0522,True,335.6364,71.0,7,False,-0.0018,0.3165,0.0483,0.2896,0.0863,0.0
6000,0,160,1.0,5,0.0,2,335.2677,1837.5,335.2756,0.0079,True,335.6364,60.0,6,False,-0.0042,0.3607,0.0582,0.3494,0.1041,0.0
6000,0,160,1.0,5,0.0,3,335.2677,1850.0,335.2702,0.0025,True,335.6364,49.0,5,False,-0.0032,0.3662,0.0592,0.3552,0.1058,0.0
6000,0,160,1.0,5,0.0,4,335.2677,1850.0,335.2702,0.0025,True,335.6364,82.0,8,False,-0.0029,0.3662,0.0556,0.3336,0.0994,0.0
6000,0,160,1.0,5,0.0,5,335.2677,1850.0,335.2702,0.0025,True,335.6364,49.0,5,False,-0.0032,0.3662,0.0592,0.3552,0.1058,0.0
6000,0,160,1.0,5,0.0,6,335.2677,1875.0,335.3757,0.108,True,335.6364,49.0,5,False,-0.0032,0.2607,0.0431,0.2589,0.0771,0.0
6000,0,160,1.0,5,0.0,7,335.2677,1850.0,335.2702,0.0025,True,335.6364,49.0,5,False,-0.0032,0.3662,0.0592,0.3552,0.1058,0.0
6000,0,160,1.0,5,0.0,8,335.2677,1900.0,335.6364,0.3686,True,335.6364,27.0,3,False,-0.0015,0.0,0.0016,0.0095,0.0028,0.0
6000,0,160,1.0,5,0.0,9,335.2677,1825.0,335.3199,0.0522,True,335.6364,71.0,7,False,-0.0049,0.3165,0.0514,0.3082,0.0918,0.0
6000,0,160,1.0,5,0.0,10,335.2677,1837.5,335.2756,0.0079,True,335.6364,60.0,6,False,-0.0042,0.3607,0.0582,0.3494,0.1041,0.0
6000,0,160,1.0,5,0.0,11,335.2677,1850.0,335.2702,0.0025,True,335.6364,82.0,8,False,-0.0053,0.3662,0.058,0.3479,0.1037,0.0
6000,0,160,1.0,5,0.0,12,335.2677,1875.0,335.3757,0.108,True,335.6364,60.0,6,False,-0.0031,0.2607,0.0422,0.2534,0.0755,0.0
6000,0,160,1.0,5,0.0,13,335.2677,1850.0,335.2702,0.0025,True,335.6364,49.0,5,False,-0.0032,0.3662,0.0592,0.3552,0.1058,0.0
6000,0,160,1.0,5,0.0,14,335.2677,1850.0,335.2702,0.0025,True,335.6364,49.0,5,False,-0.0032,0.3662,0.0592,0.3552,0.1058,0.0
6000,0,160,1.0,5,0.0,15,335.2677,1887.5,335.4866,0.2189,True,335.6364,38.0,4,False,-0.0022,0.1497,0.0257,0.154,0.0459,0.0
6000,0,160,1.0,5,0.0,16,335.2677,1900.0,335.6364,0.3686,True,335.6364,27.0,3,False,-0.0015,0.0,0.0016,0.0095,0.0028,0.0
6000,0,160,1.0,5,0.0,17,335.2677,1850.0,335.2702,0.0025,True,335.6364,82.0,8,False,-0.0029,0.3662,0.0556,0.3336,0.0994,0.0
6000,0,160,1.0,5,0.0,18,335.2677,1787.5,335.6854,0.4176,True,335.6364,71.0,7,False,0.0007,-0.049,-0.008,-0.0479,-0.0143,inf
6000,0,160,1.0,5,0.0,19,335.2677,1900.0,335.6364,0.3686,True,335.6364,27.0,3,False,-0.0015,0.0,0.0016,0.0095,0.0028,0.0
6000,0,160,1.0,5,0.0,20,335.2677,1900.0,335.6364,0.3686,True,335.6364,27.0,3,False,-0.0015,0.0,0.0016,0.0095,0.0028,0.0
6000,0,160,1.0,5,0.0,21,335.2677,1800.0,335.5247,0.257,True,335.6364,60.0,6,False,0.0,0.1116,0.0166,0.0998,0.0297,0.9815
6000,0,160,1.0,5,0.0,22,335.2677,1812.5,335.4029,0.1352,True,335.6364,82.0,8,False,-0.0022,0.2334,0.0357,0.2144,0.0639,0.0
6000,0,160,1.0,5,0.0,23,335.2677,1850.0,335.2702,0.0025,True,335.6364,49.0,5,False,-0.0032,0.3662,0.0592,0.3552,0.1058,0.0
6000,0,160,1.0,5,0.0,24,335.2677,1800.0,335.5247,0.257,True,335.6364,60.0,6,False,0.0,0.1116,0.0166,0.0998,0.0297,0.9815
6000,0,160,1.0,5,0.0,25,335.2677,1900.0,335.6364,0.3686,True,335.6364,27.0,3,False,-0.0015,0.0,0.0016,0.0095,0.0028,0.0
6000,0,160,1.0,5,0.0,26,335.2677,1850.0,335.2702,0.0025,True,335.6364,49.0,5,False,-0.0032,0.3662,0.0592,0.3552,0.1058,0.0
6000,0,160,1.0,5,0.0,27,335.2677,1900.0,335.6364,0.3686,True,335.6364,27.0,3,False,-0.0015,0.0,0.0016,0.0095,0.0028,0.0
6000,0,160,1.0,5,0.0,28,335.2677,1800.0,335.5247,0.257,True,335.6364,60.0,6,False,0.0,0.1116,0.0166,0.0998,0.0297,0.9815
6000,0,160,1.0,5,0.0,29,335.2677,1850.0,335.2702,0.0025,True,335.6364,49.0,5,False,-0.0032,0.3662,0.0592,0.3552,0.1058,0.0
6000,0,160,1.0,5,0.5,0,335.2677,1900.0,335.6364,0.3686,True,335.6364,27.0,3,False,-0.0015,0.0,0.0016,0.0095,0.0028,0.0
6000,0,160,1.0,5,0.5,1,335.2677,1887.5,335.4866,0.2189,True,335.6364,38.0,4,False,-0.0022,0.1497,0.0257,0.154,0.0459,0.0
6000,0,160,1.0,5,0.5,2,335.2677,1837.5,335.2756,0.0079,True,335.6364,60.0,6,False,-0.0042,0.3607,0.0582,0.3494,0.1041,0.0
6000,0,160,1.0,5,0.5,3,335.2677,1850.0,335.2702,0.0025,True,335.6364,49.0,5,False,-0.0032,0.3662,0.0592,0.3552,0.1058,0.0
6000,0,160,1.0,5,0.5,4,335.2677,1887.5,335.4866,0.2189,True,335.6364,38.0,4,False,-0.0022,0.1497,0.0257,0.154,0.0459,0.0
6000,0,160,1.0,5,0.5,5,335.2677,1850.0,335.2702,0.0025,True,335.6364,49.0,5,False,-0.0032,0.3662,0.0592,0.3552,0.1058,0.0
6000,0,160,1.0,5,0.5,6,335.2677,1887.5,335.4866,0.2189,True,335.6364,38.0,4,False,-0.0022,0.1497,0.0257,0.154,0.0459,0.0
6000,0,160,1.0,5,0.5,7,335.2677,1850.0,335.2702,0.0025,True,335.6364,49.0,5,False,-0.0032,0.3662,0.0592,0.3552,0.1058,0.0
6000,0,160,1.0,5,0.5,8,335.2677,1900.0,335.6364,0.3686,True,335.6364,27.0,3,False,-0.0015,0.0,0.0016,0.0095,0.0028,0.0
6000,0,160,1.0,5,0.5,9,335.2677,1850.0,335.2702,0.0025,True,335.6364,49.0,5,False,-0.0032,0.3662,0.0592,0.3552,0.1058,0.0
6000,0,160,1.0,5,0.5,10,335.2677,1900.0,335.6364,0.3686,True,335.6364,27.0,3,False,-0.0015,0.0,0.0016,0.0095,0.0028,0.0
6000,0,160,1.0,5,0.5,11,335.2677,1850.0,335.2702,0.0025,True,335.6364,49.0,5,False,-0.0032,0.3662,0.0592,0.3552,0.1058,0.0
6000,0,160,1.0,5,0.5,12,335.2677,1850.0,335.2702,0.0025,True,335.6364,49.0,5,False,-0.0032,0.3662,0.0592,0.3552,0.1058,0.0
6000,0,160,1.0,5,0.5,13,335.2677,1850.0,335.2702,0.0025,True,335.6364,49.0,5,False,-0.0032,0.3662,0.0592,0.3552,0.1058,0.0
6000,0,160,1.0,5,0.5,14,335.2677,1850.0,335.2702,0.0025,True,335.6364,49.0,5,False,-0.0032,0.3662,0.0592,0.3552,0.1058,0.0
6000,0,160,1.0,5,0.5,15,335.2677,1900.0,335.6364,0.3686,True,335.6364,27.0,3,False,-0.0015,0.0,0.0016,0.0095,0.0028,0.0
6000,0,160,1.0,5,0.5,16,335.2677,1900.0,335.6364,0.3686,True,335.6364,27.0,3,False,-0.0015,0.0,0.0016,0.0095,0.0028,0.0
6000,0,160,1.0,5,0.5,17,335.2677,1887.5,335.4866,0.2189,True,335.6364,38.0,4,False,-0.0022,0.1497,0.0257,0.154,0.0459,0.0
6000,0,160,1.0,5,0.5,18,335.2677,1887.5,335.4866,0.2189,True,335.6364,38.0,4,False,-0.0022,0.1497,0.0257,0.154,0.0459,0.0
6000,0,160,1.0,5,0.5,19,335.2677,1900.0,335.6364,0.3686,True,335.6364,27.0,3,False,-0.0015,0.0,0.0016,0.0095,0.0028,0.0
6000,0,160,1.0,5,0.5,20,335.2677,1900.0,335.6364,0.3686,True,335.6364,27.0,3,False,-0.0015,0.0,0.0016,0.0095,0.0028,0.0
6000,0,160,1.0,5,0.5,21,335.2677,1887.5,335.4866,0.2189,True,335.6364,38.0,4,False,-0.0022,0.1497,0.0257,0.154,0.0459,0.0
6000,0,160,1.0,5,0.5,22,335.2677,1900.0,335.6364,0.3686,True,335.6364,27.0,3,False,-0.0015,0.0,0.0016,0.0095,0.0028,0.0
6000,0,160,1.0,5,0.5,23,335.2677,1850.0,335.2702,0.0025,True,335.6364,49.0,5,False,-0.0032,0.3662,0.0592,0.3552,0.1058,0.0
6000,0,160,1.0,5,0.5,24,335.2677,1887.5,335.4866,0.2189,True,335.6364,38.0,4,False,-0.0022,0.1497,0.0257,0.154,0.0459,0.0
6000,0,160,1.0,5,0.5,25,335.2677,1900.0,335.6364,0.3686,True,335.6364,27.0,3,False,-0.0015,0.0,0.0016,0.0095,0.0028,0.0
6000,0,160,1.0,5,0.5,26,335.2677,1850.0,335.2702,0.0025,True,335.6364,49.0,5,False,-0.0032,0.3662,0.0592,0.3552,0.1058,0.0
6000,0,160,1.0,5,0.5,27,335.2677,1900.0,335.6364,0.3686,True,335.6364,27.0,3,False,-0.0015,0.0,0.0016,0.0095,0.0028,0.0
6000,0,160,1.0,5,0.5,28,335.2677,1850.0,335.2702,0.0025,True,335.6364,49.0,5,False,-0.0032,0.3662,0.0592,0.3552,0.1058,0.0
6000,0,160,1.0,5,0.5,29,335.2677,1850.0,335.2702,0.0025,True,335.6364,49.0,5,False,-0.0032,0.3662,0.0592,0.3552,0.1058,0.0
6000,0,160,1.0,10,0.0,0,335.2677,1875.0,335.3757,0.108,True,335.6364,90.0,6,False,-0.0046,0.2607,0.0415,0.2493,0.0743,0.0
6000,0,160,1.0,10,0.0,1,335.2677,1850.0,335.2702,0.0025,True,335.6364,74.0,5,False,-0.0047,0.3662,0.0582,0.3491,0.104,0.0
6000,0,160,1.0,10,0.0,2,335.2677,1850.0,335.2702,0.0025,True,335.6364,74.0,5,False,-0.0047,0.3662,0.0582,0.3491,0.104,0.0
6000,0,160,1.0,10,0.0,3,335.2677,1825.0,335.3199,0.0522,True,335.6364,106.0,7,False,-0.0072,0.3165,0.0506,0.3035,0.0904,0.0
6000,0,160,1.0,10,0.0,4,335.2677,1875.0,335.3757,0.108,True,335.6364,90.0,6,False,-0.0046,0.2607,0.0415,0.2493,0.0743,0.0
6000,0,160,1.0,10,0.0,5,335.2677,1850.0,335.2702,0.0025,True,335.6364,74.0,5,False,-0.0047,0.3662,0.0582,0.3491,0.104,0.0
6000,0,160,1.0,10,0.0,6,335.2677,1800.0,335.5247,0.257,True,335.6364,90.0,6,False,0.0001,0.1116,0.0157,0.094,0.028,1.7815
6000,0,160,1.0,10,0.0,7,335.2677,1850.0,335.2702,0.0025,True,335.6364,74.0,5,False,-0.0047,0.3662,0.0582,0.3491,0.104,0.0
6000,0,160,1.0,10,0.0,8,335.2677,1887.5,335.4866,0.2189,True,335.6364,58.0,4,False,-0.0033,0.1497,0.0259,0.1555,0.0463,0.0
6000,0,160,1.0,10,0.0,9,335.2677,1900.0,335.6364,0.3686,True,335.6364,42.0,3,False,-0.0022,0.0,0.0023,0.0138,0.0041,0.0
6000,0,160,1.0,10,0.0,10,335.2677,1850.0,335.2702,0.0025,True,335.6364,74.0,5,False,-0.0047,0.3662,0.0582,0.3491,0.104,0.0
6000,0,160,1.0,10,0.0,11,335.2677,1875.0,335.3757,0.108,True,335.6364,90.0,6,False,-0.0046,0.2607,0.0415,0.2493,0.0743,0.0
6000,0,160,1.0,10,0.0,12,335.2677,1850.0,335.2702,0.0025,True,335.6364,74.0,5,False,-0.0047,0.3662,0.0582,0.3491,0.104,0.0
6000,0,160,1.0,10,0.0,13,335.2677,1825.0,335.3199,0.0522,True,335.6364,106.0,7,False,-0.0072,0.3165,0.0506,0.3035,0.0904,0.0
6000,0,160,1.0,10,0.0,14,335.2677,1875.0,335.3757,0.108,True,335.6364,90.0,6,False,-0.0046,0.2607,0.0415,0.2493,0.0743,0.0
6000,0,160,1.0,10,0.0,15,335.2677,1837.5,335.2756,0.0079,True,335.6364,90.0,6,False,-0.0061,0.3607,0.0572,0.3432,0.1022,0.0
6000,0,160,1.0,10,0.0,16,335.2677,1787.5,335.6854,0.4176,True,335.6364,106.0,7,False,0.0011,-0.049,-0.0079,-0.0473,-0.0141,inf
6000,0,160,1.0,10,0.0,17,335.2677,1875.0,335.3757,0.108,True,335.6364,90.0,6,False,-0.0046,0.2607,0.0415,0.2493,0.0743,0.0
6000,0,160,1.0,10,0.0,18,335.2677,1875.0,335.3757,0.108,True,335.6364,90.0,6,False,-0.0046,0.2607,0.0415,0.2493,0.0743,0.0
6000,0,160,1.0,10,0.0,19,335.2677,1837.5,335.2756,0.0079,True,335.6364,90.0,6,False,-0.0061,0.3607,0.0572,0.3432,0.1022,0.0
6000,0,160,1.0,10,0.0,20,335.2677,1850.0,335.2702,0.0025,True,335.6364,74.0,5,False,-0.0047,0.3662,0.0582,0.3491,0.104,0.0
6000,0,160,1.0,10,0.0,21,335.2677,1850.0,335.2702,0.0025,True,335.6364,74.0,5,False,-0.0047,0.3662,0.0582,0.3491,0.104,0.0
6000,0,160,1.0,10,0.0,22,335.2677,1850.0,335.2702,0.0025,True,335.6364,122.0,8,False,-0.0043,0.3662,0.0529,0.3177,0.0946,0.0
6000,0,160,1.0,10,0.0,23,335.2677,1837.5,335.2756,0.0079,True,335.6364,90.0,6,False,-0.0061,0.3607,0.0572,0.3432,0.1022,0.0
6000,0,160,1.0,10,0.0,24,335.2677,1850.0,335.2702,0.0025,True,335.6364,74.0,5,False,-0.0047,0.3662,0.0582,0.3491,0.104,0.0
6000,0,160,1.0,10,0.0,25,335.2677,1850.0,335.2702,0.0025,True,335.6364,74.0,5,False,-0.0047,0.3662,0.0582,0.3491,0.104,0.0
6000,0,160,1.0,10,0.0,26,335.2677,1837.5,335.2756,0.0079,True,335.6364,90.0,6,False,-0.0061,0.3607,0.0572,0.3432,0.1022,0.0
6000,0,160,1.0,10,0.0,27,335.2677,1862.5,335.3036,0.0358,True,335.6364,106.0,7,False,-0.0062,0.3328,0.0519,0.3113,0.0927,0.0
6000,0,160,1.0,10,0.0,28,335.2677,1850.0,335.2702,0.0025,True,335.6364,74.0,5,False,-0.0047,0.3662,0.0582,0.3491,0.104,0.0
6000,0,160,1.0,10,0.0,29,335.2677,1800.0,335.5247,0.257,True,335.6364,90.0,6,False,0.0001,0.1116,0.0157,0.094,0.028,1.7815
6000,0,160,1.0,10,0.5,0,335.2677,1900.0,335.6364,0.3686,True,335.6364,42.0,3,False,-0.0022,0.0,0.0023,0.0138,0.0041,0.0
6000,0,160,1.0,10,0.5,1,335.2677,1850.0,335.2702,0.0025,True,335.6364,74.0,5,False,-0.0047,0.3662,0.0582,0.3491,0.104,0.0
6000,0,160,1.0,10,0.5,2,335.2677,1900.0,335.6364,0.3686,True,335.6364,42.0,3,False,-0.0022,0.0,0.0023,0.0138,0.0041,0.0
6000,0,160,1.0,10,0.5,3,335.2677,1850.0,335.2702,0.0025,True,335.6364,74.0,5,False,-0.0047,0.3662,0.0582,0.3491,0.104,0.0
6000,0,160,1.0,10,0.5,4,335.2677,1850.0,335.2702,0.0025,True,335.6364,74.0,5,False,-0.0047,0.3662,0.0582,0.3491,0.104,0.0
6000,0,160,1.0,10,0.5,5,335.2677,1850.0,335.2702,0.0025,True,335.6364,74.0,5,False,-0.0047,0.3662,0.0582,0.3491,0.104,0.0
6000,0,160,1.0,10,0.5,6,335.2677,1850.0,335.2702,0.0025,True,335.6364,74.0,5,False,-0.0047,0.3662,0.0582,0.3491,0.104,0.0
6000,0,160,1.0,10,0.5,7,335.2677,1850.0,335.2702,0.0025,True,335.6364,74.0,5,False,-0.0047,0.3662,0.0582,0.3491,0.104,0.0
6000,0,160,1.0,10,0.5,8,335.2677,1900.0,335.6364,0.3686,True,335.6364,42.0,3,False,-0.0022,0.0,0.0023,0.0138,0.0041,0.0
6000,0,160,1.0,10,0.5,9,335.2677,1900.0,335.6364,0.3686,True,335.6364,42.0,3,False,-0.0022,0.0,0.0023,0.0138,0.0041,0.0
6000,0,160,1.0,10,0.5,10,335.2677,1850.0,335.2702,0.0025,True,335.6364,74.0,5,False,-0.0047,0.3662,0.0582,0.3491,0.104,0.0
6000,0,160,1.0,10,0.5,11,335.2677,1900.0,335.6364,0.3686,True,335.6364,42.0,3,False,-0.0022,0.0,0.0023,0.0138,0.0041,0.0
6000,0,160,1.0,10,0.5,12,335.2677,1850.0,335.2702,0.0025,True,335.6364,74.0,5,False,-0.0047,0.3662,0.0582,0.3491,0.104,0.0
6000,0,160,1.0,10,0.5,13,335.2677,1850.0,335.2702,0.0025,True,335.6364,74.0,5,False,-0.0047,0.3662,0.0582,0.3491,0.104,0.0
6000,0,160,1.0,10,0.5,14,335.2677,1900.0,335.6364,0.3686,True,335.6364,42.0,3,False,-0.0022,0.0,0.0023,0.0138,0.0041,0.0
6000,0,160,1.0,10,0.5,15,335.2677,1900.0,335.6364,0.3686,True,335.6364,42.0,3,False,-0.0022,0.0,0.0023,0.0138,0.0041,0.0
6000,0,160,1.0,10,0.5,16,335.2677,1875.0,335.3757,0.108,True,335.6364,90.0,6,False,-0.0046,0.2607,0.0415,0.2493,0.0743,0.0
6000,0,160,1.0,10,0.5,17,335.2677,1900.0,335.6364,0.3686,True,335.6364,42.0,3,False,-0.0022,0.0,0.0023,0.0138,0.0041,0.0
6000,0,160,1.0,10,0.5,18,335.2677,1900.0,335.6364,0.3686,True,335.6364,42.0,3,False,-0.0022,0.0,0.0023,0.0138,0.0041,0.0
6000,0,160,1.0,10,0.5,19,335.2677,1850.0,335.2702,0.0025,True,335.6364,74.0,5,False,-0.0047,0.3662,0.0582,0.3491,0.104,0.0
6000,0,160,1.0,10,0.5,20,335.2677,1900.0,335.6364,0.3686,True,335.6364,42.0,3,False,-0.0022,0.0,0.0023,0.0138,0.0041,0.0
6000,0,160,1.0,10,0.5,21,335.2677,1900.0,335.6364,0.3686,True,335.6364,42.0,3,False,-0.0022,0.0,0.0023,0.0138,0.0041,0.0
6000,0,160,1.0,10,0.5,22,335.2677,1887.5,335.4866,0.2189,True,335.6364,58.0,4,False,-0.0033,0.1497,0.0259,0.1555,0.0463,0.0
6000,0,160,1.0,10,0.5,23,335.2677,1900.0,335.6364,0.3686,True,335.6364,42.0,3,False,-0.0022,0.0,0.0023,0.0138,0.0041,0.0
6000,0,160,1.0,10,0.5,24,335.2677,1900.0,335.6364,0.3686,True,335.6364,42.0,3,False,-0.0022,0.0,0.0023,0.0138,0.0041,0.0
6000,0,160,1.0,10,0.5,25,335.2677,1850.0,335.2702,0.0025,True,335.6364,74.0,5,False,-0.0047,0.3662,0.0582,0.3491,0.104,0.0
6000,0,160,1.0,10,0.5,26,335.2677,1850.0,335.2702,0.0025,True,335.6364,74.0,5,False,-0.0047,0.3662,0.0582,0.3491,0.104,0.0
6000,0,160,1.0,10,0.5,27,335.2677,1900.0,335.6364,0.3686,True,335.6364,42.0,3,False,-0.0022,0.0,0.0023,0.0138,0.0041,0.0
6000,0,160,1.0,10,0.5,28,335.2677,1850.0,335.2702,0.0025,True,335.6364,74.0,5,False,-0.0047,0.3662,0.0582,0.3491,0.104,0.0
6000,0,160,1.0,10,0.5,29,335.2677,1900.0,335.6364,0.3686,True,335.6364,42.0,3,False,-0.0022,0.0,0.0023,0.0138,0.0041,0.0
14000,-20,160,0.5,2,0.0,0,282.0,1850.0,282.3434,0.3434,True,282.0,34.0,5,False,0.0048,-0.3434,-0.0589,-0.3536,-0.1254,inf
14000,-20,160,0.5,2,0.0,1,282.0,1850.0,282.3434,0.3434,True,282.0,34.0,5,False,0.0048,-0.3434,-0.0589,-0.3536,-0.1254,inf
14000,-20,160,0.5,2,0.0,2,282.0,1900.0,282.0,0.0,True,282.0,18.0,3,False,0.0008,0.0,-0.0008,-0.0049,-0.0017,inf
14000,-20,160,0.5,2,0.0,3,282.0,1887.5,282.0243,0.0243,True,282.0,26.0,4,False,0.001,-0.0243,-0.0049,-0.0293,-0.0104,inf
14000,-20,160,0.5,2,0.0,4,282.0,1900.0,282.0,0.0,True,282.0,18.0,3,False,0.0008,0.0,-0.0008,-0.0049,-0.0017,inf
14000,-20,160,0.5,2,0.0,5,282.0,1900.0,282.0,0.0,True,282.0,18.0,3,False,0.0008,0.0,-0.0008,-0.0049,-0.0017,inf
14000,-20,160,0.5,2,0.0,6,282.0,1887.5,282.0243,0.0243,True,282.0,26.0,4,False,0.001,-0.0243,-0.0049,-0.0293,-0.0104,inf
14000,-20,160,0.5,2,0.0,7,282.0,1850.0,282.3434,0.3434,True,282.0,34.0,5,False,0.0048,-0.3434,-0.0589,-0.3536,-0.1254,inf
14000,-20,160,0.5,2,0.0,8,282.0,1887.5,282.0243,0.0243,True,282.0,26.0,4,False,0.001,-0.0243,-0.0049,-0.0293,-0.0104,inf
14000,-20,160,0.5,2,0.0,9,282.0,1875.0,282.0896,0.0896,True,282.0,34.0,5,False,0.0013,-0.0896,-0.0155,-0.093,-0.033,inf
14000,-20,160,0.5,2,0.0,10,282.0,1875.0,282.0896,0.0896,True,282.0,34.0,5,False,0.0013,-0.0896,-0.0155,-0.093,-0.033,inf
14000,-20,160,0.5,2,0.0,11,282.0,1900.0,282.0,0.0,True,282.0,18.0,3,False,0.0008,0.0,-0.0008,-0.0049,-0.0017,inf
14000,-20,160,0.5,2,0.0,12,282.0,1900.0,282.0,0.0,True,282.0,18.0,3,False,0.0008,0.0,-0.0008,-0.0049,-0.0017,inf
14000,-20,160,0.5,2,0.0,13,282.0,1887.5,282.0243,0.0243,True,282.0,26.0,4,False,0.001,-0.0243,-0.0049,-0.0293,-0.0104,inf
14000,-20,160,0.5,2,0.0,14,282.0,1900.0,282.0,0.0,True,282.0,18.0,3,False,0.0008,0.0,-0.0008,-0.0049,-0.0017,inf
14000,-20,160,0.5,2,0.0,15,282.0,1900.0,282.0,0.0,True,282.0,18.0,3,False,0.0008,0.0,-0.0008,-0.0049,-0.0017,inf
14000,-20,160,0.5,2,0.0,16,282.0,1875.0,282.0896,0.0896,True,282.0,42.0,6,False,0.0043,-0.0896,-0.0182,-0.1094,-0.0388,inf
14000,-20,160,0.5,2,0.0,17,282.0,1887.5,282.0243,0.0243,True,282.0,26.0,4,False,0.001,-0.0243,-0.0049,-0.0293,-0.0104,inf
14000,-20,160,0.5,2,0.0,18,282.0,1887.5,282.0243,0.0243,True,282.0,26.0,4,False,0.001,-0.0243,-0.0049,-0.0293,-0.0104,inf
14000,-20,160,0.5,2,0.0,19,282.0,1900.0,282.0,0.0,True,282.0,42.0,6,False,0.004,0.0,-0.004,-0.024,-0.0085,inf
14000,-20,160,0.5,2,0.0,20,282.0,1887.5,282.0243,0.0243,True,282.0,26.0,4,False,0.001,-0.0243,-0.0049,-0.0293,-0.0104,inf
14000,-20,160,0.5,2,0.0,21,282.0,1875.0,282.0896,0.0896,True,282.0,42.0,6,False,0.0043,-0.0896,-0.0182,-0.1094,-0.0388,inf
14000,-20,160,0.5,2,0.0,22,282.0,1900.0,282.0,0.0,True,282.0,18.0,3,False,0.0008,0.0,-0.0008,-0.0049,-0.0017,inf
14000,-20,160,0.5,2,0.0,23,282.0,1887.5,282.0243,0.0243,True,282.0,26.0,4,False,0.001,-0.0243,-0.0049,-0.0293,-0.0104,inf
14000,-20,160,0.5,2,0.0,24,282.0,1900.0,282.0,0.0,True,282.0,18.0,3,False,0.0008,0.0,-0.0008,-0.0049,-0.0017,inf
14000,-20,160,0.5,2,0.0,25,282.0,1875.0,282.0896,0.0896,True,282.0,34.0,5,False,0.0013,-0.0896,-0.0155,-0.093,-0.033,inf
14000,-20,160,0.5,2,0.0,26,282.0,1900.0,282.0,0.0,True,282.0,18.0,3,False,0.0008,0.0,-0.0008,-0.0049,-0.0017,inf
14000,-20,160,0.5,2,0.0,27,282.0,1875.0,282.0896,0.0896,True,282.0,42.0,6,False,0.0043,-0.0896,-0.0182,-0.1094,-0.0388,inf
14000,-20,160,0.5,2,0.0,28,282.0,1850.0,282.3434,0.3434,True,282.0,34.0,5,False,0.0048,-0.3434,-0.0589,-0.3536,-0.1254,inf
14000,-20,160,0.5,2,0.0,29,282.0,1887.5,282.0243,0.0243,True,282.0,26.0,4,False,0.001,-0.0243,-0.0049,-0.0293,-0.0104,inf
14000,-20,160,0.5,2,0.5,0,282.0,1850.0,282.3434,0.3434,True,282.0,34.0,5,False,0.0048,-0.3434,-0.0589,-0.3536,-0.1254,inf
14000,-20,160,0.5,2,0.5,1,282.0,1900.0,282.0,0.0,True,282.0,18.0,3,False,0.0008,0.0,-0.0008,-0.0049,-0.0017,inf
14000,-20,160,0.5,2,0.5,2,282.0,1900.0,282.0,0.0,True,282.0,18.0,3,False,0.0008,0.0,-0.0008,-0.0049,-0.0017,inf
14000,-20,160,0.5,2,0.5,3,282.0,1900.0,282.0,0.0,True,282.0,18.0,3,False,0.0008,0.0,-0.0008,-0.0049,-0.0017,inf
14000,-20,160,0.5,2,0.5,4,282.0,1900.0,282.0,0.0,True,282.0,18.0,3,False,0.0008,0.0,-0.0008,-0.0049,-0.0017,inf
14000,-20,160,0.5,2,0.5,5,282.0,1900.0,282.0,0.0,True,282.0,18.0,3,False,0.0008,0.0,-0.0008,-0.0049,-0.0017,inf
14000,-20,160,0.5,2,0.5,6,282.0,1900.0,282.0,0.0,True,282.0,18.0,3,False,0.0008,0.0,-0.0008,-0.0049,-0.0017,inf
14000,-20,160,0.5,2,0.5,7,282.0,1900.0,282.0,0.0,True,282.0,18.0,3,False,0.0008,0.0,-0.0008,-0.0049,-0.0017,inf
14000,-20,160,0.5,2,0.5,8,282.0,1900.0,282.0,0.0,True,282.0,18.0,3,False,0.0008,0.0,-0.0008,-0.0049,-0.0017,inf
14000,-20,160,0.5,2,0.5,9,282.0,1900.0,282.0,0.0,True,282.0,18.0,3,False,0.0008,0.0,-0.0008,-0.0049,-0.0017,inf
14000,-20,160,0.5,2,0.5,10,282.0,1900.0,282.0,0.0,True,282.0,18.0,3,False,0.0008,0.0,-0.0008,-0.0049,-0.0017,inf
14000,-20,160,0.5,2,0.5,11,282.0,1900.0,282.0,0.0,True,282.0,18.0,3,False,0.0008,0.0,-0.0008,-0.0049,-0.0017,inf
14000,-20,160,0.5,2,0.5,12,282.0,1900.0,282.0,0.0,True,282.0,18.0,3,False,0.0008,0.0,-0.0008,-0.0049,-0.0017,inf
14000,-20,160,0.5,2,0.5,13,282.0,1900.0,282.0,0.0,True,282.0,18.0,3,False,0.0008,0.0,-0.0008,-0.0049,-0.0017,inf
14000,-20,160,0.5,2,0.5,14,282.0,1900.0,282.0,0.0,True,282.0,18.0,3,False,0.0008,0.0,-0.0008,-0.0049,-0.0017,inf
14000,-20,160,0.5,2,0.5,15,282.0,1900.0,282.0,0.0,True,282.0,18.0,3,False,0.0008,0.0,-0.0008,-0.0049,-0.0017,inf
14000,-20,160,0.5,2,0.5,16,282.0,1900.0,282.0,0.0,True,282.0,18.0,3,False,0.0008,0.0,-0.0008,-0.0049,-0.0017,inf
14000,-20,160,0.5,2,0.5,17,282.0,1887.5,282.0243,0.0243,True,282.0,26.0,4,False,0.001,-0.0243,-0.0049,-0.0293,-0.0104,inf
14000,-20,160,0.5,2,0.5,18,282.0,1900.0,282.0,0.0,True,282.0,18.0,3,False,0.0008,0.0,-0.0008,-0.0049,-0.0017,inf
14000,-20,160,0.5,2,0.5,19,282.0,1900.0,282.0,0.0,True,282.0,18.0,3,False,0.0008,0.0,-0.0008,-0.0049,-0.0017,inf
14000,-20,160,0.5,2,0.5,20,282.0,1887.5,282.0243,0.0243,True,282.0,26.0,4,False,0.001,-0.0243,-0.0049,-0.0293,-0.0104,inf
14000,-20,160,0.5,2,0.5,21,282.0,1900.0,282.0,0.0,True,282.0,18.0,3,False,0.0008,0.0,-0.0008,-0.0049,-0.0017,inf
14000,-20,160,0.5,2,0.5,22,282.0,1900.0,282.0,0.0,True,282.0,18.0,3,False,0.0008,0.0,-0.0008,-0.0049,-0.0017,inf
14000,-20,160,0.5,2,0.5,23,282.0,1900.0,282.0,0.0,True,282.0,18.0,3,False,0.0008,0.0,-0.0008,-0.0049,-0.0017,inf
14000,-20,160,0.5,2,0.5,24,282.0,1900.0,282.0,0.0,True,282.0,18.0,3,False,0.0008,0.0,-0.0008,-0.0049,-0.0017,inf
14000,-20,160,0.5,2,0.5,25,282.0,1900.0,282.0,0.0,True,282.0,18.0,3,False,0.0008,0.0,-0.0008,-0.0049,-0.0017,inf
14000,-20,160,0.5,2,0.5,26,282.0,1900.0,282.0,0.0,True,282.0,18.0,3,False,0.0008,0.0,-0.0008,-0.0049,-0.0017,inf
14000,-20,160,0.5,2,0.5,27,282.0,1900.0,282.0,0.0,True,282.0,18.0,3,False,0.0008,0.0,-0.0008,-0.0049,-0.0017,inf
14000,-20,160,0.5,2,0.5,28,282.0,1900.0,282.0,0.0,True,282.0,18.0,3,False,0.0008,0.0,-0.0008,-0.0049,-0.0017,inf
14000,-20,160,0.5,2,0.5,29,282.0,1900.0,282.0,0.0,True,282.0,18.0,3,False,0.0008,0.0,-0.0008,-0.0049,-0.0017,inf
14000,-20,160,0.5,5,0.0,0,282.0,1900.0,282.0,0.0,True,282.0,27.0,3,False,0.0011,0.0,-0.0011,-0.0067,-0.0024,inf
14000,-20,160,0.5,5,0.0,1,282.0,1900.0,282.0,0.0,True,282.0,27.0,3,False,0.0011,0.0,-0.0011,-0.0067,-0.0024,inf
14000,-20,160,0.5,5,0.0,2,282.0,1900.0,282.0,0.0,True,282.0,27.0,3,False,0.0011,0.0,-0.0011,-0.0067,-0.0024,inf
14000,-20,160,0.5,5,0.0,3,282.0,1887.5,282.0243,0.0243,True,282.0,38.0,4,False,0.0013,-0.0243,-0.0052,-0.0311,-0.011,inf
14000,-20,160,0.5,5,0.0,4,282.0,1900.0,282.0,0.0,True,282.0,27.0,3,False,0.0011,0.0,-0.0011,-0.0067,-0.0024,inf
14000,-20,160,0.5,5,0.0,5,282.0,1900.0,282.0,0.0,True,282.0,27.0,3,False,0.0011,0.0,-0.0011,-0.0067,-0.0024,inf
14000,-20,160,0.5,5,0.0,6,282.0,1900.0,282.0,0.0,True,282.0,27.0,3,False,0.0011,0.0,-0.0011,-0.0067,-0.0024,inf
14000,-20,160,0.5,5,0.0,7,282.0,1887.5,282.0243,0.0243,True,282.0,38.0,4,False,0.0013,-0.0243,-0.0052,-0.0311,-0.011,inf
14000,-20,160,0.5,5,0.0,8,282.0,1900.0,282.0,0.0,True,282.0,27.0,3,False,0.0011,0.0,-0.0011,-0.0067,-0.0024,inf
14000,-20,160,0.5,5,0.0,9,282.0,1850.0,282.3434,0.3434,True,282.0,49.0,5,False,0.0068,-0.3434,-0.0594,-0.3566,-0.1265,inf
14000,-20,160,0.5,5,0.0,10,282.0,1887.5,282.0243,0.0243,True,282.0,38.0,4,False,0.0013,-0.0243,-0.0052,-0.0311,-0.011,inf
14000,-20,160,0.5,5,0.0,11,282.0,1887.5,282.0243,0.0243,True,282.0,38.0,4,False,0.0013,-0.0243,-0.0052,-0.0311,-0.011,inf
14000,-20,160,0.5,5,0.0,12,282.0,1900.0,282.0,0.0,True,282.0,27.0,3,False,0.0011,0.0,-0.0011,-0.0067,-0.0024,inf
14000,-20,160,0.5,5,0.0,13,282.0,1900.0,282.0,0.0,True,282.0,27.0,3,False,0.0011,0.0,-0.0011,-0.0067,-0.0024,inf
14000,-20,160,0.5,5,0.0,14,282.0,1900.0,282.0,0.0,True,282.0,27.0,3,False,0.0011,0.0,-0.0011,-0.0067,-0.0024,inf
14000,-20,160,0.5,5,0.0,15,282.0,1887.5,282.0243,0.0243,True,282.0,38.0,4,False,0.0013,-0.0243,-0.0052,-0.0311,-0.011,inf
14000,-20,160,0.5,5,0.0,16,282.0,1850.0,282.3434,0.3434,True,282.0,49.0,5,False,0.0068,-0.3434,-0.0594,-0.3566,-0.1265,inf
14000,-20,160,0.5,5,0.0,17,282.0,1875.0,282.0896,0.0896,True,282.0,49.0,5,False,0.0019,-0.0896,-0.0157,-0.094,-0.0333,inf
14000,-20,160,0.5,5,0.0,18,282.0,1900.0,282.0,0.0,True,282.0,27.0,3,False,0.0011,0.0,-0.0011,-0.0067,-0.0024,inf
14000,-20,160,0.5,5,0.0,19,282.0,1875.0,282.0896,0.0896,True,282.0,49.0,5,False,0.0019,-0.0896,-0.0157,-0.094,-0.0333,inf
14000,-20,160,0.5,5,0.0,20,282.0,1850.0,282.3434,0.3434,True,282.0,49.0,5,False,0.0068,-0.3434,-0.0594,-0.3566,-0.1265,inf
14000,-20,160,0.5,5,0.0,21,282.0,1887.5,282.0243,0.0243,True,282.0,38.0,4,False,0.0013,-0.0243,-0.0052,-0.0311,-0.011,inf
14000,-20,160,0.5,5,0.0,22,282.0,1900.0,282.0,0.0,True,282.0,27.0,3,False,0.0011,0.0,-0.0011,-0.0067,-0.0024,inf
14000,-20,160,0.5,5,0.0,23,282.0,1900.0,282.0,0.0,True,282.0,27.0,3,False,0.0011,0.0,-0.0011,-0.0067,-0.0024,inf
14000,-20,160,0.5,5,0.0,24,282.0,1900.0,282.0,0.0,True,282.0,27.0,3,False,0.0011,0.0,-0.0011,-0.0067,-0.0024,inf
14000,-20,160,0.5,5,0.0,25,282.0,1887.5,282.0243,0.0243,True,282.0,38.0,4,False,0.0013,-0.0243,-0.0052,-0.0311,-0.011,inf
14000,-20,160,0.5,5,0.0,26,282.0,1875.0,282.0896,0.0896,True,282.0,49.0,5,False,0.0019,-0.0896,-0.0157,-0.094,-0.0333,inf
14000,-20,160,0.5,5,0.0,27,282.0,1887.5,282.0243,0.0243,True,282.0,38.0,4,False,0.0013,-0.0243,-0.0052,-0.0311,-0.011,inf
14000,-20,160,0.5,5,0.0,28,282.0,1900.0,282.0,0.0,True,282.0,27.0,3,False,0.0011,0.0,-0.0011,-0.0067,-0.0024,inf
14000,-20,160,0.5,5,0.0,29,282.0,1887.5,282.0243,0.0243,True,282.0,38.0,4,False,0.0013,-0.0243,-0.0052,-0.0311,-0.011,inf
14000,-20,160,0.5,5,0.5,0,282.0,1900.0,282.0,0.0,True,282.0,27.0,3,False,0.0011,0.0,-0.0011,-0.0067,-0.0024,inf
14000,-20,160,0.5,5,0.5,1,282.0,1900.0,282.0,0.0,True,282.0,27.0,3,False,0.0011,0.0,-0.0011,-0.0067,-0.0024,inf
14000,-20,160,0.5,5,0.5,2,282.0,1900.0,282.0,0.0,True,282.0,27.0,3,False,0.0011,0.0,-0.0011,-0.0067,-0.0024,inf
14000,-20,160,0.5,5,0.5,3,282.0,1900.0,282.0,0.0,True,282.0,27.0,3,False,0.0011,0.0,-0.0011,-0.0067,-0.0024,inf
14000,-20,160,0.5,5,0.5,4,282.0,1900.0,282.0,0.0,True,282.0,27.0,3,False,0.0011,0.0,-0.0011,-0.0067,-0.0024,inf
14000,-20,160,0.5,5,0.5,5,282.0,1900.0,282.0,0.0,True,282.0,27.0,3,False,0.0011,0.0,-0.0011,-0.0067,-0.0024,inf
14000,-20,160,0.5,5,0.5,6,282.0,1900.0,282.0,0.0,True,282.0,27.0,3,False,0.0011,0.0,-0.0011,-0.0067,-0.0024,inf
14000,-20,160,0.5,5,0.5,7,282.0,1900.0,282.0,0.0,True,282.0,27.0,3,False,0.0011,0.0,-0.0011,-0.0067,-0.0024,inf
14000,-20,160,0.5,5,0.5,8,282.0,1900.0,282.0,0.0,True,282.0,27.0,3,False,0.0011,0.0,-0.0011,-0.0067,-0.0024,inf
14000,-20,160,0.5,5,0.5,9,282.0,1887.5,282.0243,0.0243,True,282.0,38.0,4,False,0.0013,-0.0243,-0.0052,-0.0311,-0.011,inf
14000,-20,160,0.5,5,0.5,10,282.0,1900.0,282.0,0.0,True,282.0,27.0,3,False,0.0011,0.0,-0.0011,-0.0067,-0.0024,inf
14000,-20,160,0.5,5,0.5,11,282.0,1900.0,282.0,0.0,True,282.0,27.0,3,False,0.0011,0.0,-0.0011,-0.0067,-0.0024,inf
14000,-20,160,0.5,5,0.5,12,282.0,1900.0,282.0,0.0,True,282.0,27.0,3,False,0.0011,0.0,-0.0011,-0.0067,-0.0024,inf
14000,-20,160,0.5,5,0.5,13,282.0,1900.0,282.0,0.0,True,282.0,27.0,3,False,0.0011,0.0,-0.0011,-0.0067,-0.0024,inf
14000,-20,160,0.5,5,0.5,14,282.0,1900.0,282.0,0.0,True,282.0,27.0,3,False,0.0011,0.0,-0.0011,-0.0067,-0.0024,inf
14000,-20,160,0.5,5,0.5,15,282.0,1900.0,282.0,0.0,True,282.0,27.0,3,False,0.0011,0.0,-0.0011,-0.0067,-0.0024,inf
14000,-20,160,0.5,5,0.5,16,282.0,1900.0,282.0,0.0,True,282.0,27.0,3,False,0.0011,0.0,-0.0011,-0.0067,-0.0024,inf
14000,-20,160,0.5,5,0.5,17,282.0,1900.0,282.0,0.0,True,282.0,27.0,3,False,0.0011,0.0,-0.0011,-0.0067,-0.0024,inf
14000,-20,160,0.5,5,0.5,18,282.0,1900.0,282.0,0.0,True,282.0,27.0,3,False,0.0011,0.0,-0.0011,-0.0067,-0.0024,inf
14000,-20,160,0.5,5,0.5,19,282.0,1900.0,282.0,0.0,True,282.0,27.0,3,False,0.0011,0.0,-0.0011,-0.0067,-0.0024,inf
14000,-20,160,0.5,5,0.5,20,282.0,1900.0,282.0,0.0,True,282.0,27.0,3,False,0.0011,0.0,-0.0011,-0.0067,-0.0024,inf
14000,-20,160,0.5,5,0.5,21,282.0,1900.0,282.0,0.0,True,282.0,27.0,3,False,0.0011,0.0,-0.0011,-0.0067,-0.0024,inf
14000,-20,160,0.5,5,0.5,22,282.0,1900.0,282.0,0.0,True,282.0,27.0,3,False,0.0011,0.0,-0.0011,-0.0067,-0.0024,inf
14000,-20,160,0.5,5,0.5,23,282.0,1900.0,282.0,0.0,True,282.0,27.0,3,False,0.0011,0.0,-0.0011,-0.0067,-0.0024,inf
14000,-20,160,0.5,5,0.5,24,282.0,1900.0,282.0,0.0,True,282.0,27.0,3,False,0.0011,0.0,-0.0011,-0.0067,-0.0024,inf
14000,-20,160,0.5,5,0.5,25,282.0,1900.0,282.0,0.0,True,282.0,27.0,3,False,0.0011,0.0,-0.0011,-0.0067,-0.0024,inf
14000,-20,160,0.5,5,0.5,26,282.0,1900.0,282.0,0.0,True,282.0,27.0,3,False,0.0011,0.0,-0.0011,-0.0067,-0.0024,inf
14000,-20,160,0.5,5,0.5,27,282.0,1900.0,282.0,0.0,True,282.0,27.0,3,False,0.0011,0.0,-0.0011,-0.0067,-0.0024,inf
14000,-20,160,0.5,5,0.5,28,282.0,1900.0,282.0,0.0,True,282.0,27.0,3,False,0.0011,0.0,-0.0011,-0.0067,-0.0024,inf
14000,-20,160,0.5,5,0.5,29,282.0,1900.0,282.0,0.0,True,282.0,27.0,3,False,0.0011,0.0,-0.0011,-0.0067,-0.0024,inf
14000,-20,160,0.5,10,0.0,0,282.0,1887.5,282.0243,0.0243,True,282.0,58.0,4,False,0.002,-0.0243,-0.0057,-0.0341,-0.0121,inf
14000,-20,160,0.5,10,0.0,1,282.0,1900.0,282.0,0.0,True,282.0,42.0,3,False,0.0016,0.0,-0.0016,-0.0098,-0.0035,inf
14000,-20,160,0.5,10,0.0,2,282.0,1900.0,282.0,0.0,True,282.0,42.0,3,False,0.0016,0.0,-0.0016,-0.0098,-0.0035,inf
14000,-20,160,0.5,10,0.0,3,282.0,1900.0,282.0,0.0,True,282.0,42.0,3,False,0.0016,0.0,-0.0016,-0.0098,-0.0035,inf
14000,-20,160,0.5,10,0.0,4,282.0,1900.0,282.0,0.0,True,282.0,42.0,3,False,0.0016,0.0,-0.0016,-0.0098,-0.0035,inf
14000,-20,160,0.5,10,0.0,5,282.0,1900.0,282.0,0.0,True,282.0,42.0,3,False,0.0016,0.0,-0.0016,-0.0098,-0.0035,inf
14000,-20,160,0.5,10,0.0,6,282.0,1900.0,282.0,0.0,True,282.0,42.0,3,False,0.0016,0.0,-0.0016,-0.0098,-0.0035,inf
14000,-20,160,0.5,10,0.0,7,282.0,1900.0,282.0,0.0,True,282.0,42.0,3,False,0.0016,0.0,-0.0016,-0.0098,-0.0035,inf
14000,-20,160,0.5,10,0.0,8,282.0,1900.0,282.0,0.0,True,282.0,42.0,3,False,0.0016,0.0,-0.0016,-0.0098,-0.0035,inf
14000,-20,160,0.5,10,0.0,9,282.0,1900.0,282.0,0.0,True,282.0,42.0,3,False,0.0016,0.0,-0.0016,-0.0098,-0.0035,inf
14000,-20,160,0.5,10,0.0,10,282.0,1850.0,282.3434,0.3434,True,282.0,74.0,5,False,0.01,-0.3434,-0.0603,-0.3615,-0.1282,inf
14000,-20,160,0.5,10,0.0,11,282.0,1900.0,282.0,0.0,True,282.0,42.0,3,False,0.0016,0.0,-0.0016,-0.0098,-0.0035,inf
14000,-20,160,0.5,10,0.0,12,282.0,1900.0,282.0,0.0,True,282.0,42.0,3,False,0.0016,0.0,-0.0016,-0.0098,-0.0035,inf
14000,-20,160,0.5,10,0.0,13,282.0,1900.0,282.0,0.0,True,282.0,42.0,3,False,0.0016,0.0,-0.0016,-0.0098,-0.0035,inf
14000,-20,160,0.5,10,0.0,14,282.0,1887.5,282.0243,0.0243,True,282.0,58.0,4,False,0.002,-0.0243,-0.0057,-0.0341,-0.0121,inf
14000,-20,160,0.5,10,0.0,15,282.0,1875.0,282.0896,0.0896,True,282.0,74.0,5,False,0.0028,-0.0896,-0.016,-0.0957,-0.0339,inf
14000,-20,160,0.5,10,0.0,16,282.0,1900.0,282.0,0.0,True,282.0,42.0,3,False,0.0016,0.0,-0.0016,-0.0098,-0.0035,inf
14000,-20,160,0.5,10,0.0,17,282.0,1887.5,282.0243,0.0243,True,282.0,58.0,4,False,0.002,-0.0243,-0.0057,-0.0341,-0.0121,inf
14000,-20,160,0.5,10,0.0,18,282.0,1887.5,282.0243,0.0243,True,282.0,58.0,4,False,0.002,-0.0243,-0.0057,-0.0341,-0.0121,inf
14000,-20,160,0.5,10,0.0,19,282.0,1887.5,282.0243,0.0243,True,282.0,58.0,4,False,0.002,-0.0243,-0.0057,-0.0341,-0.0121,inf
14000,-20,160,0.5,10,0.0,20,282.0,1887.5,282.0243,0.0243,True,282.0,58.0,4,False,0.002,-0.0243,-0.0057,-0.0341,-0.0121,inf
14000,-20,160,0.5,10,0.0,21,282.0,1875.0,282.0896,0.0896,True,282.0,74.0,5,False,0.0028,-0.0896,-0.016,-0.0957,-0.0339,inf
14000,-20,160,0.5,10,0.0,22,282.0,1887.5,282.0243,0.0243,True,282.0,58.0,4,False,0.002,-0.0243,-0.0057,-0.0341,-0.0121,inf
14000,-20,160,0.5,10,0.0,23,282.0,1900.0,282.0,0.0,True,282.0,42.0,3,False,0.0016,0.0,-0.0016,-0.0098,-0.0035,inf
14000,-20,160,0.5,10,0.0,24,282.0,1900.0,282.0,0.0,True,282.0,42.0,3,False,0.0016,0.0,-0.0016,-0.0098,-0.0035,inf
14000,-20,160,0.5,10,0.0,25,282.0,1900.0,282.0,0.0,True,282.0,90.0,6,False,0.008,0.0,-0.008,-0.048,-0.017,inf
14000,-20,160,0.5,10,0.0,26,282.0,1887.5,282.0243,0.0243,True,282.0,58.0,4,False,0.002,-0.0243,-0.0057,-0.0341,-0.0121,inf
14000,-20,160,0.5,10,0.0,27,282.0,1900.0,282.0,0.0,True,282.0,42.0,3,False,0.0016,0.0,-0.0016,-0.0098,-0.0035,inf
14000,-20,160,0.5,10,0.0,28,282.0,1900.0,282.0,0.0,True,282.0,42.0,3,False,0.0016,0.0,-0.0016,-0.0098,-0.0035,inf
14000,-20,160,0.5,10,0.0,29,282.0,1900.0,282.0,0.0,True,282.0,42.0,3,False,0.0016,0.0,-0.0016,-0.0098,-0.0035,inf
14000,-20,160,0.5,10,0.5,0,282.0,1900.0,282.0,0.0,True,282.0,42.0,3,False,0.0016,0.0,-0.0016,-0.0098,-0.0035,inf
14000,-20,160,0.5,10,0.5,1,282.0,1900.0,282.0,0.0,True,282.0,42.0,3,False,0.0016,0.0,-0.0016,-0.0098,-0.0035,inf
14000,-20,160,0.5,10,0.5,2,282.0,1900.0,282.0,0.0,True,282.0,42.0,3,False,0.0016,0.0,-0.0016,-0.0098,-0.0035,inf
14000,-20,160,0.5,10,0.5,3,282.0,1900.0,282.0,0.0,True,282.0,42.0,3,False,0.0016,0.0,-0.0016,-0.0098,-0.0035,inf
14000,-20,160,0.5,10,0.5,4,282.0,1900.0,282.0,0.0,True,282.0,42.0,3,False,0.0016,0.0,-0.0016,-0.0098,-0.0035,inf
14000,-20,160,0.5,10,0.5,5,282.0,1900.0,282.0,0.0,True,282.0,42.0,3,False,0.0016,0.0,-0.0016,-0.0098,-0.0035,inf
14000,-20,160,0.5,10,0.5,6,282.0,1900.0,282.0,0.0,True,282.0,42.0,3,False,0.0016,0.0,-0.0016,-0.0098,-0.0035,inf
14000,-20,160,0.5,10,0.5,7,282.0,1900.0,282.0,0.0,True,282.0,42.0,3,False,0.0016,0.0,-0.0016,-0.0098,-0.0035,inf
14000,-20,160,0.5,10,0.5,8,282.0,1900.0,282.0,0.0,True,282.0,42.0,3,False,0.0016,0.0,-0.0016,-0.0098,-0.0035,inf
14000,-20,160,0.5,10,0.5,9,282.0,1900.0,282.0,0.0,True,282.0,42.0,3,False,0.0016,0.0,-0.0016,-0.0098,-0.0035,inf
14000,-20,160,0.5,10,0.5,10,282.0,1900.0,282.0,0.0,True,282.0,42.0,3,False,0.0016,0.0,-0.0016,-0.0098,-0.0035,inf
14000,-20,160,0.5,10,0.5,11,282.0,1900.0,282.0,0.0,True,282.0,42.0,3,False,0.0016,0.0,-0.0016,-0.0098,-0.0035,inf
14000,-20,160,0.5,10,0.5,12,282.0,1900.0,282.0,0.0,True,282.0,42.0,3,False,0.0016,0.0,-0.0016,-0.0098,-0.0035,inf
14000,-20,160,0.5,10,0.5,13,282.0,1900.0,282.0,0.0,True,282.0,42.0,3,False,0.0016,0.0,-0.0016,-0.0098,-0.0035,inf
14000,-20,160,0.5,10,0.5,14,282.0,1900.0,282.0,0.0,True,282.0,42.0,3,False,0.0016,0.0,-0.0016,-0.0098,-0.0035,inf
14000,-20,160,0.5,10,0.5,15,282.0,1900.0,282.0,0.0,True,282.0,42.0,3,False,0.0016,0.0,-0.0016,-0.0098,-0.0035,inf
14000,-20,160,0.5,10,0.5,16,282.0,1900.0,282.0,0.0,True,282.0,42.0,3,False,0.0016,0.0,-0.0016,-0.0098,-0.0035,inf
14000,-20,160,0.5,10,0.5,17,282.0,1900.0,282.0,0.0,True,282.0,42.0,3,False,0.0016,0.0,-0.0016,-0.0098,-0.0035,inf
14000,-20,160,0.5,10,0.5,18,282.0,1900.0,282.0,0.0,True,282.0,42.0,3,False,0.0016,0.0,-0.0016,-0.0098,-0.0035,inf
14000,-20,160,0.5,10,0.5,19,282.0,1900.0,282.0,0.0,True,282.0,42.0,3,False,0.0016,0.0,-0.0016,-0.0098,-0.0035,inf
14000,-20,160,0.5,10,0.5,20,282.0,1900.0,282.0,0.0,True,282.0,42.0,3,False,0.0016,0.0,-0.0016,-0.0098,-0.0035,inf
14000,-20,160,0.5,10,0.5,21,282.0,1900.0,282.0,0.0,True,282.0,42.0,3,False,0.0016,0.0,-0.0016,-0.0098,-0.0035,inf
14000,-20,160,0.5,10,0.5,22,282.0,1900.0,282.0,0.0,True,282.0,42.0,3,False,0.0016,0.0,-0.0016,-0.0098,-0.0035,inf
14000,-20,160,0.5,10,0.5,23,282.0,1900.0,282.0,0.0,True,282.0,42.0,3,False,0.0016,0.0,-0.0016,-0.0098,-0.0035,inf
14000,-20,160,0.5,10,0.5,24,282.0,1900.0,282.0,0.0,True,282.0,42.0,3,False,0.0016,0.0,-0.0016,-0.0098,-0.0035,inf
14000,-20,160,0.5,10,0.5,25,282.0,1900.0,282.0,0.0,True,282.0,42.0,3,False,0.0016,0.0,-0.0016,-0.0098,-0.0035,inf
14000,-20,160,0.5,10,0.5,26,282.0,1900.0,282.0,0.0,True,282.0,42.0,3,False,0.0016,0.0,-0.0016,-0.0098,-0.0035,inf
14000,-20,160,0.5,10,0.5,27,282.0,1900.0,282.0,0.0,True,282.0,42.0,3,False,0.0016,0.0,-0.0016,-0.0098,-0.0035,inf
14000,-20,160,0.5,10,0.5,28,282.0,1900.0,282.0,0.0,True,282.0,42.0,3,False,0.0016,0.0,-0.0016,-0.0098,-0.0035,inf
14000,-20,160,0.5,10,0.5,29,282.0,1900.0,282.0,0.0,True,282.0,42.0,3,False,0.0016,0.0,-0.0016,-0.0098,-0.0035,inf
14000,-20,160,1.0,2,0.0,0,282.0,1850.0,282.3434,0.3434,True,282.0,34.0,5,False,0.0048,-0.3434,-0.0589,-0.3536,-0.1254,inf
14000,-20,160,1.0,2,0.0,1,282.0,1850.0,282.3434,0.3434,True,282.0,34.0,5,False,0.0048,-0.3434,-0.0589,-0.3536,-0.1254,inf
14000,-20,160,1.0,2,0.0,2,282.0,1900.0,282.0,0.0,True,282.0,18.0,3,False,0.0008,0.0,-0.0008,-0.0049,-0.0017,inf
14000,-20,160,1.0,2,0.0,3,282.0,1887.5,282.0243,0.0243,True,282.0,26.0,4,False,0.001,-0.0243,-0.0049,-0.0293,-0.0104,inf
14000,-20,160,1.0,2,0.0,4,282.0,1900.0,282.0,0.0,True,282.0,18.0,3,False,0.0008,0.0,-0.0008,-0.0049,-0.0017,inf
14000,-20,160,1.0,2,0.0,5,282.0,1900.0,282.0,0.0,True,282.0,18.0,3,False,0.0008,0.0,-0.0008,-0.0049,-0.0017,inf
14000,-20,160,1.0,2,0.0,6,282.0,1887.5,282.0243,0.0243,True,282.0,26.0,4,False,0.001,-0.0243,-0.0049,-0.0293,-0.0104,inf
14000,-20,160,1.0,2,0.0,7,282.0,1850.0,282.3434,0.3434,True,282.0,34.0,5,False,0.0048,-0.3434,-0.0589,-0.3536,-0.1254,inf
14000,-20,160,1.0,2,0.0,8,282.0,1887.5,282.0243,0.0243,True,282.0,26.0,4,False,0.001,-0.0243,-0.0049,-0.0293,-0.0104,inf
14000,-20,160,1.0,2,0.0,9,282.0,1875.0,282.0896,0.0896,True,282.0,34.0,5,False,0.0013,-0.0896,-0.0155,-0.093,-0.033,inf
14000,-20,160,1.0,2,0.0,10,282.0,1875.0,282.0896,0.0896,True,282.0,34.0,5,False,0.0013,-0.0896,-0.0155,-0.093,-0.033,inf
14000,-20,160,1.0,2,0.0,11,282.0,1900.0,282.0,0.0,True,282.0,18.0,3,False,0.0008,0.0,-0.0008,-0.0049,-0.0017,inf
14000,-20,160,1.0,2,0.0,12,282.0,1900.0,282.0,0.0,True,282.0,18.0,3,False,0.0008,0.0,-0.0008,-0.0049,-0.0017,inf
14000,-20,160,1.0,2,0.0,13,282.0,1887.5,282.0243,0.0243,True,282.0,26.0,4,False,0.001,-0.0243,-0.0049,-0.0293,-0.0104,inf
14000,-20,160,1.0,2,0.0,14,282.0,1900.0,282.0,0.0,True,282.0,18.0,3,False,0.0008,0.0,-0.0008,-0.0049,-0.0017,inf
14000,-20,160,1.0,2,0.0,15,282.0,1900.0,282.0,0.0,True,282.0,18.0,3,False,0.0008,0.0,-0.0008,-0.0049,-0.0017,inf
14000,-20,160,1.0,2,0.0,16,282.0,1875.0,282.0896,0.0896,True,282.0,42.0,6,False,0.0043,-0.0896,-0.0182,-0.1094,-0.0388,inf
14000,-20,160,1.0,2,0.0,17,282.0,1887.5,282.0243,0.0243,True,282.0,26.0,4,False,0.001,-0.0243,-0.0049,-0.0293,-0.0104,inf
14000,-20,160,1.0,2,0.0,18,282.0,1887.5,282.0243,0.0243,True,282.0,26.0,4,False,0.001,-0.0243,-0.0049,-0.0293,-0.0104,inf
14000,-20,160,1.0,2,0.0,19,282.0,1850.0,282.3434,0.3434,True,282.0,34.0,5,False,0.0048,-0.3434,-0.0589,-0.3536,-0.1254,inf
14000,-20,160,1.0,2,0.0,20,282.0,1887.5,282.0243,0.0243,True,282.0,26.0,4,False,0.001,-0.0243,-0.0049,-0.0293,-0.0104,inf
14000,-20,160,1.0,2,0.0,21,282.0,1875.0,282.0896,0.0896,True,282.0,42.0,6,False,0.0043,-0.0896,-0.0182,-0.1094,-0.0388,inf
14000,-20,160,1.0,2,0.0,22,282.0,1900.0,282.0,0.0,True,282.0,18.0,3,False,0.0008,0.0,-0.0008,-0.0049,-0.0017,inf
14000,-20,160,1.0,2,0.0,23,282.0,1887.5,282.0243,0.0243,True,282.0,26.0,4,False,0.001,-0.0243,-0.0049,-0.0293,-0.0104,inf
14000,-20,160,1.0,2,0.0,24,282.0,1862.5,282.196,0.196,True,282.0,50.0,7,False,0.005,-0.196,-0.035,-0.2099,-0.0744,inf
14000,-20,160,1.0,2,0.0,25,282.0,1862.5,282.196,0.196,True,282.0,42.0,6,False,0.002,-0.196,-0.0325,-0.195,-0.0691,inf
14000,-20,160,1.0,2,0.0,26,282.0,1900.0,282.0,0.0,True,282.0,18.0,3,False,0.0008,0.0,-0.0008,-0.0049,-0.0017,inf
14000,-20,160,1.0,2,0.0,27,282.0,1875.0,282.0896,0.0896,True,282.0,42.0,6,False,0.0043,-0.0896,-0.0182,-0.1094,-0.0388,inf
14000,-20,160,1.0,2,0.0,28,282.0,1850.0,282.3434,0.3434,True,282.0,34.0,5,False,0.0048,-0.3434,-0.0589,-0.3536,-0.1254,inf
14000,-20,160,1.0,2,0.0,29,282.0,1887.5,282.0243,0.0243,True,282.0,26.0,4,False,0.001,-0.0243,-0.0049,-0.0293,-0.0104,inf
14000,-20,160,1.0,2,0.5,0,282.0,1850.0,282.3434,0.3434,True,282.0,34.0,5,False,0.0048,-0.3434,-0.0589,-0.3536,-0.1254,inf
14000,-20,160,1.0,2,0.5,1,282.0,1887.5,282.0243,0.0243,True,282.0,26.0,4,False,0.001,-0.0243,-0.0049,-0.0293,-0.0104,inf
14000,-20,160,1.0,2,0.5,2,282.0,1900.0,282.0,0.0,True,282.0,18.0,3,False,0.0008,0.0,-0.0008,-0.0049,-0.0017,inf
14000,-20,160,1.0,2,0.5,3,282.0,1900.0,282.0,0.0,True,282.0,18.0,3,False,0.0008,0.0,-0.0008,-0.0049,-0.0017,inf
14000,-20,160,1.0,2,0.5,4,282.0,1900.0,282.0,0.0,True,282.0,18.0,3,False,0.0008,0.0,-0.0008,-0.0049,-0.0017,inf
14000,-20,160,1.0,2,0.5,5,282.0,1900.0,282.0,0.0,True,282.0,18.0,3,False,0.0008,0.0,-0.0008,-0.0049,-0.0017,inf
14000,-20,160,1.0,2,0.5,6,282.0,1887.5,282.0243,0.0243,True,282.0,26.0,4,False,0.001,-0.0243,-0.0049,-0.0293,-0.0104,inf
14000,-20,160,1.0,2,0.5,7,282.0,1850.0,282.3434,0.3434,True,282.0,34.0,5,False,0.0048,-0.3434,-0.0589,-0.3536,-0.1254,inf
14000,-20,160,1.0,2,0.5,8,282.0,1900.0,282.0,0.0,True,282.0,18.0,3,False,0.0008,0.0,-0.0008,-0.0049,-0.0017,inf
14000,-20,160,1.0,2,0.5,9,282.0,1900.0,282.0,0.0,True,282.0,18.0,3,False,0.0008,0.0,-0.0008,-0.0049,-0.0017,inf
14000,-20,160,1.0,2,0.5,10,282.0,1900.0,282.0,0.0,True,282.0,18.0,3,False,0.0008,0.0,-0.0008,-0.0049,-0.0017,inf
14000,-20,160,1.0,2,0.5,11,282.0,1900.0,282.0,0.0,True,282.0,18.0,3,False,0.0008,0.0,-0.0008,-0.0049,-0.0017,inf
14000,-20,160,1.0,2,0.5,12,282.0,1900.0,282.0,0.0,True,282.0,18.0,3,False,0.0008,0.0,-0.0008,-0.0049,-0.0017,inf
14000,-20,160,1.0,2,0.5,13,282.0,1887.5,282.0243,0.0243,True,282.0,26.0,4,False,0.001,-0.0243,-0.0049,-0.0293,-0.0104,inf
14000,-20,160,1.0,2,0.5,14,282.0,1900.0,282.0,0.0,True,282.0,18.0,3,False,0.0008,0.0,-0.0008,-0.0049,-0.0017,inf
14000,-20,160,1.0,2,0.5,15,282.0,1900.0,282.0,0.0,True,282.0,18.0,3,False,0.0008,0.0,-0.0008,-0.0049,-0.0017,inf
14000,-20,160,1.0,2,0.5,16,282.0,1887.5,282.0243,0.0243,True,282.0,26.0,4,False,0.001,-0.0243,-0.0049,-0.0293,-0.0104,inf
14000,-20,160,1.0,2,0.5,17,282.0,1887.5,282.0243,0.0243,True,282.0,26.0,4,False,0.001,-0.0243,-0.0049,-0.0293,-0.0104,inf
14000,-20,160,1.0,2,0.5,18,282.0,1887.5,282.0243,0.0243,True,282.0,26.0,4,False,0.001,-0.0243,-0.0049,-0.0293,-0.0104,inf
14000,-20,160,1.0,2,0.5,19,282.0,1850.0,282.3434,0.3434,True,282.0,34.0,5,False,0.0048,-0.3434,-0.0589,-0.3536,-0.1254,inf
14000,-20,160,1.0,2,0.5,20,282.0,1887.5,282.0243,0.0243,True,282.0,26.0,4,False,0.001,-0.0243,-0.0049,-0.0293,-0.0104,inf
14000,-20,160,1.0,2,0.5,21,282.0,1850.0,282.3434,0.3434,True,282.0,34.0,5,False,0.0048,-0.3434,-0.0589,-0.3536,-0.1254,inf
14000,-20,160,1.0,2,0.5,22,282.0,1900.0,282.0,0.0,True,282.0,18.0,3,False,0.0008,0.0,-0.0008,-0.0049,-0.0017,inf
14000,-20,160,1.0,2,0.5,23,282.0,1900.0,282.0,0.0,True,282.0,18.0,3,False,0.0008,0.0,-0.0008,-0.0049,-0.0017,inf
14000,-20,160,1.0,2,0.5,24,282.0,1900.0,282.0,0.0,True,282.0,18.0,3,False,0.0008,0.0,-0.0008,-0.0049,-0.0017,inf
14000,-20,160,1.0,2,0.5,25,282.0,1900.0,282.0,0.0,True,282.0,18.0,3,False,0.0008,0.0,-0.0008,-0.0049,-0.0017,inf
14000,-20,160,1.0,2,0.5,26,282.0,1900.0,282.0,0.0,True,282.0,18.0,3,False,0.0008,0.0,-0.0008,-0.0049,-0.0017,inf
14000,-20,160,1.0,2,0.5,27,282.0,1875.0,282.0896,0.0896,True,282.0,42.0,6,False,0.0043,-0.0896,-0.0182,-0.1094,-0.0388,inf
14000,-20,160,1.0,2,0.5,28,282.0,1887.5,282.0243,0.0243,True,282.0,26.0,4,False,0.001,-0.0243,-0.0049,-0.0293,-0.0104,inf
14000,-20,160,1.0,2,0.5,29,282.0,1887.5,282.0243,0.0243,True,282.0,26.0,4,False,0.001,-0.0243,-0.0049,-0.0293,-0.0104,inf
14000,-20,160,1.0,5,0.0,0,282.0,1900.0,282.0,0.0,True,282.0,27.0,3,False,0.0011,0.0,-0.0011,-0.0067,-0.0024,inf
14000,-20,160,1.0,5,0.0,1,282.0,1900.0,282.0,0.0,True,282.0,27.0,3,False,0.0011,0.0,-0.0011,-0.0067,-0.0024,inf
14000,-20,160,1.0,5,0.0,2,282.0,1900.0,282.0,0.0,True,282.0,27.0,3,False,0.0011,0.0,-0.0011,-0.0067,-0.0024,inf
14000,-20,160,1.0,5,0.0,3,282.0,1887.5,282.0243,0.0243,True,282.0,38.0,4,False,0.0013,-0.0243,-0.0052,-0.0311,-0.011,inf
14000,-20,160,1.0,5,0.0,4,282.0,1900.0,282.0,0.0,True,282.0,27.0,3,False,0.0011,0.0,-0.0011,-0.0067,-0.0024,inf
14000,-20,160,1.0,5,0.0,5,282.0,1900.0,282.0,0.0,True,282.0,27.0,3,False,0.0011,0.0,-0.0011,-0.0067,-0.0024,inf
14000,-20,160,1.0,5,0.0,6,282.0,1900.0,282.0,0.0,True,282.0,27.0,3,False,0.0011,0.0,-0.0011,-0.0067,-0.0024,inf
14000,-20,160,1.0,5,0.0,7,282.0,1850.0,282.3434,0.3434,True,282.0,49.0,5,False,0.0068,-0.3434,-0.0594,-0.3566,-0.1265,inf
14000,-20,160,1.0,5,0.0,8,282.0,1900.0,282.0,0.0,True,282.0,27.0,3,False,0.0011,0.0,-0.0011,-0.0067,-0.0024,inf
14000,-20,160,1.0,5,0.0,9,282.0,1850.0,282.3434,0.3434,True,282.0,49.0,5,False,0.0068,-0.3434,-0.0594,-0.3566,-0.1265,inf
14000,-20,160,1.0,5,0.0,10,282.0,1875.0,282.0896,0.0896,True,282.0,60.0,6,False,0.0059,-0.0896,-0.0194,-0.1166,-0.0413,inf
14000,-20,160,1.0,5,0.0,11,282.0,1875.0,282.0896,0.0896,True,282.0,60.0,6,False,0.0059,-0.0896,-0.0194,-0.1166,-0.0413,inf
14000,-20,160,1.0,5,0.0,12,282.0,1900.0,282.0,0.0,True,282.0,27.0,3,False,0.0011,0.0,-0.0011,-0.0067,-0.0024,inf
14000,-20,160,1.0,5,0.0,13,282.0,1850.0,282.3434,0.3434,True,282.0,49.0,5,False,0.0068,-0.3434,-0.0594,-0.3566,-0.1265,inf
14000,-20,160,1.0,5,0.0,14,282.0,1900.0,282.0,0.0,True,282.0,27.0,3,False,0.0011,0.0,-0.0011,-0.0067,-0.0024,inf
14000,-20,160,1.0,5,0.0,15,282.0,1850.0,282.3434,0.3434,True,282.0,49.0,5,False,0.0068,-0.3434,-0.0594,-0.3566,-0.1265,inf
14000,-20,160,1.0,5,0.0,16,282.0,1850.0,282.3434,0.3434,True,282.0,49.0,5,False,0.0068,-0.3434,-0.0594,-0.3566,-0.1265,inf
14000,-20,160,1.0,5,0.0,17,282.0,1875.0,282.0896,0.0896,True,282.0,49.0,5,False,0.0019,-0.0896,-0.0157,-0.094,-0.0333,inf
14000,-20,160,1.0,5,0.0,18,282.0,1900.0,282.0,0.0,True,282.0,27.0,3,False,0.0011,0.0,-0.0011,-0.0067,-0.0024,inf
14000,-20,160,1.0,5,0.0,19,282.0,1850.0,282.3434,0.3434,True,282.0,82.0,8,False,0.0084,-0.3434,-0.0579,-0.3476,-0.1233,inf
14000,-20,160,1.0,5,0.0,20,282.0,1850.0,282.3434,0.3434,True,282.0,49.0,5,False,0.0068,-0.3434,-0.0594,-0.3566,-0.1265,inf
14000,-20,160,1.0,5,0.0,21,282.0,1900.0,282.0,0.0,True,282.0,60.0,6,False,0.0055,0.0,-0.0055,-0.033,-0.0117,inf
14000,-20,160,1.0,5,0.0,22,282.0,1900.0,282.0,0.0,True,282.0,27.0,3,False,0.0011,0.0,-0.0011,-0.0067,-0.0024,inf
14000,-20,160,1.0,5,0.0,23,282.0,1900.0,282.0,0.0,True,282.0,27.0,3,False,0.0011,0.0,-0.0011,-0.0067,-0.0024,inf
14000,-20,160,1.0,5,0.0,24,282.0,1900.0,282.0,0.0,True,282.0,27.0,3,False,0.0011,0.0,-0.0011,-0.0067,-0.0024,inf
14000,-20,160,1.0,5,0.0,25,282.0,1850.0,282.3434,0.3434,True,282.0,49.0,5,False,0.0068,-0.3434,-0.0594,-0.3566,-0.1265,inf
14000,-20,160,1.0,5,0.0,26,282.0,1875.0,282.0896,0.0896,True,282.0,49.0,5,False,0.0019,-0.0896,-0.0157,-0.094,-0.0333,inf
14000,-20,160,1.0,5,0.0,27,282.0,1887.5,282.0243,0.0243,True,282.0,38.0,4,False,0.0013,-0.0243,-0.0052,-0.0311,-0.011,inf
14000,-20,160,1.0,5,0.0,28,282.0,1900.0,282.0,0.0,True,282.0,27.0,3,False,0.0011,0.0,-0.0011,-0.0067,-0.0024,inf
14000,-20,160,1.0,5,0.0,29,282.0,1887.5,282.0243,0.0243,True,282.0,38.0,4,False,0.0013,-0.0243,-0.0052,-0.0311,-0.011,inf
14000,-20,160,1.0,5,0.5,0,282.0,1900.0,282.0,0.0,True,282.0,27.0,3,False,0.0011,0.0,-0.0011,-0.0067,-0.0024,inf
14000,-20,160,1.0,5,0.5,1,282.0,1900.0,282.0,0.0,True,282.0,27.0,3,False,0.0011,0.0,-0.0011,-0.0067,-0.0024,inf
14000,-20,160,1.0,5,0.5,2,282.0,1900.0,282.0,0.0,True,282.0,27.0,3,False,0.0011,0.0,-0.0011,-0.0067,-0.0024,inf
14000,-20,160,1.0,5,0.5,3,282.0,1900.0,282.0,0.0,True,282.0,27.0,3,False,0.0011,0.0,-0.0011,-0.0067,-0.0024,inf
14000,-20,160,1.0,5,0.5,4,282.0,1900.0,282.0,0.0,True,282.0,27.0,3,False,0.0011,0.0,-0.0011,-0.0067,-0.0024,inf
14000,-20,160,1.0,5,0.5,5,282.0,1900.0,282.0,0.0,True,282.0,27.0,3,False,0.0011,0.0,-0.0011,-0.0067,-0.0024,inf
14000,-20,160,1.0,5,0.5,6,282.0,1900.0,282.0,0.0,True,282.0,27.0,3,False,0.0011,0.0,-0.0011,-0.0067,-0.0024,inf
14000,-20,160,1.0,5,0.5,7,282.0,1900.0,282.0,0.0,True,282.0,27.0,3,False,0.0011,0.0,-0.0011,-0.0067,-0.0024,inf
14000,-20,160,1.0,5,0.5,8,282.0,1900.0,282.0,0.0,True,282.0,27.0,3,False,0.0011,0.0,-0.0011,-0.0067,-0.0024,inf
14000,-20,160,1.0,5,0.5,9,282.0,1887.5,282.0243,0.0243,True,282.0,38.0,4,False,0.0013,-0.0243,-0.0052,-0.0311,-0.011,inf
14000,-20,160,1.0,5,0.5,10,282.0,1887.5,282.0243,0.0243,True,282.0,38.0,4,False,0.0013,-0.0243,-0.0052,-0.0311,-0.011,inf
14000,-20,160,1.0,5,0.5,11,282.0,1887.5,282.0243,0.0243,True,282.0,38.0,4,False,0.0013,-0.0243,-0.0052,-0.0311,-0.011,inf
14000,-20,160,1.0,5,0.5,12,282.0,1900.0,282.0,0.0,True,282.0,27.0,3,False,0.0011,0.0,-0.0011,-0.0067,-0.0024,inf
14000,-20,160,1.0,5,0.5,13,282.0,1900.0,282.0,0.0,True,282.0,27.0,3,False,0.0011,0.0,-0.0011,-0.0067,-0.0024,inf
14000,-20,160,1.0,5,0.5,14,282.0,1900.0,282.0,0.0,True,282.0,27.0,3,False,0.0011,0.0,-0.0011,-0.0067,-0.0024,inf
14000,-20,160,1.0,5,0.5,15,282.0,1900.0,282.0,0.0,True,282.0,27.0,3,False,0.0011,0.0,-0.0011,-0.0067,-0.0024,inf
14000,-20,160,1.0,5,0.5,16,282.0,1850.0,282.3434,0.3434,True,282.0,49.0,5,False,0.0068,-0.3434,-0.0594,-0.3566,-0.1265,inf
14000,-20,160,1.0,5,0.5,17,282.0,1900.0,282.0,0.0,True,282.0,27.0,3,False,0.0011,0.0,-0.0011,-0.0067,-0.0024,inf
14000,-20,160,1.0,5,0.5,18,282.0,1900.0,282.0,0.0,True,282.0,27.0,3,False,0.0011,0.0,-0.0011,-0.0067,-0.0024,inf
14000,-20,160,1.0,5,0.5,19,282.0,1900.0,282.0,0.0,True,282.0,27.0,3,False,0.0011,0.0,-0.0011,-0.0067,-0.0024,inf
14000,-20,160,1.0,5,0.5,20,282.0,1900.0,282.0,0.0,True,282.0,27.0,3,False,0.0011,0.0,-0.0011,-0.0067,-0.0024,inf
14000,-20,160,1.0,5,0.5,21,282.0,1887.5,282.0243,0.0243,True,282.0,38.0,4,False,0.0013,-0.0243,-0.0052,-0.0311,-0.011,inf
14000,-20,160,1.0,5,0.5,22,282.0,1900.0,282.0,0.0,True,282.0,27.0,3,False,0.0011,0.0,-0.0011,-0.0067,-0.0024,inf
14000,-20,160,1.0,5,0.5,23,282.0,1900.0,282.0,0.0,True,282.0,27.0,3,False,0.0011,0.0,-0.0011,-0.0067,-0.0024,inf
14000,-20,160,1.0,5,0.5,24,282.0,1900.0,282.0,0.0,True,282.0,27.0,3,False,0.0011,0.0,-0.0011,-0.0067,-0.0024,inf
14000,-20,160,1.0,5,0.5,25,282.0,1900.0,282.0,0.0,True,282.0,27.0,3,False,0.0011,0.0,-0.0011,-0.0067,-0.0024,inf
14000,-20,160,1.0,5,0.5,26,282.0,1900.0,282.0,0.0,True,282.0,27.0,3,False,0.0011,0.0,-0.0011,-0.0067,-0.0024,inf
14000,-20,160,1.0,5,0.5,27,282.0,1887.5,282.0243,0.0243,True,282.0,38.0,4,False,0.0013,-0.0243,-0.0052,-0.0311,-0.011,inf
14000,-20,160,1.0,5,0.5,28,282.0,1900.0,282.0,0.0,True,282.0,27.0,3,False,0.0011,0.0,-0.0011,-0.0067,-0.0024,inf
14000,-20,160,1.0,5,0.5,29,282.0,1900.0,282.0,0.0,True,282.0,27.0,3,False,0.0011,0.0,-0.0011,-0.0067,-0.0024,inf
14000,-20,160,1.0,10,0.0,0,282.0,1887.5,282.0243,0.0243,True,282.0,58.0,4,False,0.002,-0.0243,-0.0057,-0.0341,-0.0121,inf
14000,-20,160,1.0,10,0.0,1,282.0,1900.0,282.0,0.0,True,282.0,42.0,3,False,0.0016,0.0,-0.0016,-0.0098,-0.0035,inf
14000,-20,160,1.0,10,0.0,2,282.0,1900.0,282.0,0.0,True,282.0,42.0,3,False,0.0016,0.0,-0.0016,-0.0098,-0.0035,inf
14000,-20,160,1.0,10,0.0,3,282.0,1900.0,282.0,0.0,True,282.0,42.0,3,False,0.0016,0.0,-0.0016,-0.0098,-0.0035,inf
14000,-20,160,1.0,10,0.0,4,282.0,1900.0,282.0,0.0,True,282.0,42.0,3,False,0.0016,0.0,-0.0016,-0.0098,-0.0035,inf
14000,-20,160,1.0,10,0.0,5,282.0,1900.0,282.0,0.0,True,282.0,42.0,3,False,0.0016,0.0,-0.0016,-0.0098,-0.0035,inf
14000,-20,160,1.0,10,0.0,6,282.0,1900.0,282.0,0.0,True,282.0,42.0,3,False,0.0016,0.0,-0.0016,-0.0098,-0.0035,inf
14000,-20,160,1.0,10,0.0,7,282.0,1900.0,282.0,0.0,True,282.0,42.0,3,False,0.0016,0.0,-0.0016,-0.0098,-0.0035,inf
14000,-20,160,1.0,10,0.0,8,282.0,1900.0,282.0,0.0,True,282.0,42.0,3,False,0.0016,0.0,-0.0016,-0.0098,-0.0035,inf
14000,-20,160,1.0,10,0.0,9,282.0,1850.0,282.3434,0.3434,True,282.0,74.0,5,False,0.01,-0.3434,-0.0603,-0.3615,-0.1282,inf
14000,-20,160,1.0,10,0.0,10,282.0,1850.0,282.3434,0.3434,True,282.0,74.0,5,False,0.01,-0.3434,-0.0603,-0.3615,-0.1282,inf
14000,-20,160,1.0,10,0.0,11,282.0,1850.0,282.3434,0.3434,True,282.0,74.0,5,False,0.01,-0.3434,-0.0603,-0.3615,-0.1282,inf
14000,-20,160,1.0,10,0.0,12,282.0,1900.0,282.0,0.0,True,282.0,42.0,3,False,0.0016,0.0,-0.0016,-0.0098,-0.0035,inf
14000,-20,160,1.0,10,0.0,13,282.0,1900.0,282.0,0.0,True,282.0,42.0,3,False,0.0016,0.0,-0.0016,-0.0098,-0.0035,inf
14000,-20,160,1.0,10,0.0,14,282.0,1887.5,282.0243,0.0243,True,282.0,58.0,4,False,0.002,-0.0243,-0.0057,-0.0341,-0.0121,inf
14000,-20,160,1.0,10,0.0,15,282.0,1875.0,282.0896,0.0896,True,282.0,90.0,6,False,0.0087,-0.0896,-0.0214,-0.1285,-0.0456,inf
14000,-20,160,1.0,10,0.0,16,282.0,1900.0,282.0,0.0,True,282.0,42.0,3,False,0.0016,0.0,-0.0016,-0.0098,-0.0035,inf
14000,-20,160,1.0,10,0.0,17,282.0,1850.0,282.3434,0.3434,True,282.0,74.0,5,False,0.01,-0.3434,-0.0603,-0.3615,-0.1282,inf
14000,-20,160,1.0,10,0.0,18,282.0,1887.5,282.0243,0.0243,True,282.0,58.0,4,False,0.002,-0.0243,-0.0057,-0.0341,-0.0121,inf
14000,-20,160,1.0,10,0.0,19,282.0,1887.5,282.0243,0.0243,True,282.0,58.0,4,False,0.002,-0.0243,-0.0057,-0.0341,-0.0121,inf
14000,-20,160,1.0,10,0.0,20,282.0,1887.5,282.0243,0.0243,True,282.0,58.0,4,False,0.002,-0.0243,-0.0057,-0.0341,-0.0121,inf
14000,-20,160,1.0,10,0.0,21,282.0,1875.0,282.0896,0.0896,True,282.0,90.0,6,False,0.0087,-0.0896,-0.0214,-0.1285,-0.0456,inf
14000,-20,160,1.0,10,0.0,22,282.0,1887.5,282.0243,0.0243,True,282.0,58.0,4,False,0.002,-0.0243,-0.0057,-0.0341,-0.0121,inf
14000,-20,160,1.0,10,0.0,23,282.0,1900.0,282.0,0.0,True,282.0,42.0,3,False,0.0016,0.0,-0.0016,-0.0098,-0.0035,inf
14000,-20,160,1.0,10,0.0,24,282.0,1900.0,282.0,0.0,True,282.0,42.0,3,False,0.0016,0.0,-0.0016,-0.0098,-0.0035,inf
14000,-20,160,1.0,10,0.0,25,282.0,1900.0,282.0,0.0,True,282.0,90.0,6,False,0.008,0.0,-0.008,-0.048,-0.017,inf
14000,-20,160,1.0,10,0.0,26,282.0,1900.0,282.0,0.0,True,282.0,90.0,6,False,0.008,0.0,-0.008,-0.048,-0.017,inf
14000,-20,160,1.0,10,0.0,27,282.0,1900.0,282.0,0.0,True,282.0,42.0,3,False,0.0016,0.0,-0.0016,-0.0098,-0.0035,inf
14000,-20,160,1.0,10,0.0,28,282.0,1900.0,282.0,0.0,True,282.0,42.0,3,False,0.0016,0.0,-0.0016,-0.0098,-0.0035,inf
14000,-20,160,1.0,10,0.0,29,282.0,1900.0,282.0,0.0,True,282.0,42.0,3,False,0.0016,0.0,-0.0016,-0.0098,-0.0035,inf
14000,-20,160,1.0,10,0.5,0,282.0,1900.0,282.0,0.0,True,282.0,42.0,3,False,0.0016,0.0,-0.0016,-0.0098,-0.0035,inf
14000,-20,160,1.0,10,0.5,1,282.0,1900.0,282.0,0.0,True,282.0,42.0,3,False,0.0016,0.0,-0.0016,-0.0098,-0.0035,inf
14000,-20,160,1.0,10,0.5,2,282.0,1900.0,282.0,0.0,True,282.0,42.0,3,False,0.0016,0.0,-0.0016,-0.0098,-0.0035,inf
14000,-20,160,1.0,10,0.5,3,282.0,1900.0,282.0,0.0,True,282.0,42.0,3,False,0.0016,0.0,-0.0016,-0.0098,-0.0035,inf
14000,-20,160,1.0,10,0.5,4,282.0,1900.0,282.0,0.0,True,282.0,42.0,3,False,0.0016,0.0,-0.0016,-0.0098,-0.0035,inf
14000,-20,160,1.0,10,0.5,5,282.0,1900.0,282.0,0.0,True,282.0,42.0,3,False,0.0016,0.0,-0.0016,-0.0098,-0.0035,inf
14000,-20,160,1.0,10,0.5,6,282.0,1900.0,282.0,0.0,True,282.0,42.0,3,False,0.0016,0.0,-0.0016,-0.0098,-0.0035,inf
14000,-20,160,1.0,10,0.5,7,282.0,1900.0,282.0,0.0,True,282.0,42.0,3,False,0.0016,0.0,-0.0016,-0.0098,-0.0035,inf
14000,-20,160,1.0,10,0.5,8,282.0,1900.0,282.0,0.0,True,282.0,42.0,3,False,0.0016,0.0,-0.0016,-0.0098,-0.0035,inf
14000,-20,160,1.0,10,0.5,9,282.0,1900.0,282.0,0.0,True,282.0,42.0,3,False,0.0016,0.0,-0.0016,-0.0098,-0.0035,inf
14000,-20,160,1.0,10,0.5,10,282.0,1900.0,282.0,0.0,True,282.0,42.0,3,False,0.0016,0.0,-0.0016,-0.0098,-0.0035,inf
14000,-20,160,1.0,10,0.5,11,282.0,1900.0,282.0,0.0,True,282.0,42.0,3,False,0.0016,0.0,-0.0016,-0.0098,-0.0035,inf
14000,-20,160,1.0,10,0.5,12,282.0,1900.0,282.0,0.0,True,282.0,42.0,3,False,0.0016,0.0,-0.0016,-0.0098,-0.0035,inf
14000,-20,160,1.0,10,0.5,13,282.0,1900.0,282.0,0.0,True,282.0,42.0,3,False,0.0016,0.0,-0.0016,-0.0098,-0.0035,inf
14000,-20,160,1.0,10,0.5,14,282.0,1887.5,282.0243,0.0243,True,282.0,58.0,4,False,0.002,-0.0243,-0.0057,-0.0341,-0.0121,inf
14000,-20,160,1.0,10,0.5,15,282.0,1900.0,282.0,0.0,True,282.0,42.0,3,False,0.0016,0.0,-0.0016,-0.0098,-0.0035,inf
14000,-20,160,1.0,10,0.5,16,282.0,1900.0,282.0,0.0,True,282.0,42.0,3,False,0.0016,0.0,-0.0016,-0.0098,-0.0035,inf
14000,-20,160,1.0,10,0.5,17,282.0,1900.0,282.0,0.0,True,282.0,42.0,3,False,0.0016,0.0,-0.0016,-0.0098,-0.0035,inf
14000,-20,160,1.0,10,0.5,18,282.0,1900.0,282.0,0.0,True,282.0,42.0,3,False,0.0016,0.0,-0.0016,-0.0098,-0.0035,inf
14000,-20,160,1.0,10,0.5,19,282.0,1900.0,282.0,0.0,True,282.0,42.0,3,False,0.0016,0.0,-0.0016,-0.0098,-0.0035,inf
14000,-20,160,1.0,10,0.5,20,282.0,1900.0,282.0,0.0,True,282.0,42.0,3,False,0.0016,0.0,-0.0016,-0.0098,-0.0035,inf
14000,-20,160,1.0,10,0.5,21,282.0,1900.0,282.0,0.0,True,282.0,42.0,3,False,0.0016,0.0,-0.0016,-0.0098,-0.0035,inf
14000,-20,160,1.0,10,0.5,22,282.0,1900.0,282.0,0.0,True,282.0,42.0,3,False,0.0016,0.0,-0.0016,-0.0098,-0.0035,inf
14000,-20,160,1.0,10,0.5,23,282.0,1900.0,282.0,0.0,True,282.0,42.0,3,False,0.0016,0.0,-0.0016,-0.0098,-0.0035,inf
14000,-20,160,1.0,10,0.5,24,282.0,1900.0,282.0,0.0,True,282.0,42.0,3,False,0.0016,0.0,-0.0016,-0.0098,-0.0035,inf
14000,-20,160,1.0,10,0.5,25,282.0,1900.0,282.0,0.0,True,282.0,42.0,3,False,0.0016,0.0,-0.0016,-0.0098,-0.0035,inf
14000,-20,160,1.0,10,0.5,26,282.0,1887.5,282.0243,0.0243,True,282.0,58.0,4,False,0.002,-0.0243,-0.0057,-0.0341,-0.0121,inf
14000,-20,160,1.0,10,0.5,27,282.0,1900.0,282.0,0.0,True,282.0,42.0,3,False,0.0016,0.0,-0.0016,-0.0098,-0.0035,inf
14000,-20,160,1.0,10,0.5,28,282.0,1900.0,282.0,0.0,True,282.0,42.0,3,False,0.0016,0.0,-0.0016,-0.0098,-0.0035,inf
14000,-20,160,1.0,10,0.5,29,282.0,1900.0,282.0,0.0,True,282.0,42.0,3,False,0.0016,0.0,-0.0016,-0.0098,-0.0035,inf
